month,snb_target_lower,snb_target_upper,libor_3m_chf,snb_policy_rate,confederation_5y,confederation_8y,confederation_10y,confederation_bonds,cantons,mortgage_bond_institutions,commercial_banks,other_banks,AAA,AA,A,workers_short_time,registered_unemployed_total,registered_unemployed_sa,jobless_rate_total,jobless_rate_sa,job_vacancies_total,job_vacancies_sa,registered_job_seekers,labour_force,snb_core_inflation_trimmed_mean1,sfso_core_inflation_12,sfso_core_inflation_23,sfso_inflation_according_to_the_national_consumer_price_index,apartments_fso,apartments_fahrländer,apartments_iazi,apartments_wuest_asking,apartments_wuest_transaction,houses_fso,houses_fahrländer,houses_iazi,houses_wuest_asking,houses_wuest_transaction,apartment_buildings_fahrländer,apartment_buildings_iazi,apartment_buildings_wuest_transaction,single_family_houses_wuest_asking,commercial_office_wuest_asking,commercial_retail_wuest_asking,commercial_industrial_wuest_asking,agriculture_forestry_fishing,mining_quarrying,manufacturing_total,manufacturing_chemicals_pharmaceuticals,manufacturing_other,electricity_gas_steam,water_waste,construction,trade_total,retail_trade,transportation_storage,accommodation_food,information_communication,financial_insurance_total,financial_activities,insurance_activities,real_estate_professional_technical,public_administration,education,health_social_work,arts_entertainment_recreation,other_service_activities,households_as_employers,taxes_products,subsidies_products,gdp
2000-01-01,1.25,2.25,1.842857142857143,NA,3.1516,3.519,3.7236,3.519,NA,3.745,NA,NA,NA,NA,NA,4722,92631,79569.59757244233,2.346878176472794,2.015957423038589,12076,17065.9248535575,152261,3946988,1.039908,NA,NA,1.6,NA,NA,NA,NA,NA,NA,NA,NA,NA,NA,NA,NA,NA,NA,NA,NA,NA,1282.41332910947,202.02416279489,19819.0385568865,2409.26330324554,19630.0159462654,4216.12273397672,398.717085516816,7022.91095605647,15939.5175330951,4482.05092397506,5931.88584345809,3857.80699038233,5141.0920525688,11072.2307098839,6545.78930991198,3132.93348200484,24687.1365269834,9151.30803351806,6595.89657240363,7063.10114652775,884.824767046292,1959.18837909394,440.086715580284,6630.31501190601,-2482.19585900488,127034.100262115
2000-02-01,1.7023809523809523,2.7023809523809526,2.3392861904761904,NA,3.3343809523809522,3.573714285714286,3.7325238095238094,3.573714285714286,NA,3.8562,NA,NA,NA,NA,NA,2832,88702,77363.43409345418,2.2473339163939694,1.9600625614634293,14394,17170.8177016367,148127,3946988,0.966604,NA,NA,1.6,NA,NA,NA,NA,NA,NA,NA,NA,NA,NA,NA,NA,NA,NA,NA,NA,NA,NA,NA,NA,NA,NA,NA,NA,NA,NA,NA,NA,NA,NA,NA,NA,NA,NA,NA,NA,NA,NA,NA,NA,NA,NA,NA
2000-03-01,1.9782608695652173,2.9782608695652173,2.586594347826087,NA,3.4919565217391306,3.7617391304347825,3.919739130434783,3.7617391304347825,NA,4.0436,NA,NA,NA,NA,NA,1864,81548,74968.26617114025,2.0660817818549235,1.8993791258331731,15008,17302.6922664842,140225,3946988,0.917642,NA,NA,1.5,NA,NA,NA,NA,NA,NA,NA,NA,NA,NA,NA,NA,NA,NA,NA,NA,NA,NA,NA,NA,NA,NA,NA,NA,NA,NA,NA,NA,NA,NA,NA,NA,NA,NA,NA,NA,NA,NA,NA,NA,NA,NA,NA
2000-04-01,2.5,3.5,2.9253705555555554,NA,3.6382777777777777,3.8113888888888887,3.9325555555555556,3.8113888888888887,NA,4.1756,NA,NA,NA,NA,NA,1392,75642,73538.73788760128,1.9164486945488561,1.8631609188475182,14505,17408.5491874979,132761,3946988,0.921364,NA,NA,1.4,NA,101.68358236710861,102.43306525501374,100.42294116556975,99.4901553297268,NA,99.88860084425524,103.395421032208,101.63801098675273,100.115031808501,NA,86.37330901352789,NA,99.94632102352286,101.78320305591436,103.23935504516865,99.0039595511144,1289.52844423629,195.495051866058,19663.4254906245,2368.95243423696,19521.0747296931,4287.55276335829,395.698697090273,6911.16066999659,16091.8369228509,4515.57006267593,5961.9815833093,3964.43897529555,5398.00822663444,10883.031812552,6258.08681877488,3184.53099150365,24621.080654365,9212.87279721539,6546.13360333168,7193.36473040566,904.433912965572,1962.51750087006,441.1729806678,6672.44655591391,-2490.26818425577,127272.046557513
2000-05-01,2.5,3.5,3.127953636363636,NA,3.8525,4.012363636363636,4.122045454545455,4.012363636363636,NA,4.349666666666667,NA,NA,NA,NA,NA,813,69788,71615.65036797879,1.7681330675441629,1.8144380060942364,15724,17447.5316036177,125283,3946988,1.07509,NA,NA,1.6,NA,101.82176241836149,103.42647274338204,101.13080313207703,99.40208751769077,NA,100.35214699231598,103.03402457069512,101.88048082209586,100.53333243761803,NA,86.59629624061908,NA,100.20244400192165,102.53006931459099,103.55089879583895,99.28217254360504,NA,NA,NA,NA,NA,NA,NA,NA,NA,NA,NA,NA,NA,NA,NA,NA,NA,NA,NA,NA,NA,NA,NA,NA,NA,NA
2000-06-01,2.772727272727273,3.772727272727273,3.3320835,NA,3.8342,3.94025,4.0293,3.94025,NA,4.3536,NA,NA,NA,NA,NA,1529,65962,71098.52104467995,1.67119839229306,1.8013361338995697,15620,17446.2580842303,119828,3946988,1.067321,NA,NA,1.8,NA,101.9645484713228,104.45299381469594,101.86226049746789,99.31108411192022,NA,100.8311446786454,102.66058156046516,102.13103298528378,100.96557642103897,NA,86.82671637527999,NA,100.46710441293374,103.3018311152235,103.87282733819826,99.56965930251204,NA,NA,NA,NA,NA,NA,NA,NA,NA,NA,NA,NA,NA,NA,NA,NA,NA,NA,NA,NA,NA,NA,NA,NA,NA,NA
2000-07-01,3,4,3.4280947619047617,NA,3.7523333333333335,3.8382380952380952,3.9142380952380953,3.8382380952380952,NA,4.2088,NA,NA,NA,NA,NA,355,65140,70393.68181305393,1.6503723852213386,1.7834784856972947,13463,17379.7468348607,116250,3946988,1.082322,NA,NA,1.9,NA,102.10272852257567,105.44640130306423,102.57012246397517,99.2230162998842,NA,101.29469082670614,102.29918509895228,102.37350282062691,101.383877050156,NA,87.04970360237118,NA,100.72322739133253,104.04869737390013,104.18437108886856,99.84787229500267,1284.32465505534,195.004320839682,19900.1688919382,2420.72723151057,19706.9899342089,4022.5103314704,397.789033652505,6916.28114030136,16305.2893400034,4562.18341716621,6030.43220107923,3929.63323851272,5476.74761850194,11035.7058605883,6310.11774235327,3228.61005816954,24664.2089025335,9252.21875439468,6530.81380503037,7303.12769296769,894.379563123849,1969.41606278909,442.710097706414,6715.78249578891,-2514.34335609948,128106.393949803
2000-08-01,3,4,3.4382577272727275,NA,3.771272727272727,3.8507272727272728,3.923590909090909,3.8507272727272728,NA,4.1484000000000005,NA,NA,NA,NA,NA,207,63708,68926.2104836922,1.6140915553834976,1.7462989622388565,13071,17278.2562480198,112612,3946988,0.84159,NA,NA,1.1,NA,101.35107487138698,106.17705119750009,102.40016500747426,97.77602373800781,NA,101.0137018064937,101.877499114238,102.35635166124283,101.30534333139282,NA,87.45175690768386,NA,100.93939623709744,104.52868765313464,102.15763903368698,101.23732257903252,NA,NA,NA,NA,NA,NA,NA,NA,NA,NA,NA,NA,NA,NA,NA,NA,NA,NA,NA,NA,NA,NA,NA,NA,NA,NA
2000-09-01,3,4,3.4578571428571427,NA,3.695190476190476,3.809761904761905,3.8887619047619046,3.809761904761905,NA,4.1144,NA,NA,NA,NA,NA,224,62329,67664.51946852221,1.5791535216220571,1.7143330425256478,13059,17231.6883295481,110089,3946988,0.780241,NA,NA,1.4,NA,100.59942122019831,106.90770109193596,102.23020755097335,96.32903117613142,NA,100.73271278628125,101.45581312952372,102.33920050185874,101.22680961262964,NA,87.85381021299655,NA,101.15556508286237,105.00867793236915,100.13090697850538,102.62677286306236,NA,NA,NA,NA,NA,NA,NA,NA,NA,NA,NA,NA,NA,NA,NA,NA,NA,NA,NA,NA,NA,NA,NA,NA,NA,NA
2000-10-01,3,4,3.5265145454545452,NA,3.6330454545454547,3.7778636363636364,3.8711818181818183,3.7778636363636364,NA,4.1321666666666665,NA,NA,NA,NA,NA,900,62953,65736.21058572092,1.5949630452385466,1.665477842489537,12296,17287.9830773807,109806,3946988,0.808773,NA,NA,1.3,NA,99.87201446098345,107.61478163493841,102.06573259306924,94.9287157936704,NA,100.46078792801114,101.0477299185099,102.3226026056806,101.150809239633,NA,88.24289405684753,NA,101.36476074005422,105.473184654209,98.16955337671675,103.97140217018801,1258.17013751728,200.41697208687,20715.6087185938,2510.27085420792,20534.8949855476,4335.68084140208,395.210093315499,6940.49169788117,16447.769587823,4611.97059562282,5993.5725853253,3894.8339137876,5549.24975675017,11063.4837647989,6286.11813023497,3265.56205592717,24962.2579218661,9322.16115085249,6522.36600696433,7408.334597071,923.381428044298,1966.95464397238,444.829724026301,6784.90717415081,-2551.47483547747,129940.347110816
2000-11-01,3,4,3.5116663636363636,NA,3.6205454545454545,3.752136363636364,3.8395454545454544,3.752136363636364,NA,4.0822,NA,NA,NA,NA,NA,344,65721,63345.70592737003,1.6650924705116914,1.6049125542659373,12159,17351.383746546,112616,3946988,1.377705,NA,NA,1.9,NA,100.33304057334887,106.90814370886429,102.65966704547444,96.19024498008358,NA,101.15127772168964,102.2376035497967,102.3618452945748,101.34109936425158,NA,86.8421096109492,NA,101.55692157737325,106.23496342906562,98.4668465768046,102.0693168371818,NA,NA,NA,NA,NA,NA,NA,NA,NA,NA,NA,NA,NA,NA,NA,NA,NA,NA,NA,NA,NA,NA,NA,NA,NA,NA
2000-12-01,3,4,3.415965263157895,NA,3.421842105263158,3.569315789473684,3.6707894736842106,3.569315789473684,3.75,3.8824,3.906,4.149,3.631,3.802,3.962,443,69724,61438.787170641626,1.7665115779424714,1.556599289651796,10817,17343.6196144719,115732,3946988,1.374322,NA,NA,1.5,NA,100.77919487563797,106.22430055459901,103.23444232199559,97.41107967661243,NA,101.81949365105592,103.38909416071941,102.39982209027886,101.52525109775343,NA,85.48651176007982,NA,101.74288367800456,106.97216869505588,98.7545496736638,100.22858909556288,NA,NA,NA,NA,NA,NA,NA,NA,NA,NA,NA,NA,NA,NA,NA,NA,NA,NA,NA,NA,NA,NA,NA,NA,NA,NA
2001-01-01,3,4,3.401904761904762,NA,3.190142857142857,3.367047619047619,3.495,3.367047619047619,3.6149999999999998,3.6321666666666665,3.7368333333333332,4.004,3.551,3.692833333333333,3.8281666666666667,845,72295,59605.446505389926,1.8316498555354106,1.510150183010182,12465,17239.8113893966,116770,3946988,1.41961,NA,NA,1.3,NA,101.24022098800339,105.51766262852489,103.82837677440078,98.6726088630256,NA,102.50998344473442,104.57896779200621,102.43906477917307,101.715541222372,NA,84.08572731418148,NA,101.93504451532358,107.7339474699125,99.05184287375165,98.32650376255667,1200.51421454331,198.557382132049,21095.4581400122,2684.16794005918,20653.9962407595,4383.30202820085,398.550319461297,6871.64118009102,16527.9481179231,4701.79319782471,5940.06020454514,4045.39949300177,5633.39389043857,10282.2471617501,5546.22553030458,3295.58970099482,25456.629273803,9444.94541358423,6496.05755032169,7643.98493434889,964.505570664104,1978.56519699874,447.611461741911,6719.64016865388,-2610.5952589127,130012.398021338
2001-02-01,3,4,3.4782075,NA,3.18725,3.34525,3.4788,3.34525,3.595,3.6224,3.723,3.9903999999999997,3.5582,3.6842,3.8118,1101,69766,58886.22481231685,1.7675756804935814,1.491928144000358,14155,17056.2682110982,114575,3946988,1.472423,NA,NA,0.8,NA,101.55667908389407,105.65090999581481,104.05490155083083,98.71825200390707,NA,102.17381868660634,105.05680593282456,102.79405692807177,101.44081400464178,NA,83.88416003783081,NA,101.96077322741981,107.51266176949306,98.28183304094172,98.11375791456081,NA,NA,NA,NA,NA,NA,NA,NA,NA,NA,NA,NA,NA,NA,NA,NA,NA,NA,NA,NA,NA,NA,NA,NA,NA,NA
2001-03-01,2.9204545454545454,3.9204545454545454,3.4104550000000002,NA,3.0708636363636366,3.2332727272727273,3.3683181818181818,3.2332727272727273,3.5546,3.5698,3.6616,3.9656,3.4936,3.621,3.7344,1477,65625,59806.205369624,1.6626602361091547,1.5152365644289771,14559,16822.5965249735,110115,3946988,1.291766,NA,NA,1,NA,101.84251220276309,105.77126245659281,104.25950457470314,98.75947806663874,NA,101.87018600184548,105.48840167291857,103.11469499804478,101.19267329185321,NA,83.7020992720947,NA,101.98401206415188,107.31279081427553,97.58634028872628,97.9216003744355,NA,NA,NA,NA,NA,NA,NA,NA,NA,NA,NA,NA,NA,NA,NA,NA,NA,NA,NA,NA,NA,NA,NA,NA,NA,NA
2001-04-01,2.75,3.75,3.2490357894736843,NA,3.1210526315789475,3.267894736842105,3.3994736842105264,3.267894736842105,3.5706,3.606,3.6874000000000002,4.0506,3.5408,3.6676,3.7784,996,63032,60815.16215017705,1.5969645714656342,1.5407992664324557,14037,16553.4390944155,105857,3946988,1.525892,NA,NA,1.2,NA,102.15897029865377,105.90450982388273,104.4860293511332,98.8051212075202,NA,101.5340212437174,105.96623981373692,103.46968714694349,100.917946074123,NA,83.50053199574403,NA,102.00974077624811,107.0915051138561,96.81633045591634,97.70885452643964,1173.3375141049,197.575208590635,21353.7207542023,2800.86587359122,20738.1197417787,4416.73399408792,402.829227952965,6890.59574606256,16691.6628049644,4778.08849424425,5923.96620422066,3968.78821163717,5684.57879839292,10253.9386488983,5537.15828301278,3301.24588391854,25824.1596425292,9375.50973642932,6550.94780915378,7604.70944242433,928.922242503827,1996.54881827316,449.911656911329,6704.64530088123,-2669.58954640228,130593.048855594
2001-05-01,2.75,3.75,3.167499,NA,3.196761904761905,3.3657142857142857,3.500952380952381,3.3657142857142857,3.6605714285714286,3.692285714285714,3.766857142857143,4.093357142857143,3.6380714285714286,3.7398571428571428,3.892,1536,61097,62961.516270773885,1.5479398467895014,1.5951788115589378,14195,16213.9723612041,102990,3946988,1.784158,1.6,1.7,1.8,NA,102.49054919883328,105.94813920681781,105.31710458893401,98.67726784186166,NA,101.8324495041167,107.0152490117566,103.52396391586879,100.98776010264167,NA,83.17732579018488,NA,102.1561768523161,107.41222427096764,97.04711296913173,99.18508481308542,NA,NA,NA,NA,NA,NA,NA,NA,NA,NA,NA,NA,NA,NA,NA,NA,NA,NA,NA,NA,NA,NA,NA,NA,NA,NA
2001-06-01,2.75,3.75,3.200833,NA,3.15375,3.29855,3.4224,3.29855,3.6012,3.60835,3.6934,4.02265,3.5698,3.6749,3.8337499999999998,1429,59176,64681.71991641995,1.4992698229637385,1.6387615041246628,13611,15823.2302848614,100812,3946988,1.704203,1.5,1.7,1.6,NA,102.83318072901876,105.99322290251742,106.17588233466152,98.54515269734785,NA,102.14082537319598,108.0992251830436,103.58004991042492,101.05990126544432,NA,82.84334604444042,NA,102.30749413091966,107.74363406664958,97.28558823278762,100.71052277595275,NA,NA,NA,NA,NA,NA,NA,NA,NA,NA,NA,NA,NA,NA,NA,NA,NA,NA,NA,NA,NA,NA,NA,NA,NA,NA
2001-07-01,2.75,3.75,3.2230304545454547,NA,3.1671363636363634,3.305909090909091,3.419636363636364,3.305909090909091,3.6161363636363637,3.6316818181818182,3.693363636363636,4.046954545454545,3.620772727272727,3.7196818181818183,3.8837727272727274,1183,60166,65664.63344151186,1.5243522402398992,1.663664380066822,12064,15475.2377203299,100534,3946988,1.644841,1.5,1.7,1.4,NA,103.16475962919827,106.0368522854525,107.00695757246234,98.4172993316893,NA,102.43925363359527,109.14823438106328,103.63432667935022,101.129715293963,NA,82.52013983888128,NA,102.45393020698765,108.06435322376112,97.516370746003,102.18675306259854,1163.95090337946,198.901960418921,21181.1653369347,2820.6478007041,20485.1717738266,4319.50475055788,402.610166930218,6953.20359411493,16795.6736242093,4815.91864721283,6005.05340292561,3992.54808347592,5723.71875059592,10195.6438024554,5535.51558975678,3281.90490228865,25723.4877182714,9419.26175099915,6606.19369447286,7689.48068092137,947.504959202003,2015.32563749506,451.630352738796,6681.61544966682,-2722.93152385929,130563.869051109
2001-08-01,2.75,3.75,3.1823104545454544,NA,3.0385454545454547,3.1953181818181817,3.3167272727272725,3.1953181818181817,3.5402272727272726,3.542227272727273,3.612090909090909,3.9653181818181817,3.543181818181818,3.6402272727272726,3.7811363636363637,1667,61079,66460.7055159656,1.5474838028390256,1.683833483050002,11259,15276.8409328605,100552,3946988,1.572617,1.6,1.7,1.1,NA,103.51257174091089,106.46906771596386,107.07282831388588,98.88425067346823,NA,102.67596481648336,108.26236692480303,103.96853017248428,101.58823743228031,NA,81.76212851166756,NA,102.66176203474417,108.10106608079451,99.93225436599037,102.15070579804865,NA,NA,NA,NA,NA,NA,NA,NA,NA,NA,NA,NA,NA,NA,NA,NA,NA,NA,NA,NA,NA,NA,NA,NA,NA,NA
2001-09-01,2.4,3.4,2.8074165,NA,2.90925,3.1616,3.31585,3.1616,3.5197,3.5416,3.6233,3.9486499999999998,3.5342,3.68125,3.82925,3618,62170,67356.16032779159,1.5751251333928555,1.706520524708755,10760,15252.4604572131,101302,3946988,1.695459,1.6,1.8,0.7,NA,103.86038385262349,106.90128314647521,107.13869905530942,99.35120201524717,NA,102.91267599937143,107.3764994685428,104.30273366561833,102.0467595705976,NA,81.00411718445383,NA,102.86959386250071,108.1377789378279,102.34813798597774,102.11465853349877,NA,NA,NA,NA,NA,NA,NA,NA,NA,NA,NA,NA,NA,NA,NA,NA,NA,NA,NA,NA,NA,NA,NA,NA,NA,NA
2001-10-01,1.75,2.75,2.1932608695652176,NA,2.6618695652173914,2.9644782608695652,3.128391304347826,2.9644782608695652,3.3636521739130436,3.368391304347826,3.456086956521739,4.1019565217391305,3.388086956521739,3.611,3.742,7166,68298,70812.16141416364,1.7303827627547892,1.7940809907241582,10836,15255.4611213276,108910,3946988,1.690017,1.6,1.8,0.6,NA,104.19697621879698,107.31955614374426,107.20244493410638,99.8030904105171,NA,103.14175133765022,106.51920838183935,104.62615640090935,102.490490672195,NA,80.27055783553732,NA,103.07072143774896,108.17330750915055,104.6860898762881,102.07977408393435,1177.18641362401,202.122364303135,21212.3985263696,2879.34546910852,20405.6117275675,4003.95326662485,406.265265791738,6925.82920061923,16837.1261820604,4823.72927230719,6063.88957198177,3958.88940694804,5729.21276235526,10208.522570152,5584.55381341402,3236.27936404549,25481.8512209414,9428.62160452441,6691.76560010244,7809.58340146191,1012.63005299048,2047.81317632435,451.734785122445,6675.4837382908,-2756.10924108153,130494.343008337
2001-11-01,1.75,2.75,2.0770459090909092,NA,2.653590909090909,2.9502272727272727,3.1109545454545455,2.9502272727272727,3.2827272727272727,3.2965454545454547,3.3906363636363634,4.115090909090909,3.334909090909091,3.561318181818182,3.8055909090909092,11415,77633,74884.90214721356,1.9668922226264687,1.8972670336776694,11578,15104.518636491901,120808,3946988,1.323022,1.3,1.4,0.3,NA,104.23407932443588,106.6472210296155,108.21797155005085,100.05437458816286,NA,102.9990907519722,105.47643451266218,105.45313217580551,102.40330095112553,NA,80.093859249126,NA,103.42313996375752,107.87616892828414,103.06893797719587,101.57710231760606,NA,NA,NA,NA,NA,NA,NA,NA,NA,NA,NA,NA,NA,NA,NA,NA,NA,NA,NA,NA,NA,NA,NA,NA,NA,NA
2001-12-01,1.3452380952380953,2.3452380952380953,1.8901855555555556,NA,2.9518823529411766,3.2846470588235293,3.443,3.2846470588235293,3.6193529411764707,3.6099411764705884,3.7205882352941178,4.337294117647059,3.6581176470588237,3.8923529411764703,4.0963529411764705,11025,86027,77422.91599733755,2.179560718198282,1.9615695815983618,9488,14734.5451117111,129849,3946988,1.366042,1.3,1.5,0.3,NA,104.26998555569932,105.99657414497473,109.20073924290034,100.29755282459425,NA,102.8610321206709,104.46729851023267,106.2534313128018,102.31892380170346,NA,79.92286061711506,NA,103.7641901502174,107.58861546292958,101.50395226839694,101.09064576954641,NA,NA,NA,NA,NA,NA,NA,NA,NA,NA,NA,NA,NA,NA,NA,NA,NA,NA,NA,NA,NA,NA,NA,NA,NA,NA
2002-01-01,1.25,2.25,1.7280157142857142,NA,3.0595238095238093,3.3364285714285713,3.462857142857143,3.3364285714285713,3.6512857142857142,3.6403809523809523,3.769190476190476,4.349523809523809,3.6566190476190474,3.890761904761905,4.209714285714286,18485,93714,80452.5078866995,2.3743168208264125,2.0383266401291187,9531,14251.230443642,138443,3946988,1.309197,1.3,1.5,0.5,NA,104.30708866133823,105.32423903084596,110.2162658588448,100.54883700224,NA,102.71837153499288,103.4245246410555,107.08040708769795,102.231734080634,NA,79.74616203070374,NA,104.11660867622597,107.29147688206318,99.88680036930472,100.58797400321812,1221.6470104662,202.782287267434,21368.9875076117,3063.77887329166,20238.1683639681,3678.70153586788,412.290291164846,7099.3719958456,16984.0400055175,4789.74961764263,5955.71246923678,3904.32878041512,5814.29910836006,10027.5734883834,5454.65149961973,3162.38610945438,25117.9270739829,9476.5820959582,6797.98454941644,7856.65602622616,1009.37486942518,2069.39667030651,451.103345552958,6668.17351392603,-2800.35951833277,130377.222947058
2002-02-01,1.25,2.25,1.6812915,NA,3.12265,3.4386,3.5715500000000002,3.4386,3.73215,3.72755,3.87535,4.3836,3.74355,4.0745,4.329,18855,94472,82991.59514207522,2.3935213382964426,2.1026563836037817,10859,13795.2944195943,140581,3946988,1.174863,1.2,1.3,0.7,NA,104.43435952194615,105.43294083047721,111.01869458847833,99.92136276378433,NA,102.25284338568831,103.1404949769327,107.17578575954553,102.03065065713946,NA,79.12837141747309,NA,104.46794972478939,108.11789815708539,100.1811143962676,102.53052475929427,NA,NA,NA,NA,NA,NA,NA,NA,NA,NA,NA,NA,NA,NA,NA,NA,NA,NA,NA,NA,NA,NA,NA,NA,NA,NA
2002-03-01,1.25,2.25,1.719084,NA,3.2525,3.55405,3.69465,3.55405,3.8015,3.8082,3.9575,4.45435,3.82485,4.12505,4.3211,18403,92371,85802.42295981412,2.3402908749659233,2.173870884832032,10964,13437.7584446344,140468,3946988,1.139281,1.2,1.3,0.5,NA,104.54931384765652,105.5311231011119,111.74346892492149,99.35461183872758,NA,101.83236634760674,102.8839520544992,107.26193423734334,101.84902691978954,NA,78.5703669926196,NA,104.78529002671763,108.8643431796861,100.44694642062119,104.28508673252432,NA,NA,NA,NA,NA,NA,NA,NA,NA,NA,NA,NA,NA,NA,NA,NA,NA,NA,NA,NA,NA,NA,NA,NA,NA,NA
2002-04-01,1.25,2.25,1.5757938095238095,NA,3.095285714285714,3.415095238095238,3.5682857142857145,3.415095238095238,3.6577619047619048,3.629952380952381,3.729285714285714,4.31,3.655047619047619,3.8225714285714285,4.108,18065,92025,89229.50626360212,2.33152469680678,2.2606986964136224,10521,13158.5071437,140054,3946988,1.279174,1.2,1.3,1.1,NA,104.67658470826444,105.63982490074315,112.545897654555,98.7271376002719,NA,101.36683819830216,102.5999223903764,107.35731290919092,101.647943496295,NA,77.95257637938894,NA,105.13663107528106,109.69076445470832,100.74126044758407,106.22763748860046,1233.63937038326,197.42467518815,21778.0865170783,3215.21673922965,20442.769053117,3690.6437971419,409.828201793481,7203.29527523211,17196.2788955418,4756.74466486669,6069.98767661623,3840.22572171851,5797.81444667077,9809.69149348599,5251.62531111875,3144.63654791472,24704.3542339859,9469.99189530064,6856.71979752814,7932.09361432027,1047.45015026893,2120.96885873797,451.932795071498,6690.45008539268,-2840.86607903297,130745.89404165
2002-05-01,0.7717391304347826,1.7717391304347827,1.2739175,NA,2.8966,3.29155,3.477,3.29155,3.53055,3.4999000000000002,3.6167,4.23145,3.50415,3.69335,3.97355,14278,90930,92282.84850635518,2.3037820231528445,2.3380574885546945,10457,12968.1976540423,139202,3946988,1.083259,1.2,1.2,0.6,NA,104.60008379879176,106.30433396390842,113.52441717540744,99.4128216510305,NA,101.58068529332205,103.25875133791315,107.72644462301825,101.32185466688995,NA,78.41608915480323,NA,105.66795657162469,110.00533785070506,100.0339118032533,105.21082197578359,NA,NA,NA,NA,NA,NA,NA,NA,NA,NA,NA,NA,NA,NA,NA,NA,NA,NA,NA,NA,NA,NA,NA,NA,NA,NA
2002-06-01,0.75,1.75,1.2524165,NA,2.8192,3.2039,3.3981,3.2039,3.45865,3.44165,3.5454,4.0952,3.4739,3.6691,3.9039,12743,90705,95624.5451656139,2.298081473771899,2.422721963320231,9912,12840.8910862108,139715,3946988,0.931385,1,1,0.3,NA,104.52103285900331,106.99099332917922,114.53555401362159,100.1213618368144,NA,101.80166062484261,103.9395412503678,108.10788072730648,100.98489620983806,NA,78.89505235606465,NA,106.21699291784643,110.33039702656836,99.30298487077816,104.16011261253948,NA,NA,NA,NA,NA,NA,NA,NA,NA,NA,NA,NA,NA,NA,NA,NA,NA,NA,NA,NA,NA,NA,NA,NA,NA,NA
2002-07-01,0.6630434782608695,1.6630434782608696,1.11355,NA,2.5379565217391304,2.9922608695652175,3.209217391304348,2.9922608695652175,3.2935217391304348,3.277608695652174,3.379608695652174,4.005826086956522,3.340608695652174,3.5656086956521738,3.831304347826087,4940,92948,98446.94727027745,2.3549096171561708,2.4942297080780955,9594,12780.3706048744,142271,3946988,0.9153690000000002,1,1,-0.1,NA,104.44453194953063,107.65550239234449,115.51407353447402,100.807045887573,NA,102.0155077198625,104.59837019790454,108.47701244113381,100.658807380433,NA,79.35856513147894,NA,106.74831841419005,110.64497042256511,98.5956362264474,103.1432970997226,1219.21264593998,195.398864254137,22024.425919126,3311.6799971256,20555.5744792601,3623.46642044696,408.402787992436,7263.11033470972,17274.4324540813,4796.10860774911,6230.20445588779,3763.74900746434,5828.96302523711,9776.54604432427,5232.59999689681,3181.78541319279,24405.1863590142,9511.28674041312,6889.63405406336,7992.9904572141,1042.71370763818,2142.52759352679,453.551943041901,6710.04944819295,-2875.93734027084,131038.535885224
2002-08-01,0.25,1.25,0.7836509523809524,NA,2.3816190476190475,2.9336190476190476,3.1834761904761906,2.9336190476190476,3.1901904761904762,3.1815238095238096,3.306857142857143,3.939952380952381,3.2761428571428572,3.610238095238095,3.9159047619047618,4895,96362,101265.90552120522,2.4414059530963863,2.5656502001324863,8880,12715.2395907736,145202,3946988,0.89083,0.9,0.9,0.5,NA,104.73845824385367,107.84416785804389,116.00609411570659,100.6243569346777,NA,101.89641910746178,104.64086568473621,109.12201073512942,100.82790589615256,NA,80.3163226868098,NA,107.15306007219036,110.73074081642115,100.82664592232688,104.65936265886252,NA,NA,NA,NA,NA,NA,NA,NA,NA,NA,NA,NA,NA,NA,NA,NA,NA,NA,NA,NA,NA,NA,NA,NA,NA,NA
2002-09-01,0.25,1.25,0.7338890476190476,NA,2.090333333333333,2.637142857142857,2.9092857142857143,2.637142857142857,2.9245714285714284,2.920904761904762,3.045,3.6811904761904763,3.0135238095238095,3.3756190476190477,3.5732857142857144,7851,101889,105941.18605209929,2.5814367816674384,2.6841020558486446,8267,12608.8352180357,151503,3946988,0.915413,0.9,0.9,0.5,NA,105.0323845381767,108.03283332374329,116.49811469693915,100.44166798178242,NA,101.77733049506107,104.6833611715679,109.76700902912503,100.99700441187211,NA,81.27408024214066,NA,107.55780173019065,110.81651121027718,103.05765561820634,106.17542821800244,NA,NA,NA,NA,NA,NA,NA,NA,NA,NA,NA,NA,NA,NA,NA,NA,NA,NA,NA,NA,NA,NA,NA,NA,NA,NA
2002-10-01,0.25,1.25,0.7641304347826087,NA,2.0278695652173915,2.586,2.8650434782608696,2.586,2.853478260869565,2.8576521739130434,3.002869565217391,3.5607391304347824,2.961782608695652,3.368391304347826,3.647391304347826,9542,110197,111603.46168088194,2.7919264005869793,2.827560197317092,8162,12470.5384050111,161105,3946988,1.024868,0.9,0.9,1.2,NA,105.31682933913449,108.21541280667819,116.97426364651906,100.264872220916,NA,101.6620834508023,104.7244858362437,110.39120092654014,101.160648136762,NA,82.20094239246085,NA,107.94948720567481,110.89951481723463,105.21669725938003,107.64258843652495,1168.39387259011,193.077637421496,21801.4102580894,3248.35280396924,20406.1469743406,3590.18218285486,406.873919726854,7332.54113096127,17385.587921263,4810.02402571113,6172.16393404603,3694.11301371083,5750.4728119497,9855.23057856467,5237.07411066223,3274.04063270591,23869.9600715443,9504.39778112465,6868.0023850185,8006.71056776918,1087.49684803264,2112.18207625825,452.852352434623,6707.43227662796,-2891.18318920332,130383.421504773
2002-11-01,0.25,1.25,0.7172219047619047,NA,1.907,2.468952380952381,2.751333333333333,2.468952380952381,2.7073809523809524,2.681857142857143,2.840809523809524,3.4035238095238096,2.792809523809524,3.1711428571428573,3.5858095238095236,12410,120627,117115.27994771549,3.056178534112594,2.967206384912128,7441,12343.1738508171,173500,3946988,0.935096,0.8,0.7,0.9,NA,106.0540235613399,108.1468071827875,117.85145342871513,99.93914424657463,NA,102.49752143318896,104.67872146580959,110.46824207518455,101.26047257206173,NA,82.01656125881426,NA,108.1360506317837,110.27605013985551,104.59455629435699,106.98857925777345,NA,NA,NA,NA,NA,NA,NA,NA,NA,NA,NA,NA,NA,NA,NA,NA,NA,NA,NA,NA,NA,NA,NA,NA,NA,NA
2002-12-01,0.25,1.25,0.6862495,NA,1.7143333333333333,2.2564444444444445,2.5492777777777778,2.2564444444444445,2.5181666666666667,2.497611111111111,2.6559444444444447,3.198166666666667,2.597888888888889,2.9311666666666665,3.3773333333333335,8889,129809,120093.25681934095,3.2888116204052307,3.042655736965528,6671,12285.3134263968,183262,3946988,0.859451,0.8,0.7,0.9,NA,106.76743732476449,108.08041464353845,118.70034676632422,99.62392362624428,NA,103.30600980324056,104.6344333653895,110.5427980254856,101.35707686428728,NA,81.8381279036724,NA,108.31659588285682,109.6726972262628,103.99248439272179,106.35566714930427,NA,NA,NA,NA,NA,NA,NA,NA,NA,NA,NA,NA,NA,NA,NA,NA,NA,NA,NA,NA,NA,NA,NA,NA,NA,NA
2003-01-01,0.25,1.25,0.6178566666666667,NA,1.5557142857142858,2.1225714285714288,2.423619047619048,2.1225714285714288,2.359952380952381,2.3511904761904763,2.5,2.978,2.423857142857143,2.745,3.244666666666667,15202,138944,124540.05542239323,3.520253925271625,3.1553188259602822,7936,12253.1650890816,192586,3946988,0.891827,0.7,0.6,0.8,NA,107.5046315469699,108.01180901964776,119.57753654852029,99.2981956519029,NA,104.14144778562722,104.58866899495538,110.61983917413001,101.456901299587,NA,81.65374677002582,NA,108.5031593089657,109.04923254888368,103.37034342769876,105.70165797055277,1042.85171850054,190.772058030759,21500.926175066,3265.90374029859,20006.7322885892,3588.92765918315,399.14618492916,7351.30882832814,17482.7022511644,4863.83578298774,6196.40989079263,3614.24221509204,5642.49325151232,9703.88746774785,5040.33602488401,3423.06883148354,23851.3389747943,9556.92122919285,6893.08113027956,8000.62108219719,1109.15739717939,2091.54527855248,451.487877188282,6700.33966998697,-2914.73700779079,129667.11354593
2003-02-01,0.25,1.25,0.5891665,NA,1.45515,2.0391500000000002,2.3437,2.0391500000000002,2.3292,2.3148,2.4292,2.8548,2.395,2.7047,3.24015,14602,142023,129297.22168208293,3.598262776577988,3.2758453200790814,9115,12185.5331660828,197493,3946988,0.833461,0.7,0.6,0.9,NA,107.64204207391205,107.93466580700623,120.01610060496378,100.5537223748598,NA,104.15332927532897,104.67554865692236,110.83604660807194,101.91938777304429,NA,81.50191687355388,NA,108.58252526868687,109.284371289649,103.31109383602147,106.0152545644171,NA,NA,NA,NA,NA,NA,NA,NA,NA,NA,NA,NA,NA,NA,NA,NA,NA,NA,NA,NA,NA,NA,NA,NA,NA,NA
2003-03-01,0.035714285714285726,0.8214285714285714,0.3612304761904762,NA,1.4835714285714285,2.1066666666666665,2.4363809523809525,2.1066666666666665,2.375857142857143,2.360333333333333,2.4662380952380953,2.8210952380952383,2.4644285714285714,2.8328571428571427,3.127952380952381,16145,141808,133741.92572399045,3.5928155849473065,3.388455341743893,9684,12037.4176217002,199702,3946988,0.905295,0.7,0.6,1.3,NA,107.7661548079243,107.86498806655581,120.41222297852565,101.6877465117241,NA,104.16406094344667,104.75402060966671,111.03133074195496,102.33711749100571,NA,81.36478019286956,NA,108.65421065166083,109.49675466840479,103.25757807579683,106.29850310081069,NA,NA,NA,NA,NA,NA,NA,NA,NA,NA,NA,NA,NA,NA,NA,NA,NA,NA,NA,NA,NA,NA,NA,NA,NA,NA
2003-04-01,0,0.75,0.3034155,NA,1.7216,2.34,2.64875,2.34,2.6084,2.6006,2.69385,3.0236,2.7301,2.9890499999999998,3.1388,16427,141624,137720.55586919823,3.5881538023424446,3.489257020016231,9014,11846.6136878852,200654,3946988,0.748237,0.7,0.5,0.7,NA,107.90356533486644,107.78784485391428,120.85078703496914,102.943273234681,NA,104.17594243314842,104.84090027163369,111.24753817589689,102.799603964463,NA,81.21295029639762,NA,108.73357661138199,109.73189340917011,103.19832848411954,106.61209969467502,1006.47005601657,186.477888566497,21468.4768863102,3308.048199092,19886.1555092475,3478.02721346701,401.736327629368,7399.96722983402,17361.8818496203,4888.34492024345,6200.73882399238,3467.21469803037,5540.57440851041,10078.0881937026,5285.22326657431,3522.60737844146,23620.5392317137,9583.52555722423,6852.35788560736,8051.61232003423,1090.54733431997,2081.80355299987,451.261466893649,6707.48229041884,-2936.6693064141,129506.208887015
2003-05-01,0,0.75,0.289167,NA,1.4676500000000001,2.1044,2.4331,2.1044,2.31215,2.31445,2.42415,2.7134,2.42855,2.69545,2.90245,16909,140609,141551.150863563,3.562437990690623,3.5863081130108077,8682,11742.4360197185,201123,3946988,0.557192,0.6,0.5,0.4,NA,108.40413616148486,108.25769974706144,121.36467361810868,103.13207489537342,NA,104.49209624787602,104.75454890472353,111.55181794638703,103.13362119349091,NA,80.86719482068318,NA,109.08309431908965,109.7958743381421,104.42141937549303,107.40218598418322,NA,NA,NA,NA,NA,NA,NA,NA,NA,NA,NA,NA,NA,NA,NA,NA,NA,NA,NA,NA,NA,NA,NA,NA,NA,NA
2003-06-01,0,0.75,0.274459,NA,1.46735,2.0958,2.41335,2.0958,2.2668,2.2682,2.3616,2.6574,2.3841,2.6429,2.8622,14836,140485,144674.79241630854,3.5592963545873464,3.6654479926543617,8737,11798.4876367182,201919,3946988,0.570623,0.6,0.5,0.5,NA,108.92139268232387,108.74321646998018,121.89568975401954,103.32716994475558,NA,104.81878852309454,104.66531915891636,111.86624037589353,103.47877233015309,NA,80.50991416244494,NA,109.44426261705424,109.86198796474648,105.68527996324563,108.21860848334167,NA,NA,NA,NA,NA,NA,NA,NA,NA,NA,NA,NA,NA,NA,NA,NA,NA,NA,NA,NA,NA,NA,NA,NA,NA,NA
2003-07-01,0,0.75,0.28427521739130435,NA,1.612304347826087,2.2694782608695654,2.5845217391304347,2.2694782608695654,2.4744782608695655,2.4758695652173914,2.571521739130435,2.815826086956522,2.593434782608696,2.7690869565217393,2.9198695652173914,8416,141699,146780.29013565605,3.5900539854694262,3.7187924091904017,8730,11979.827697917,203712,3946988,0.525392,0.5,0.3,0.3,NA,109.42196350894228,109.21307136312734,122.40957633715908,103.515971605448,NA,105.13494233782214,104.57896779200621,112.17052014638367,103.812789559181,NA,80.1641586867305,NA,109.7937803247619,109.92596889371846,106.90837085461912,109.00869477284986,1012.99534197765,184.312687867362,21749.997756969,3369.36003948208,20112.4956842425,3345.96644134721,412.598390373262,7325.58443010169,17684.6587273574,4891.5069428967,6128.22551670014,3410.00091844228,5418.51849817615,10544.3705928544,5626.80157999046,3574.5156925709,23546.0382991987,9657.49647188761,6888.83673232269,8159.73917249456,1098.94318758694,2091.39111611124,452.362015029654,6789.90036524931,-2952.75522873954,130662.930069825
2003-08-01,0,0.75,0.26275,NA,1.88545,2.5046,2.7869,2.5046,2.69705,2.6926,2.77545,2.9569,2.8268,2.95605,3.19495,8893,143672,147392.49937689246,3.640041469596563,3.734303204795466,8307,12165.4206499392,205636,3946988,0.658328,0.6,0.5,0.5,NA,109.79905747554945,109.09644180251317,121.9676317631133,103.88362473173073,NA,104.66065290868585,104.99084712591318,112.17579478218293,103.69106779008987,NA,79.75442283418253,NA,110.04770444841034,109.1780555883822,106.74415468839517,106.48677023320921,NA,NA,NA,NA,NA,NA,NA,NA,NA,NA,NA,NA,NA,NA,NA,NA,NA,NA,NA,NA,NA,NA,NA,NA,NA,NA
2003-09-01,0,0.75,0.2526904545454545,NA,1.9795454545454545,2.619772727272727,2.9173181818181817,2.619772727272727,2.7915454545454548,2.7963636363636364,2.8560454545454546,3.018409090909091,2.909,3.0152727272727273,3.4012727272727274,9951,146688,149896.0177606533,3.7164541670762614,3.7977317833409505,8175,12265.6708440701,209495,3946988,0.651236,0.5,0.4,0.5,NA,110.17615144215661,108.97981224189898,121.52568718906753,104.25127785801347,NA,104.18636347954954,105.40272645982014,112.1810694179822,103.56934602099876,NA,79.34468698163457,NA,110.30162857205879,108.43014228304592,106.57993852217122,103.96484569356858,NA,NA,NA,NA,NA,NA,NA,NA,NA,NA,NA,NA,NA,NA,NA,NA,NA,NA,NA,NA,NA,NA,NA,NA,NA,NA
2003-10-01,0,0.75,0.2440217391304348,NA,1.9479565217391304,2.567217391304348,2.8454347826086956,2.567217391304348,2.7487391304347826,2.733695652173913,2.7822173913043478,3.0355217391304348,2.8170869565217393,2.9162173913043477,3.129782608695652,11928,151259,151466.80293668646,3.8322639947220516,3.83752884317577,7844,12336.8233165399,215050,3946988,0.583573,0.5,0.4,0.5,NA,110.54108108726031,108.86694492517559,121.09799889160386,104.607071206029,NA,103.72737370941765,105.80131936360108,112.18617390423957,103.451550760588,NA,78.94816841465267,NA,110.54736159494438,107.70635521336567,106.42101965163191,101.52427355843247,1057.99055085349,186.428001223526,21985.1938025129,3490.78001793483,20166.8101809119,3115.59877674283,418.640129503904,7352.48208051596,17907.5981567618,4879.52148112605,6192.01898840264,3413.11175286352,5483.0984880771,10873.4488668104,5892.43557701673,3579.3923925823,23737.567173321,9696.25068519752,6890.56943821653,8183.66607382232,1133.12532654083,2089.48543155973,452.851438071465,6891.17775325487,-2952.68600546848,132000.042358305
2003-11-01,0,0.75,0.2545835,NA,2.08535,2.6714,2.9358,2.6714,2.8094,2.79585,2.83515,3.06655,2.8597,2.96595,3.16625,10457,156598,152053.0200676133,3.967531697588136,3.8523811085215693,7652,12482.628733338,222282,3946988,0.606972,0.6,0.5,0.5,NA,111.25524992348448,109.88916872114689,121.31393641190779,105.3832381506904,NA,103.5666978437582,105.90919252248148,112.60041971982045,103.77215923727648,NA,80.03909012206162,NA,110.92262638222135,108.0881195786423,105.85524141300779,103.37245535943178,NA,NA,NA,NA,NA,NA,NA,NA,NA,NA,NA,NA,NA,NA,NA,NA,NA,NA,NA,NA,NA,NA,NA,NA,NA,NA
2003-12-01,0,0.75,0.2624995238095238,NA,2.0242105263157892,2.5765263157894736,2.8154736842105264,2.5765263157894736,2.7323684210526316,2.7203684210526315,2.7576842105263157,2.970684210526316,2.7537368421052633,2.861315789473684,3.028421052631579,7037,162835,152162.77101527553,4.12555092642795,3.8551617338404762,6043,12774.9677751502,228245,3946988,0.685605,0.6,0.6,0.6,NA,111.94638105531433,110.87841755595784,121.5229082057503,106.1343674519756,NA,103.4112050705394,106.01358590204316,113.0013027671568,104.08242550503952,NA,81.09482080665093,NA,111.2857858537797,108.45756896439389,105.30771408530701,105.16101839265694,NA,NA,NA,NA,NA,NA,NA,NA,NA,NA,NA,NA,NA,NA,NA,NA,NA,NA,NA,NA,NA,NA,NA,NA,NA,NA
2004-01-01,0,0.75,0.2420005,NA,1.85785,2.5055,2.78265,2.5055,2.6275,2.62325,2.65885,2.9362,2.6449,2.74615,2.9177,9464,168163,153194.077060691,4.260539935768743,3.88129067179051,9451,10071.0530073547,232197,3946988,0.445905,0.6,0.5,0.2,NA,112.66054989153851,111.90064135192914,121.73884572605422,106.910534396637,NA,103.25052920487995,106.12145906092356,113.41554858273769,104.403033981728,NA,82.18574251405988,NA,111.66105064105668,108.83933332967052,104.74193584668289,107.00920019365626,1169.38299320748,191.425706019928,21951.5180262017,3545.51194829376,20021.5699184627,3090.04115744192,425.667457187133,7306.73356291344,18287.7243163469,4897.90914828679,6282.21861203524,3359.3344864637,5567.93046111952,10880.2929870448,5924.4764024557,3536.59114269478,23828.0174245703,9674.06923448829,6879.46475608089,8160.2335556594,1121.89785704358,2120.6588322163,453.801373634171,6997.13456122878,-2945.98093826075,132785.911423672
2004-02-01,0,0.75,0.2515,NA,1.7316,2.4019,2.705,2.4019,2.50455,2.5072,2.53795,2.90505,2.5374,2.6271,2.7741000000000002,9981,165979,153776.6802215,4.205206603111031,3.89605137440246,11189,10317.9824293302,231361,3946988,0.519975,0.6,0.5,0.1,NA,112.73145695182072,111.32148926101893,122.76419897937109,107.12091730651666,NA,103.16652278063155,106.14128789332514,113.43184850400192,104.82472940914144,NA,82.42134062927497,NA,111.95132641592684,109.55021141993139,104.77830237445882,108.16266763130982,NA,NA,NA,NA,NA,NA,NA,NA,NA,NA,NA,NA,NA,NA,NA,NA,NA,NA,NA,NA,NA,NA,NA,NA,NA,NA
2004-03-01,0,0.75,0.25398521739130436,NA,1.6114782608695652,2.279304347826087,2.6008260869565216,2.279304347826087,2.4080434782608693,2.4154347826086955,2.444695652173913,2.7898695652173915,2.4489565217391305,2.5296086956521737,2.6399565217391303,10196,160849,155131.121493056,4.075234077225469,3.9303671937451,11513,10466.0388690451,228212,3946988,0.46259,0.7,0.6,-0.1,NA,112.79778936305244,110.77970182113519,123.7234004098933,107.31772712543635,NA,103.0879361256895,106.15983744621695,113.44709681744266,105.21921867994756,NA,82.64173886608906,NA,112.22287472145057,110.21522640759478,104.81232267463629,109.2417178149212,NA,NA,NA,NA,NA,NA,NA,NA,NA,NA,NA,NA,NA,NA,NA,NA,NA,NA,NA,NA,NA,NA,NA,NA,NA,NA
2004-04-01,0,0.75,0.27624950000000004,NA,1.91565,2.4876,2.75515,2.4876,2.5758,2.58395,2.61515,2.87075,2.6216,2.6898,2.7420999999999998,7020,155061,154043.744601394,3.92859061137252,3.90281765744902,11211,10395.1463743896,222858,3946988,0.709948,0.7,0.6,0.5,NA,112.86869642333465,110.20054973022498,124.74875366321017,107.528110035316,NA,103.0039297014411,106.17966627861854,113.46339673870689,105.640914107361,NA,82.87733698130414,NA,112.51315049632073,110.92610449785565,104.84868920241222,110.39518525257476,1217.69141463225,194.68839623805,22076.7459757656,3602.69530867741,20065.0861291289,3012.65655186045,435.446632985036,7186.60108088192,18596.261221214,4856.24940892413,6372.95801624681,3355.52689190011,5595.75203176267,10790.3578557709,5863.12479498546,3515.38337333725,23885.6712646272,9770.40247327411,7036.09048786258,8280.50589207558,1127.76868657564,2121.45563550194,456.006346253342,7047.86921881337,-2948.86097308529,133584.083852352
2004-05-01,0,0.75,0.26504421052631577,NA,2.0986315789473684,2.614526315789474,2.843947368421053,2.614526315789474,2.687315789473684,2.7,2.731736842105263,3.0080526315789475,2.7327894736842104,2.799,2.832,5273,148816,153982.271158115,3.7703686963324947,3.90126018012001,9592,9268.0121959019,216377,3946988,0.764131,0.7,0.6,0.9,NA,113.4113255157098,109.7139143051797,124.91813499706191,108.05281859422666,NA,103.6702846223454,106.13489149577624,113.88756322232523,106.40897687340946,NA,82.49149391420252,NA,112.83253125203603,110.66257992394493,104.42399321310874,109.99290952940135,NA,NA,NA,NA,NA,NA,NA,NA,NA,NA,NA,NA,NA,NA,NA,NA,NA,NA,NA,NA,NA,NA,NA,NA,NA,NA
2004-06-01,0,0.8636363636363636,0.4095831818181818,NA,2.312909090909091,2.7836363636363637,2.9967272727272727,2.7836363636363637,2.873136363636364,2.8779090909090908,2.9087272727272726,3.1557272727272725,2.905409090909091,2.9858636363636366,3.016409090909091,4423,144103,154588.532307449,3.650961188632953,3.91662027620679,9568,8949.70605201878,212588,3946988,0.776188,0.7,0.6,1.1,NA,113.97204224449746,109.21105769929957,125.09316237537537,108.59501743843434,NA,104.35885137394652,106.08862422017252,114.32586858873084,107.20264173165954,NA,82.09278941153086,NA,113.16255803294186,110.39027119757054,103.98514069082849,109.57722461545548,NA,NA,NA,NA,NA,NA,NA,NA,NA,NA,NA,NA,NA,NA,NA,NA,NA,NA,NA,NA,NA,NA,NA,NA,NA,NA
2004-07-01,0,1,0.5017040909090908,NA,2.249727272727273,2.734272727272727,2.9554545454545456,2.734272727272727,2.839818181818182,2.8380454545454548,2.865090909090909,3.165636363636364,2.859090909090909,2.9318636363636363,3.0016363636363637,2037,143125,153106.079307633,3.6261828006571086,3.87906118051621,8577,8393.09507003132,210740,3946988,0.733179,0.7,0.6,0.9,NA,114.51467133687261,108.7244222742543,125.26254370922712,109.119725997345,NA,105.02520629485083,106.04384943733022,114.75003507234918,107.970704497708,NA,81.70694634442924,NA,113.48193878865716,110.12674662365983,103.56044470152501,109.17494889228206,1235.83010521229,197.755859274201,22025.6241870298,3611.33656467996,19986.1312593606,3049.1049099076,436.01941821262,7231.95782290488,18476.4868864062,4820.0158143913,6366.96978627616,3291.01725475948,5680.25586549933,10709.0004786183,5802.44289020715,3514.43227748082,23969.3737484092,9743.21691038086,7019.43069466346,8329.77334552041,1141.2399322714,2126.03633086931,458.489953447015,7046.41383828531,-2949.933661437,133480.734390252
2004-08-01,0,1,0.5394442857142857,NA,2.037,2.5752727272727274,2.8277272727272726,2.5752727272727274,2.670818181818182,2.6683181818181816,2.6947272727272726,3.0539545454545456,2.6859545454545453,2.760727272727273,2.8714545454545455,1776,145923,153229.720085604,3.6970722991810465,3.88219371545097,7909,7769.18697739159,212785,3946988,0.858629,0.8,0.7,1,NA,114.70751374720179,108.88907577159195,124.96268304148262,109.45779306466176,NA,105.13308911915055,106.61590406775657,114.87357867863533,108.1840972379308,NA,82.3650845575844,NA,113.9496493740829,109.47182291950953,104.28131486150059,108.6269988587102,NA,NA,NA,NA,NA,NA,NA,NA,NA,NA,NA,NA,NA,NA,NA,NA,NA,NA,NA,NA,NA,NA,NA,NA,NA,NA
2004-09-01,0.125,1.125,0.6709477272727273,NA,2.0325,2.533272727272727,2.775590909090909,2.533272727272727,2.5964545454545456,2.6065,2.6284545454545456,2.9068181818181817,2.6247727272727275,2.699909090909091,2.8102727272727273,2786,146341,153536.033382187,3.7076626531420924,3.8899544002208,7696,7633.85644846166,213733,3946988,0.868791,0.8,0.7,0.9,NA,114.90035615753096,109.05372926892962,124.66282237373811,109.79586013197851,NA,105.24097194345028,107.18795869818292,114.99712228492147,108.39748997815359,NA,83.02322277073957,NA,114.41735995950864,108.81689921535924,105.00218502147617,108.07904882513833,NA,NA,NA,NA,NA,NA,NA,NA,NA,NA,NA,NA,NA,NA,NA,NA,NA,NA,NA,NA,NA,NA,NA,NA,NA,NA
2004-10-01,0.25,1.25,0.7084919047619047,NA,1.9003809523809523,2.4123809523809525,2.655904761904762,2.4123809523809525,2.4484285714285714,2.462809523809524,2.4894285714285713,2.7941904761904763,2.4695714285714288,2.5484285714285715,2.6614761904761903,3272,147911,152335.717962569,3.7474398199335797,3.85954347878861,7264,7676.23013542618,215504,3946988,0.96639,0.9,0.8,1.3,NA,115.0869778449463,109.21307136312734,124.37263463075956,110.123021810027,NA,105.34537467664356,107.74155995343423,115.11668061358549,108.603999081595,NA,83.66013071895424,NA,114.86998310669485,108.18310208231057,105.6998013053235,107.54877459910104,1230.90729770234,193.587977358253,22183.2033620184,3671.36762542161,20063.7028157854,3133.95723574843,425.685660975347,7239.22575438091,18607.4873385398,4855.64980014498,6366.55531670622,3309.58274836151,5668.31343977299,10847.8185139325,5926.8436056018,3532.93725415985,24122.0285969189,9767.95303127455,7069.93751468284,8276.47814251721,1178.42521154477,2116.66402349318,460.866962290842,7060.62943768503,-2959.08387820637,134205.420178611
2004-11-01,0.25,1.25,0.7459840909090909,NA,1.8084545454545455,2.2966818181818183,2.531090909090909,2.2966818181818183,2.3640909090909092,2.3635,2.4022272727272727,2.6966363636363635,2.3789545454545453,2.457090909090909,2.564909090909091,3812,152409,151821.812624048,3.86140013600244,3.84652328874696,7376,7851.56952143314,222102,3946988,1.113641,1.1,1,1.5,NA,115.92533098185702,109.22336220671096,124.58283120797299,110.99307044343824,NA,105.72891270327764,107.61080460933678,115.09218158882605,108.62724387686045,NA,83.86243779614979,NA,115.23455108391926,108.63671398489015,105.86201712761417,107.59887208089212,NA,NA,NA,NA,NA,NA,NA,NA,NA,NA,NA,NA,NA,NA,NA,NA,NA,NA,NA,NA,NA,NA,NA,NA,NA,NA
2004-12-01,0.25,1.25,0.7496828571428571,NA,1.689,2.1446666666666667,2.369142857142857,2.1446666666666667,2.296952380952381,2.2834285714285714,2.334904761904762,2.6443333333333334,2.3143333333333334,2.3773809523809524,2.4936190476190476,3366,158416,148610.649325413,4.013592136586177,3.76516597783963,6359,7891.0227971053,227634,3946988,1.10112,1,1,1.3,NA,116.73664046918995,109.23332108759831,124.7862472504376,111.83505299190075,NA,106.10007853550417,107.48426717956505,115.06847285518789,108.64973884002056,NA,84.05821883859711,NA,115.58735880381386,109.07569324545105,106.01900018144386,107.64735351488348,NA,NA,NA,NA,NA,NA,NA,NA,NA,NA,NA,NA,NA,NA,NA,NA,NA,NA,NA,NA,NA,NA,NA,NA,NA,NA
2005-01-01,0.25,1.25,0.7394995,NA,1.643,2.0796666666666668,2.2897142857142856,2.0796666666666668,2.2524761904761905,2.228190476190476,2.296,2.6613333333333333,2.2664761904761903,2.329904761904762,2.4563333333333333,4831,162032,147599.554340198,4.10520629908173,3.73954910276388,7616,8096.62109160765,229624,3946988,1.101798,1,0.9,1.2,NA,117.57499360610066,109.24361193118193,124.99644382765102,112.705101625312,NA,106.48361656213825,107.3535118354676,115.04397383042846,108.672983635286,NA,84.26052591579267,81.45333362662502,115.95192678103827,109.52930514803063,106.18121600373452,107.69745099667456,1190.55826312751,199.613444240513,22362.6086636739,3795.42285037236,20048.2706072265,3339.05325956877,450.000277030824,7212.93686587488,18820.0057931603,4903.08317578254,6354.40137489378,3367.29943107047,5730.64412518047,11006.4457920357,6054.35903742282,3570.61271609347,24299.8379880802,9797.73969036196,7125.3662738137,8335.44109149384,1234.6282851049,2118.43436559562,463.344071501514,7108.73344249433,-2956.70060529306,135459.493080982
2005-02-01,0.25,1.25,0.7524165,NA,1.6115,2.00515,2.19735,2.00515,2.18005,2.1613,2.22835,2.5813,2.20015,2.26885,2.3878,5296,160451,148654.174689017,4.065150438764952,3.76626872665985,8648,8239.06987677268,228701,3946988,1.002057,0.9,0.8,1.4,NA,117.69261661713671,109.33127467282003,125.56230954644292,112.8523241886294,NA,106.98161187099635,106.75203725261932,114.80649877956193,108.92939037239124,NA,84.51183057202208,82.80009238688106,116.28514902805973,109.66908734763437,105.08896278483002,107.52216777788209,NA,NA,NA,NA,NA,NA,NA,NA,NA,NA,NA,NA,NA,NA,NA,NA,NA,NA,NA,NA,NA,NA,NA,NA,NA,NA
2005-03-01,0.25,1.25,0.7538090476190477,NA,1.7388571428571429,2.1768095238095237,2.384952380952381,2.1768095238095237,2.312190476190476,2.3088571428571427,2.361142857142857,2.6843809523809523,2.3697142857142857,2.433904761904762,2.546333333333333,5691,155681,150161.532972722,3.944298791888903,3.80445881702002,9121,8406.16139824851,224525,3946988,0.945786,0.8,0.7,1.4,NA,117.79885675613701,109.41045392333186,126.07341406664204,112.98529940710961,NA,107.43141408544881,106.20876988746605,114.59200518523089,109.16098355429276,NA,84.73881542280995,84.0165196542091,116.58612396085331,109.79534223759903,104.10241149033563,107.36384745123084,NA,NA,NA,NA,NA,NA,NA,NA,NA,NA,NA,NA,NA,NA,NA,NA,NA,NA,NA,NA,NA,NA,NA,NA,NA,NA
2005-04-01,0.25,1.25,0.7645633333333334,NA,1.5602380952380952,1.9763333333333333,2.179047619047619,1.9763333333333333,2.090809523809524,2.08,2.160761904761905,2.4712380952380952,2.178714285714286,2.2326190476190475,2.369,3955,150671,149687.629401614,3.817366559006513,3.7924521027582,9334,8895.8704730633,219020,3946988,0.877946,0.7,0.7,1.4,NA,117.91647976717306,109.49811666496996,126.63927978543394,113.132521970427,NA,107.9294093943069,105.60729530461776,114.35453013436437,109.417390291398,NA,84.99012007903936,85.36327841446514,116.91934620787478,109.93512443720277,103.01015827143112,107.18856423243837,1173.03345133934,206.133837940754,23174.5602678703,3836.70254069408,20958.8774875765,3096.4860180639,489.151636921206,7489.74358326434,18951.35831408,4958.31754228695,6326.98197253076,3351.82600805569,5813.03347726897,11139.4744814013,6145.93948427497,3605.94251785047,24577.6978427857,9801.91612016656,7127.23802985518,8310.53350296524,1220.96601938835,2124.45715646525,465.726296459789,7169.21300986153,-2962.67343234336,137148.006993518
2005-05-01,0.25,1.25,0.7553404545454545,NA,1.44265,1.85215,2.0586,1.85215,1.98745,1.97115,2.0558,2.38055,2.083,2.13985,2.3079,3165,145370,150423.301984185,3.6830616155914333,3.81109093780333,9447,8934.20259844978,214024,3946988,0.832595,0.7,0.6,1.1,NA,118.3545163344401,110.48816804695863,127.1251371230019,113.53515536614381,NA,108.5737284830709,106.48040357004268,114.78789538294417,110.15080415305667,NA,85.70919124954692,84.91747908060792,117.23939593186834,109.82892054157035,103.81880764102239,106.55743139103141,NA,NA,NA,NA,NA,NA,NA,NA,NA,NA,NA,NA,NA,NA,NA,NA,NA,NA,NA,NA,NA,NA,NA,NA,NA,NA
2005-06-01,0.25,1.25,0.7493931818181818,NA,1.395181818181818,1.8011363636363635,2.003636363636364,1.8011363636363635,1.9084545454545454,1.9188636363636364,1.9865,2.317181818181818,2.0085,2.0801818181818184,2.2785454545454544,3101,140661,150909.420062295,3.563755450991997,3.82340711606661,9597,8935.71835961985,210257,3946988,0.741458,0.4,0.2,0.7,NA,118.80715412061606,111.51122114168027,127.62718970515546,113.95120987505119,NA,109.23952487479367,107.38261544431509,115.23570613980998,110.90866514343732,NA,86.4522314590714,84.45681976895544,117.57011397999503,109.71917651608352,104.65441198960004,105.90526078824425,NA,NA,NA,NA,NA,NA,NA,NA,NA,NA,NA,NA,NA,NA,NA,NA,NA,NA,NA,NA,NA,NA,NA,NA,NA,NA
2005-07-01,0.25,1.25,0.7490633333333333,NA,1.4597619047619048,1.8249523809523809,1.9990476190476192,1.8249523809523809,1.922904761904762,1.9292857142857143,1.9936190476190476,2.3324761904761906,2.0076190476190474,2.077142857142857,2.2607142857142857,1813,139902,149658.702167901,3.54452559774694,3.79171920887272,9128,9003.90580579468,208300,3946988,0.79838,0.4,0.3,1.2,NA,119.24519068788311,112.50127252366894,128.11304704272342,114.353843270768,NA,109.88384396355767,108.25572370974001,115.66907138838978,111.642079005096,NA,87.17130262957896,84.01102043509822,117.89016370398859,109.6129726204511,105.4630613591913,105.2741279468373,1163.41891287555,200.842373562568,23375.8722177289,3883.25333080179,21115.9179079236,3180.45978212736,474.045695530401,7505.2793741909,19254.8694181121,5003.97002114346,6360.08120537438,3374.99656719468,5948.48631158882,11475.2223994935,6385.33841636507,3639.08643516674,24657.5510462013,9749.76163522767,7067.87516289807,8387.90743303545,1239.36007608739,2146.4994561871,467.600169935772,7228.94253909351,-2971.53843245476,138516.711708242
2005-08-01,0.25,1.25,0.7594695454545455,NA,1.5376818181818181,1.8529545454545455,2.001181818181818,1.8529545454545455,1.9445000000000001,1.9388636363636365,2.0015,2.341409090909091,2.0231818181818184,2.085590909090909,2.268090909090909,2075,142359,149491.458677808,3.6067755969868673,3.78748196543308,8975,8828.73718396439,210114,3946988,0.645856,0.3,0,1,NA,119.57963392491517,112.18225637257723,127.85954959706467,114.68113155089254,NA,110.13327953115373,108.11516171483525,115.98715346079139,111.98746655244582,NA,87.87297527706734,83.72009978930818,118.2347136460133,109.90503063890661,105.78079175132055,104.37344256877462,NA,NA,NA,NA,NA,NA,NA,NA,NA,NA,NA,NA,NA,NA,NA,NA,NA,NA,NA,NA,NA,NA,NA,NA,NA,NA
2005-09-01,0.25,1.25,0.7622727272727273,NA,1.479090909090909,1.748,1.872090909090909,1.748,1.8538181818181818,1.8547272727272728,1.9033636363636364,2.2667272727272727,1.9246363636363637,1.982590909090909,2.1805,2050,142728,149756.66580217,3.616124497971618,3.79420119347133,8951,8756.18690669939,210888,3946988,0.644053,0.3,0,1.4,NA,119.91407716194722,111.8632402214855,127.60605215140592,115.00841983101708,NA,110.38271509874981,107.9745997199305,116.305235533193,112.33285409979564,NA,88.57464792455573,83.42917914351814,118.57926358803803,110.19708865736212,106.09852214344978,103.47275719071196,NA,NA,NA,NA,NA,NA,NA,NA,NA,NA,NA,NA,NA,NA,NA,NA,NA,NA,NA,NA,NA,NA,NA,NA,NA,NA
2005-10-01,0.25,1.25,0.8116861904761905,NA,1.7025714285714286,1.9026666666666667,1.978047619047619,1.9026666666666667,1.9595714285714285,1.967047619047619,2.0171428571428573,2.3605714285714283,2.0255238095238095,2.09,2.2836190476190477,2452,144066,148378.574342785,3.650023764956975,3.75928617829051,8874,9262.13757593439,212534,3946988,0.606755,0.1,-0.1,1.3,NA,120.23773190746212,111.55451491397739,127.3607320427039,115.325150424686,NA,110.62410435771375,107.83857198292588,116.61305689358166,112.66710011336,NA,89.25368597051224,83.14764303468907,118.91269901580388,110.47972544941584,106.40600316809099,102.60112617968356,1150.159850597,197.021472163823,23703.3329109517,4015.9007897919,21263.6262928214,3328.50644884296,478.700357963294,7483.41321201271,19479.05329161,5008.00301089471,6478.08791373219,3381.80670865025,5989.30131884315,11800.7277062158,6600.5349618481,3670.14638213123,24694.9035914284,9764.0272692035,7013.14123620522,8364.49054592336,1234.55652618918,2158.83934784741,468.612211905345,7313.01611581113,-2951.60836847852,139878.495281844
2005-11-01,0.25,1.25,0.9527659090909091,NA,1.9455909090909091,2.1186818181818183,2.218227272727273,2.1186818181818183,2.252136363636364,2.240136363636364,2.3035,2.6283636363636362,2.3052272727272727,2.3864545454545456,2.553181818181818,2852,146762,146195.450908567,3.718329014428217,3.70397505410624,8593,9362.05469337336,216859,3946988,0.593182,0,-0.2,1,NA,121.04616282062152,112.54929646039241,127.55371417826483,116.1866820774758,NA,111.14024360741799,108.36486224291812,117.01597633063501,113.36534526697041,NA,89.61988738872698,84.00947228537025,119.23088024156297,110.86819248671632,105.29220829457029,104.0319863801738,NA,NA,NA,NA,NA,NA,NA,NA,NA,NA,NA,NA,NA,NA,NA,NA,NA,NA,NA,NA,NA,NA,NA,NA,NA,NA
2005-12-01,0.3863636363636364,1.3863636363636365,1.0220238095238094,NA,1.8959523809523808,2.0318095238095237,2.1121904761904764,2.0318095238095237,2.231095238095238,2.220142857142857,2.2785714285714285,2.5619047619047617,2.2763809523809524,2.3703333333333334,2.5423333333333336,1917,151764,142339.034930453,3.8450585611103962,3.60626976647644,7341,9242.00289506864,220999,3946988,0.572702,0.1,-0.2,1,NA,121.82851531722737,113.51198827950374,127.74047108364638,117.0204223866272,NA,111.63973320390595,108.87417539774931,117.40589836649309,114.04106638336758,NA,89.97427585796704,84.84350059248109,119.53879755681369,111.24412832926517,104.21434228793736,105.41668980000307,NA,NA,NA,NA,NA,NA,NA,NA,NA,NA,NA,NA,NA,NA,NA,NA,NA,NA,NA,NA,NA,NA,NA,NA,NA,NA
2006-01-01,0.5,1.5,1.0075795238095238,NA,1.903857142857143,1.9957142857142858,2.048,1.9957142857142858,2.1515714285714287,2.149238095238095,2.1994285714285713,2.4603809523809526,2.206857142857143,2.2977142857142856,2.4815714285714288,2778,154204,140431.156463225,3.9068778521748735,3.55793218685299,9287,9664.49901830765,221825,3946988,0.584983,0,-0.2,1.3,NA,122.63694623038677,114.50676982591877,127.93345321920731,117.881954039417,NA,112.15587245361019,109.40046565774155,117.80881780354645,114.739311536978,NA,90.34047727618179,85.70532984316227,119.85697878257278,111.63259536656565,103.10054741441665,106.84755000049331,1121.63248324171,187.946910914617,24118.8871332623,4127.41369417463,21561.2016522917,3347.17178933065,492.948214898187,7342.31809508167,19609.6351198124,4984.41269109998,6536.04734208233,3479.71394825217,6062.67661240258,12080.1100746012,6760.93029519158,3699.16910891178,24895.1573683265,9852.16962211282,7061.97958536735,8360.312901397,1300.03849997559,2161.8871886716,468.859757155654,7411.40703858796,-2949.40661069952,141375.696698399
2006-02-01,0.5,1.5,1.089084,NA,1.9374,2.1088,2.191,2.1088,2.23425,2.226,2.2672,2.503,2.28275,2.37695,2.54465,2712,150099,139043.835140766,3.8028744956913982,3.5227833259378,10971,10462.3754281291,218394,3946988,0.788227,0.2,0,1.4,NA,123.3947230086709,114.42612010361171,127.70514213500675,118.78422844365792,NA,112.36064735448575,109.63771396542059,118.09855856359998,115.17424525361552,NA,90.2985931668102,85.87921515144849,120.20703327144348,111.2706893450405,103.42830953033587,108.25302896605623,NA,NA,NA,NA,NA,NA,NA,NA,NA,NA,NA,NA,NA,NA,NA,NA,NA,NA,NA,NA,NA,NA,NA,NA,NA,NA
2006-03-01,0.6304347826086957,1.6304347826086956,1.21145,NA,2.111,2.3116086956521738,2.3925217391304345,2.3116086956521738,2.443304347826087,2.4248695652173913,2.4715217391304347,2.6492608695652176,2.4852608695652174,2.5747391304347826,2.7231304347826084,2330,143249,138182.115309275,3.629324436760385,3.50095098615134,11721,10757.076451718,212486,3946988,0.855541,0.2,0,1,NA,124.07916655034687,114.3532751931408,127.49892567185785,119.59918597006907,NA,112.54560532947015,109.85200275945328,118.36025989526124,115.56708861057847,NA,90.26076235834557,86.03627284925541,120.52321151945573,110.94380648688873,103.72435273181128,109.52249383817757,NA,NA,NA,NA,NA,NA,NA,NA,NA,NA,NA,NA,NA,NA,NA,NA,NA,NA,NA,NA,NA,NA,NA,NA,NA,NA
2006-04-01,0.75,1.75,1.2806483333333334,NA,2.2728333333333333,2.5326666666666666,2.632722222222222,2.5326666666666666,2.640722222222222,2.6374444444444443,2.6755555555555555,2.8506666666666667,2.7091666666666665,2.805,2.9553333333333334,1626,136360,135469.019324592,3.454786282603342,3.43221259665831,10888,10500.6697082188,204316,3946988,0.986996,0.1,0,1.1,NA,124.836943328631,114.27262547083374,127.27061458765729,120.50146037431,NA,112.75038023034571,110.08925106713232,118.65000065531477,116.002022327216,NA,90.218878248974,86.21015815754163,120.87326600832642,110.58190046536357,104.0521148477305,110.92797280374049,1111.35004911006,192.922820086713,24432.3890005784,4222.18204779374,21764.9239258055,3405.079636167,492.977053775404,7358.21492613106,20086.1533063511,5019.44974897537,6513.34186353702,3445.14789899283,6102.00228246909,12089.196953998,6725.43276564416,3718.36051465859,24894.2131795186,9802.91904490091,6997.30953988262,8389.28735232042,1249.45233643377,2181.5069854088,470.356334677964,7481.26437535504,-2944.31693505921,142319.54519246
2006-05-01,0.75,1.75,1.4059128571428572,NA,2.4497142857142857,2.692952380952381,2.7869047619047618,2.692952380952381,2.8054285714285716,2.814619047619048,2.855952380952381,3.0284285714285715,2.888190476190476,2.9840476190476193,3.137142857142857,1136,129486,133996.108789528,3.280628165071695,3.3948952667078802,12370,11740.8712167171,196638,3946988,1.096993,0.2,0,1.4,NA,125.18567208221695,116.14533283066316,127.92457424847761,120.91330929003044,NA,113.5116413243376,110.62974666001442,118.43388951992574,116.27090929221457,NA,90.18881255543361,86.58615971037607,121.01802166331422,110.51438287659036,105.01228686926096,109.5818919174377,NA,NA,NA,NA,NA,NA,NA,NA,NA,NA,NA,NA,NA,NA,NA,NA,NA,NA,NA,NA,NA,NA,NA,NA,NA,NA
2006-06-01,0.8863636363636364,1.8863636363636365,1.4811745454545455,NA,2.4363809523809525,2.6513809523809524,2.7354285714285713,2.6513809523809524,2.772047619047619,2.7774285714285716,2.8105714285714285,3.0136666666666665,2.848809523809524,2.9454761904761906,3.0953809523809523,1107,122837,131808.656183002,3.1121705969209943,3.33947445958797,12559,11552.7098924707,189892,3946988,1.073683,0.4,0.4,1.6,NA,125.54602512758912,118.08046376915357,128.6003325646586,121.33888650294156,NA,114.29827778812924,111.18825877265924,118.21057468002375,116.54875915604643,NA,90.15774467210855,86.974694648305,121.16760250680161,110.44461470152469,106.00446462484246,108.19094166825815,NA,NA,NA,NA,NA,NA,NA,NA,NA,NA,NA,NA,NA,NA,NA,NA,NA,NA,NA,NA,NA,NA,NA,NA,NA,NA
2006-07-01,1,2,1.5300795238095237,NA,2.5388571428571427,2.7455238095238097,2.8233333333333333,2.7455238095238097,2.8702380952380953,2.867142857142857,2.8938571428571427,3.104857142857143,2.943761904761905,3.0478095238095237,3.187,549,121725,130219.950059315,3.083997215091609,3.29922335865513,11529,11239.8322580501,186936,3946988,1.16908,0.4,0.5,1.4,NA,125.89475388117508,119.95317112898299,129.25429222547893,121.750735418662,NA,115.05953888212113,111.72875436554133,117.99446354463473,116.817646121045,NA,90.12767897856817,87.35069620113944,121.3123581617894,110.37709711275147,106.96463664637292,106.84486078195536,1114.27342607227,192.069434685816,24817.163501557,4384.71366229474,21928.9365328114,3411.50726716925,494.250527947628,7220.14344048935,20547.4870536734,5066.28000602959,6547.24732231574,3440.67337926407,6092.10213878938,12019.5194837534,6589.95802979456,3727.45318227198,25112.4195291993,9898.55500695815,7038.75854148299,8454.00761629814,1276.49561433012,2198.35552909671,472.702066419634,7562.23737661583,-2939.67152318154,143574.282877471
2006-08-01,1,2,1.6106063636363637,NA,2.4206818181818184,2.5927727272727275,2.6599545454545455,2.5927727272727275,2.7159545454545455,2.7236818181818183,2.7500454545454547,2.9672727272727273,2.7864545454545455,2.896590909090909,3.0346363636363636,527,123074,129256.220658357,3.1181751756022567,3.27480652736611,11782,11718.2906748621,186654,3946988,1.167861,0.4,0.5,1.5,NA,127.32891263764614,118.49187134011126,129.4184423800043,123.48501235501996,NA,115.3104607661159,113.12783654738405,118.23723104854359,118.58753786783046,NA,90.13280067672501,88.77787506348012,121.84075249188469,110.40792692908339,108.19735975211819,107.01286703596908,NA,NA,NA,NA,NA,NA,NA,NA,NA,NA,NA,NA,NA,NA,NA,NA,NA,NA,NA,NA,NA,NA,NA,NA,NA,NA
2006-09-01,1.1428571428571428,2.142857142857143,1.7367857142857144,NA,2.3033333333333332,2.4166666666666665,2.470952380952381,2.4166666666666665,2.5485714285714285,2.5485238095238096,2.5774285714285714,2.8002857142857143,2.6124761904761904,2.718809523809524,2.849095238095238,792,121876,127908.95341553,3.0878229171205995,3.24067246760137,11266,11290.8063157581,184880,3946988,0.9883,0.4,0.5,0.8,NA,128.76307139411722,117.03057155123953,129.58259253452968,125.21928929137792,NA,115.56138265011066,114.52691872922678,118.47999855245244,120.35742961461591,NA,90.13792237488187,90.20505392582079,122.36914682197995,110.43875674541532,109.43008285786345,107.18087328998278,NA,NA,NA,NA,NA,NA,NA,NA,NA,NA,NA,NA,NA,NA,NA,NA,NA,NA,NA,NA,NA,NA,NA,NA,NA,NA
2006-10-01,1.25,2.25,1.8454172727272729,NA,2.324818181818182,2.4363636363636365,2.490181818181818,2.4363636363636365,2.5346818181818183,2.545818181818182,2.5601818181818183,2.776090909090909,2.606409090909091,2.712727272727273,2.835272727272727,560,122765,126461.871084729,3.1103464211190914,3.20400951522348,11203,11428.1986403624,186149,3946988,0.900233,0.5,0.6,0.3,NA,130.15096696489567,115.61641046523464,129.74144752278005,126.897621810434,NA,115.804210279783,115.88086922778425,118.7149348465578,122.070228079247,NA,90.14287885696913,91.58619476034403,122.88049617368506,110.46859205154298,110.62304070213307,107.34345998741541,1127.55065528296,196.885563025859,25461.6443336896,4593.96225337166,22320.8824357476,3444.7855840498,491.02717930837,7117.98447683618,21038.8514413864,5106.16027247752,6642.35459264005,3449.09119676614,6113.76211372964,12429.6521704201,6882.67057069967,3725.91237511346,25214.2844140406,9968.67372157061,6998.21889222014,8517.03002018104,1283.86251192303,2202.89124527911,476.053857045698,7646.01215209397,-2892.46862711043,145766.12887778
2006-11-01,1.25,2.25,1.9006809090909091,NA,2.2395,2.3122727272727275,2.3490454545454544,2.3122727272727275,2.4058636363636365,2.418409090909091,2.4527272727272726,2.6500909090909093,2.4711818181818184,2.5681818181818183,2.697681818181818,638,124133,123664.403441353,3.1450057613552405,3.1331335043672,11062,11986.8743530828,188641,3946988,0.887705,0.5,0.6,0.5,NA,130.82468105687545,117.65056721359363,130.12408130469385,127.44448309648426,NA,116.95518543812548,115.72723169846974,119.41845427687136,122.6747041885097,NA,90.96491141114348,91.82764036637232,123.0307447964932,110.35220844577171,110.53757770183825,106.30592663887998,NA,NA,NA,NA,NA,NA,NA,NA,NA,NA,NA,NA,NA,NA,NA,NA,NA,NA,NA,NA,NA,NA,NA,NA,NA,NA
2006-12-01,1.3928571428571428,2.392857142857143,2.0165352631578948,NA,2.3672105263157897,2.4096315789473683,2.4314736842105265,2.4096315789473683,2.5008947368421053,2.518736842105263,2.5479473684210525,2.7396315789473684,2.5715263157894737,2.6608947368421054,2.8045263157894738,395,128580,120557.255667824,3.257673952897754,3.05441150740321,10072,12777.1479377,192156,3946988,0.918422,0.5,0.6,0.6,NA,131.47666243621072,119.61910600232815,130.4943720613846,127.97370369588775,NA,118.0690323655537,115.57855021848796,120.0992795320135,123.25968106844131,NA,91.76042678615092,92.06129740446421,123.17614668953333,110.23957914986401,110.45487157252066,105.30186210803926,NA,NA,NA,NA,NA,NA,NA,NA,NA,NA,NA,NA,NA,NA,NA,NA,NA,NA,NA,NA,NA,NA,NA,NA,NA,NA
2007-01-01,1.5,2.5,2.148976818181818,NA,2.5237142857142856,2.5577619047619047,2.572238095238095,2.5577619047619047,2.6363333333333334,2.6496666666666666,2.689761904761905,2.8734761904761905,2.7054285714285715,2.7993809523809525,2.9303809523809523,1148,131057,119306.544666867,3.320430667638209,3.02272377485989,12062,12585.884582762,193176,3946988,0.803769,0.4,0.7,0.1,NA,132.1503765281905,121.65326275068715,130.8770058432984,128.520564981938,NA,119.22000752389617,115.42491268917345,120.80279896232706,123.864157177704,NA,92.58245934032526,92.3027430104925,123.32639531234146,110.12319554409274,110.36940857222584,104.26432875950383,1179.68319607073,195.252678904179,25395.3558629099,4540.16594855782,22344.9410745811,3421.33506926264,480.794654253795,7075.18027746735,21429.532987619,5157.84034989576,6668.20742972491,3468.46922451313,6085.53490204153,12677.4081121886,7068.27853469061,3712.92188221233,25388.0573815855,10042.6647728496,7020.95044918266,8582.36176498561,1317.87234060519,2216.89516032959,480.295013553076,7700.89312280919,-2865.91887166223,146872.209295881
2007-02-01,1.5,2.5,2.211542,NA,2.51555,2.57365,2.59695,2.57365,2.6576,2.6701,2.6980500000000003,2.88145,2.72405,2.8191,2.9413,1564,126395,117059.429534683,3.2023152844650147,2.9657913714124,13253,12654.5374688154,188902,3946988,0.787344,0.5,0.7,0,NA,133.04780411412275,122.63157894736841,130.9469077533735,129.95218704530274,NA,119.79221569671408,115.98294744103825,120.638317222706,123.99558391427168,NA,92.32853692726012,94.05921192523995,123.41289107979883,109.8881100081239,110.08199818437285,104.7836113491002,NA,NA,NA,NA,NA,NA,NA,NA,NA,NA,NA,NA,NA,NA,NA,NA,NA,NA,NA,NA,NA,NA,NA,NA,NA,NA
2007-03-01,1.6363636363636365,2.6363636363636362,2.2591663636363637,NA,2.4801818181818183,2.5873181818181816,2.6327727272727275,2.5873181818181816,2.6239545454545454,2.654909090909091,2.6783636363636365,2.8653181818181817,2.7027727272727273,2.8015909090909092,2.9324545454545454,1545,117915,113748.503223272,2.9874679122409287,2.88190648725742,13643,12731.6375289906,180298,3946988,0.911686,0.4,0.7,0.2,NA,133.85838386915833,123.51521938308053,131.01004496247361,131.24526503801928,NA,120.30904888506574,116.48697882981934,120.48975307079017,124.11429193439733,NA,92.09918765094322,95.6456999772699,123.49101628911517,109.67577468531334,109.82240170502176,105.25264078486465,NA,NA,NA,NA,NA,NA,NA,NA,NA,NA,NA,NA,NA,NA,NA,NA,NA,NA,NA,NA,NA,NA,NA,NA,NA,NA
2007-04-01,1.75,2.75,2.318904210526316,NA,2.6073684210526316,2.7263684210526318,2.7710526315789474,2.7263684210526318,2.7445263157894737,2.780894736842105,2.800263157894737,3.0044736842105264,2.8369473684210527,2.933263157894737,3.054842105263158,617,112829,112081.229197238,2.8586101604565304,2.83966480762642,13537,12584.8489936971,173806,3946988,0.871443,0.5,0.7,0.5,NA,134.7558114550906,124.4935355797618,131.0799468725487,132.676887101384,NA,120.88125705788364,117.04501358168413,120.3252713311691,124.245718670965,NA,91.84526523787808,97.40216889201734,123.57751205657253,109.44068914934451,109.53499131716877,105.77192337446102,1196.78633417432,190.094036467226,25741.2409573457,4596.49429872589,22659.2619233273,3541.14413512556,478.38080212608,7025.04638590132,21594.1061587535,5190.68673949584,6765.04349033227,3581.91495392246,6127.92222785757,13226.8179007689,7534.93906472678,3735.40024008101,25597.2329417339,10103.3772167425,7058.2186784379,8710.15581087106,1326.66778407962,2215.73816712328,486.307912272447,7784.2678256797,-2857.75591056622,148919.645912581
2007-05-01,1.75,2.75,2.4107938095238097,NA,2.78625,2.876,2.90815,2.876,2.91115,2.9364,2.9489,3.1194,2.9914,3.0875,3.2081,1461,106200,109899.765640385,2.6906593078063574,2.78439573772165,13339,12841.9474842798,165843,3946988,0.959453,0.6,0.8,0.5,NA,134.37989339381153,125.03722481326065,131.29933246451563,132.15757678741664,NA,121.14422126928484,118.28911290494527,120.46439702770755,124.30640725812754,NA,91.44438932400627,97.44241592419152,123.94408181063224,109.63074378951123,109.64834220668781,106.78416141384494,NA,NA,NA,NA,NA,NA,NA,NA,NA,NA,NA,NA,NA,NA,NA,NA,NA,NA,NA,NA,NA,NA,NA,NA,NA,NA
2007-06-01,1.8928571428571428,2.892857142857143,2.5463090476190477,NA,2.9896666666666665,3.0965714285714285,3.1371904761904763,3.0965714285714285,3.2158571428571427,3.2330952380952382,3.2705238095238096,3.382047619047619,3.3021904761904763,3.3972857142857142,3.516142857142857,458,99781,107077.659472347,2.5280289679117343,2.71289549074755,13343,12609.3941981181,158677,3946988,1.033042,0.6,0.8,0.6,NA,133.99144473048983,125.59903702120947,131.52603090954815,131.62095612965038,NA,121.4159509543994,119.57468220564846,120.60816024746393,124.36911879819547,NA,91.03015087967208,97.48400452410483,124.32287055649394,109.82713358435018,109.76547145919083,107.83014072120832,NA,NA,NA,NA,NA,NA,NA,NA,NA,NA,NA,NA,NA,NA,NA,NA,NA,NA,NA,NA,NA,NA,NA,NA,NA,NA
2007-07-01,2,3,2.7155295454545456,NA,3.0666363636363636,3.1938181818181817,3.2563636363636363,3.1938181818181817,3.3521363636363635,3.3601363636363635,3.4138636363636365,3.5515454545454546,3.4455454545454547,3.562818181818182,3.714909090909091,220,99779,106742.927584366,2.527978296361681,2.7044147989395,13503,12877.1950494166,157068,3946988,0.977218,0.7,0.8,0.7,NA,133.61552666921077,126.14272625470832,131.74541650151508,131.101645815683,NA,121.6789151658006,120.8187815289096,120.74728594400237,124.429807385358,NA,90.62927496580026,97.52425155627901,124.68944031055365,110.0171882245169,109.87882234870987,108.84237876059224,1203.49188887793,189.14013750623,26294.8370941491,4752.64307843673,23042.7509258953,3676.66009622055,468.428697395712,7050.98837946872,21608.1214720351,5220.9939678145,6822.9308569835,3639.13284244961,6187.57526133465,13239.7522004101,7493.40415967682,3793.167039176,25905.318358796,10104.980172674,7079.74842017052,8760.13401703041,1334.49172901087,2223.8808343616,494.336607093818,7843.34467680144,-2861.2250509147,150224.95102372
2007-08-01,2,3,2.7956440909090907,NA,2.7917727272727273,2.965909090909091,3.0295,2.965909090909091,3.173681818181818,3.1635,3.230590909090909,3.4493636363636364,3.288909090909091,3.4697727272727272,3.642227272727273,354,100757,105835.316300516,2.5527566843375253,2.68141976364043,13091,12926.8291493157,156235,3946988,0.792779,0.6,0.7,0.4,NA,134.4966481285539,127.54228098207842,132.27670803998842,131.8056246133595,NA,121.88009975240344,121.86809316529164,120.8539202286543,124.53076551376857,NA,91.83543488173832,96.36038367334447,125.05992701590283,110.38381760212715,109.7478736339952,109.65978191807754,NA,NA,NA,NA,NA,NA,NA,NA,NA,NA,NA,NA,NA,NA,NA,NA,NA,NA,NA,NA,NA,NA,NA,NA,NA,NA
2007-09-01,2.15,3.15,2.8244165,NA,2.656,2.88545,2.9795,2.88545,3.1456,3.1283,3.20425,3.30245,3.26985,3.4572,3.59595,346,99681,104651.111154785,2.5254953904090915,2.65141700848305,13601,13732.8102761648,154395,3946988,0.953751,0.6,0.7,0.7,NA,135.37776958789698,128.94183570944853,132.80799957846176,132.50960341103595,NA,122.08128433900627,122.91740480167368,120.96055451330622,124.63172364217913,NA,93.0415947976764,95.19651579040993,125.43041372125201,110.7504469797374,109.61692491928052,110.47718507556284,NA,NA,NA,NA,NA,NA,NA,NA,NA,NA,NA,NA,NA,NA,NA,NA,NA,NA,NA,NA,NA,NA,NA,NA,NA,NA
2007-10-01,2.25,3.25,2.78721,NA,2.711608695652174,2.948695652173913,3.053391304347826,2.948695652173913,3.1433043478260867,3.1502173913043476,3.215782608695652,3.374,3.2839565217391304,3.445391304347826,3.521478260869565,528,102039,105147.299114174,2.5852371479214025,2.66398831499295,14273,14575.8176830772,157458,3946988,1.103936,0.7,0.8,1.3,NA,136.23046777435806,130.29624351012927,133.32215268021017,133.190873215239,NA,122.27597910023482,123.93286767559178,121.06374898232421,124.72942505677,NA,94.20884632922936,94.07019203273134,125.78894924255766,111.10524960323119,109.49020035665342,111.2682203892583,1201.98654646871,197.700810744455,26642.681430415,4754.68310025195,23457.8062798654,3613.84589753096,446.637134267398,7166.63826679834,21553.9576957143,5282.02514179499,6677.54086960698,3696.0482625642,6268.23932526035,13277.8071342794,7446.28016332472,3886.97597575097,26294.5397001507,10103.6923657153,7119.1230746893,8852.43846743312,1333.87829254937,2241.42054945349,504.845459382359,7861.34624924337,-2895.43764602054,151092.885945776
2007-11-01,2.25,3.25,2.750643181818182,NA,2.5820454545454545,2.8447272727272725,2.9585,2.8447272727272725,2.987181818181818,2.9865,3.039,3.2869545454545457,3.152772727272727,3.404318181818182,3.4515454545454545,304,104820,104445.914690465,2.655695938269891,2.64621819702682,13766,14718.5018935947,161214,3946988,1.159037,0.7,0.8,1.8,NA,137.1602966929998,131.46253911627102,133.80067561531777,133.80458255828978,NA,123.02813175343701,124.92333940712997,121.1581891532811,125.28590110637427,NA,92.71587131650772,93.18371791205648,126.19602300724657,111.58355853597207,109.90956714244861,111.80955863902672,NA,NA,NA,NA,NA,NA,NA,NA,NA,NA,NA,NA,NA,NA,NA,NA,NA,NA,NA,NA,NA,NA,NA,NA,NA,NA
2007-12-01,2.25,3.25,2.77443,NA,2.7088823529411763,2.950235294117647,3.046764705882353,2.950235294117647,3.0684117647058824,3.073294117647059,3.1246470588235296,3.4036470588235295,3.242058823529412,3.5469411764705883,3.422823529411765,336,109012,102178.520484301,2.7619035071806652,2.58877200752323,11420,14315.3065628557,164838,3946988,1.235965,0.8,1,2,NA,138.06013113039498,132.59121228350497,134.2637623267122,134.39849482575823,NA,123.7560214178262,125.88186043765079,121.24958286711035,125.82442631566873,NA,91.27105678806743,92.32583973075823,126.58996536017129,112.04643814830196,110.31540596741168,112.33343436460906,NA,NA,NA,NA,NA,NA,NA,NA,NA,NA,NA,NA,NA,NA,NA,NA,NA,NA,NA,NA,NA,NA,NA,NA,NA,NA
2008-01-01,2.25,3.25,2.6963631818181817,NA,2.4336666666666664,2.7896666666666667,2.9396666666666667,2.7896666666666667,2.9592380952380952,2.9706190476190475,3.0326190476190478,3.3714285714285714,3.1989047619047617,3.4922857142857144,3.2628095238095236,465,111877,101812.77369672,2.8344905026313736,2.57950552919644,13608,14380.0465190881,166414,3946988,1.476056,0.8,1,2.4,NA,138.9899600490367,133.75750788964672,134.7422852618198,135.012204168809,NA,124.50817407102839,126.87233216918898,121.34402303806723,126.380902365273,NA,89.77808177534578,91.43936561008337,126.9970391248602,112.52474708104285,110.73477275320687,112.87477261437748,1181.88579734369,195.638159878658,27086.0261728639,4857.73710947907,23804.9298760922,3640.01674668492,416.531585469672,7224.05463689022,21796.3273963369,5357.1314162914,6726.5031433286,3739.58706322933,6396.28158386772,12813.5383195357,6918.22774312577,4018.53480263992,26688.2176633078,10192.2135647108,7088.96367741966,9003.61526112697,1310.14730086955,2267.08473289702,517.271590693363,7921.76208933395,-2927.5884859531,151988.249136826
2008-02-01,2.25,3.25,2.7445242857142857,NA,2.4596666666666667,2.8127142857142857,2.956,2.8127142857142857,3.0127619047619048,3.034190476190476,3.1194285714285717,3.530761904761905,3.306619047619048,3.6833809523809524,3.3634761904761903,1003,108457,100425.523931718,2.7478421520409992,2.54435848124489,15155,13899.9417723634,163744,3946988,1.524933,0.9,1,2.4,NA,139.76528688322165,133.5841090600329,135.4352755382593,135.75268721169434,NA,124.54960425804292,128.02570925388156,122.08916543231388,126.93420712833667,NA,89.80914965867085,91.18964667456781,127.50842372728253,112.41933626874425,110.87559184210708,110.59145598031193,NA,NA,NA,NA,NA,NA,NA,NA,NA,NA,NA,NA,NA,NA,NA,NA,NA,NA,NA,NA,NA,NA,NA,NA,NA,NA
2008-03-01,2.25,3.25,2.8290352631578948,NA,2.447842105263158,2.8451578947368423,2.9920526315789475,2.8451578947368423,3.0515263157894736,3.0727894736842107,3.152263157894737,3.583263157894737,3.382,4.020368421052631,3.466105263157895,1127,103777,100109.629329816,2.6292707249173297,2.53635504667904,15035,14018.1987985542,159031,3946988,1.630216,1,1.1,2.6,NA,140.49059263133014,133.42189725168447,136.08355676460596,136.44539715503868,NA,124.58836152976617,129.10467491375525,122.78623412370588,127.45181480991235,NA,89.83821316242656,90.95603863811779,127.9868157747099,112.3207261540133,111.0073258284976,108.45545009683129,NA,NA,NA,NA,NA,NA,NA,NA,NA,NA,NA,NA,NA,NA,NA,NA,NA,NA,NA,NA,NA,NA,NA,NA,NA,NA
2008-04-01,2.25,3.25,2.8480672727272727,NA,2.669590909090909,3.029227272727273,3.1571818181818183,3.029227272727273,3.1612727272727272,3.1636818181818183,3.265,3.6017727272727273,3.5120454545454547,4.017090909090909,3.6531818181818183,1490,100880,100197.440767045,2.5558729846657755,2.53857981749742,15488,14712.6946597575,154894,3946988,1.603731,1,1.2,2.3,NA,141.26591946551508,133.24849842207064,136.77654704104546,137.185880197924,NA,124.6297917167807,130.25805199844783,123.53137651795252,128.005119572976,NA,89.86928104575162,90.70631970260223,128.49820037713224,112.2153153417147,111.14814491739781,106.17213346276574,1183.52028343552,195.04627490707,27834.0559948512,5148.38437469142,24182.9611304785,3746.10077596852,385.574535752567,7186.59385741163,22111.1374777296,5398.72494480421,6575.99587785784,3770.56608173605,6468.37193449072,12660.4179382108,6672.02620596031,4131.87607875236,27063.9314952181,10219.589831096,7058.60696485773,9171.30731570735,1297.30104647892,2283.23405674844,526.253301047996,7984.22023622689,-2938.18240863679,153471.987695077
2008-05-01,2.25,3.25,2.7815,NA,2.78215,3.0857,3.189,3.0857,3.2206,3.2654,3.3354,3.6173,3.58135,3.93875,3.6974,1468,95166,98471.7304254554,2.411104366164782,2.49485760852213,15414,15000.8193208338,148527,3946988,1.768049,1.2,1.3,2.9,NA,141.49543219460006,134.51375052718836,137.08060581556208,137.42870226838883,NA,125.18166152052753,131.59170088739356,124.10318155843959,128.67187029475457,NA,90.51068250794651,91.36967056172529,129.14540798796236,111.56807066450708,110.97195521565715,106.61689444905494,NA,NA,NA,NA,NA,NA,NA,NA,NA,NA,NA,NA,NA,NA,NA,NA,NA,NA,NA,NA,NA,NA,NA,NA,NA,NA
2008-06-01,2.25,3.25,2.8367066666666667,NA,3.0696190476190477,3.257857142857143,3.3207142857142857,3.257857142857143,3.4758095238095237,3.508380952380952,3.5610476190476192,3.905952380952381,3.8314285714285714,4.1251428571428574,4.187285714285714,1413,91477,98156.7839562098,2.317640692092299,2.48687819563196,15181,13942.2149118489,144546,3946988,1.726981,1.1,1.4,2.9,NA,141.73259534798783,135.8211777024767,137.3947998825626,137.67961840786919,NA,125.75192698439926,132.96980473930418,124.69404676694289,129.36084604059243,NA,91.17346401888125,92.05513311615246,129.81418918582014,110.89925116472585,110.78989252385847,107.07648080155377,NA,NA,NA,NA,NA,NA,NA,NA,NA,NA,NA,NA,NA,NA,NA,NA,NA,NA,NA,NA,NA,NA,NA,NA,NA,NA
2008-07-01,2.25,3.25,2.7861591304347826,NA,2.935304347826087,3.1378260869565215,3.205695652173913,3.1378260869565215,3.3692608695652173,3.4143478260869564,3.4600434782608698,3.8249565217391304,3.7890869565217393,4.164260869565218,4.216347826086956,807,92163,98585.184237675,2.335021033760427,2.49773204878441,14549,14076.4521739999,143798,3946988,1.84448,1,1.4,3.1,NA,141.9621080770728,137.0864298075944,137.69885865707923,137.922440478334,NA,126.30379678814609,134.3034536282499,125.26585180742995,130.027596762371,NA,91.81486548107614,92.71848397527552,130.46139679665026,110.25200648751823,110.6137028221178,107.52124178784297,1197.69212934143,190.457967839265,27392.8465265419,4887.92397913863,24118.9296026598,3882.07145225554,399.026339042746,7135.67933634172,22828.0224569913,5466.1564251049,6541.38678436579,3752.16247263853,6529.60462132996,12674.6042842888,6614.9776698535,4229.22458943948,27198.4859158672,10216.0123501894,7014.0132630281,9292.56449560687,1323.44716802021,2301.96219590317,532.413154526218,8040.7827547443,-2977.49426314583,154166.386463957
2008-08-01,2.25,3.25,2.7480615,NA,2.5014,2.8401,2.9777,2.8401,3.06285,3.0881,3.1488,3.52445,3.55555,3.89865,3.91975,704,94039,98787.5634680855,2.382550947710001,2.50285948343612,13763,13886.3844142348,143549,3946988,2.028893,1.3,1.6,2.9,NA,142.32608634277844,136.66107493947212,138.26976987546593,138.54742541244033,NA,126.96715384705973,133.14299994938503,125.37497873233032,130.51738164276594,NA,93.38978766430736,93.20693418056376,131.10360735673314,109.88816657870986,109.935391745692,107.11261473094568,NA,NA,NA,NA,NA,NA,NA,NA,NA,NA,NA,NA,NA,NA,NA,NA,NA,NA,NA,NA,NA,NA,NA,NA,NA,NA
2008-09-01,2.25,3.25,2.778976818181818,NA,2.3338636363636365,2.731181818181818,2.883909090909091,2.731181818181818,2.988590909090909,3.090909090909091,3.1350000000000002,3.497863636363636,3.6079090909090907,4.087045454545454,4.693772727272727,1007,95980,100797.6455655,2.431727687036292,2.55378647124086,14132,13638.5307894739,145937,3946988,2.134799,1.5,1.9,2.9,NA,142.69006460848405,136.23572007134982,138.8406810938526,139.17241034654668,NA,127.63051090597338,131.98254627052015,125.48410565723069,131.00716652316086,NA,94.96470984753859,93.695384385852,131.745817916816,109.52432666990148,109.25708066926622,106.70398767404838,NA,NA,NA,NA,NA,NA,NA,NA,NA,NA,NA,NA,NA,NA,NA,NA,NA,NA,NA,NA,NA,NA,NA,NA,NA,NA
2008-10-01,2.0543478260869565,3.0543478260869565,2.9984060869565217,NA,2.019608695652174,2.5430869565217393,2.7469130434782607,2.5430869565217393,2.887608695652174,3.1252608695652175,3.189695652173913,3.6929565217391302,4.125217391304348,4.241695652173913,6.195304347826087,1634,100471,103578.387160452,2.5455106526799676,2.62423871469718,13546,13912.4829552079,151390,3946988,2.117997,1.4,1.8,2.6,NA,143.04230163981208,135.82408632800568,139.39317582132358,139.777234476327,NA,128.27246935008336,130.85952658129608,125.58971235874716,131.481151891285,NA,96.48882808937526,94.16807813290514,132.36731200721877,109.17222353234499,108.60065059530577,106.30854213511552,1218.81571874255,181.11106393256,25221.5492452975,4553.24875220252,22112.9354590223,3620.21323157011,466.760731442317,7112.62054732185,23093.3322088924,5435.16959723136,6414.91617677197,3682.44899515909,6464.28904211195,12236.2986487498,6157.27334258585,4312.38178214414,27017.2178436259,10252.5199259718,6969.40099803805,9358.49280921122,1378.77093214436,2300.78046788843,534.786719628342,7919.03387747766,-3029.44751254608,150946.960934517
2008-11-01,1.225,2.225,1.966603,NA,1.96335,2.3678,2.5684,2.3678,2.6697,2.78155,2.8870999999999998,3.5091,3.8166,4.19755,6.45135,4182,107652,107307.232418575,2.727446853144727,2.71871189926534,11927,13213.9012841059,160144,3946988,1.812925,1.4,1.7,1.5,NA,143.43928002396433,136.0916482611794,140.35856592718548,140.34353133558474,NA,128.83417580943768,130.4836049670159,126.31961934719507,131.28608636485285,NA,97.40305121037291,94.99432982690371,132.25783848549167,110.41347428648578,106.1979490569285,107.37762870940338,NA,NA,NA,NA,NA,NA,NA,NA,NA,NA,NA,NA,NA,NA,NA,NA,NA,NA,NA,NA,NA,NA,NA,NA,NA,NA
2008-12-01,0.17391304347826092,1.173913043478261,0.9131357142857143,NA,1.6237368421052631,2.0116842105263157,2.160421052631579,2.0116842105263157,2.305842105263158,2.4583157894736845,2.5206315789473686,3.155263157894737,3.4420526315789473,4.121368421052631,6.089,9710,118762,111292.019353485,3.0089273136883112,2.81966956457646,9744,11979.967186212,171279,3946988,1.721747,1.4,1.7,0.7,NA,143.82345265378908,136.3505791642507,141.29281441672921,140.89156055422126,NA,129.37776270558703,130.11980985642222,127.02598094891887,131.09731327475717,NA,98.28778326295127,95.79392824045073,132.15189636769125,111.6146846937188,103.87275401978921,108.41222862000456,NA,NA,NA,NA,NA,NA,NA,NA,NA,NA,NA,NA,NA,NA,NA,NA,NA,NA,NA,NA,NA,NA,NA,NA,NA,NA
2009-01-01,0,1,0.5685719047619048,NA,1.5195,2.04705,2.257,2.04705,2.39555,2.54035,2.57935,3.2673,3.47675,3.8416,5.7499,25529,128430,116856.323619428,3.25387358664379,2.96064552563697,11213,11959.5976795222,180287,3946988,1.645496,1.1,1.4,0.1,NA,144.22043103794132,136.6181410974244,142.25820452259111,141.457857413479,NA,129.93946916494136,129.74388824214205,127.75588793736678,130.902247748325,NA,99.20200638394891,96.6201799344493,132.04242284596415,112.8559354478596,101.47005248141194,109.48131519429242,1250.23733552623,171.682928618959,23446.1646337995,4488.38434594745,20117.935081075,3503.98557417885,543.310658478379,7132.34187794767,23423.6016562517,5468.58684600063,6235.48993366414,3553.63757741678,6530.0486447826,11846.3519216753,5851.45195825764,4382.77345177438,26778.0327694137,10343.236398374,6965.18904456671,9422.27341523566,1405.47994821185,2292.42110722136,527.614733618878,7903.70966739976,-3094.05856596841,148739.542767959
2009-02-01,0,1,0.5061655,NA,1.2803499999999999,1.85245,2.08095,1.85245,2.23335,2.3716,2.39685,3.124,3.51735,3.93505,5.8206,45532,132402,122587.496493026,3.3545072850487507,3.1058492322,12644,12101.8326797118,186273,3946988,1.625508,1.1,1.3,0.2,NA,144.66058839812283,136.7198298777246,143.26443179744078,141.27924136228566,NA,130.31032412806476,129.61022722373133,128.23890691551847,130.57506394844208,NA,98.37479522386042,96.94844054366501,132.58874549919116,113.65325727446952,100.98999542684643,109.85799465494229,NA,NA,NA,NA,NA,NA,NA,NA,NA,NA,NA,NA,NA,NA,NA,NA,NA,NA,NA,NA,NA,NA,NA,NA,NA,NA
2009-03-01,0,0.8409090909090909,0.43560590909090907,NA,1.3836818181818182,1.9392272727272728,2.161,1.9392272727272728,2.3373181818181816,2.352818181818182,2.4911818181818184,3.2817727272727275,3.965227272727273,3.819272727272727,5.586545454545455,64630,134713,129970.543398058,3.41305826113482,3.29290444759543,13057,11933.0932020965,191992,3946988,1.471171,1,1.3,-0.4,NA,145.0581498847384,136.81167780831834,144.1732822392405,141.11791073540132,NA,130.6452899012085,129.48950114258614,128.67518212159098,130.27954309693493,NA,97.62763675668371,97.24493399715017,133.08219821823494,114.37341892431076,100.55639550659372,110.19822126456152,NA,NA,NA,NA,NA,NA,NA,NA,NA,NA,NA,NA,NA,NA,NA,NA,NA,NA,NA,NA,NA,NA,NA,NA,NA,NA
2009-04-01,0,0.75,0.4005,NA,1.4127,1.9797500000000001,2.1929,1.9797500000000001,2.3354,2.2404,2.486,3.24125,3.7231,3.73925,6.1525,80152,136709,135786.880336961,3.463628468087564,3.44026585175737,12397,11747.5954431998,194726,3946988,1.404683,1,1.3,-0.3,NA,145.49830724491991,136.91336658861854,145.17950951409017,140.939294684208,NA,131.01614486433192,129.35584012417542,129.15820109974266,129.952359297052,NA,96.80042559659522,97.57319460636589,133.62852087146194,115.17074075092069,100.07633845202821,110.57490072521139,1266.43464069515,172.935492028816,23274.6031757395,4599.35233137661,19724.392745741,3552.22824432918,616.663388738233,7191.09079905325,23615.8603124902,5508.99479902654,6165.65292165618,3441.19808444796,6561.86626763553,12086.4439340162,6055.35517148365,4411.99690151519,26624.2747560357,10384.6253446619,6961.07723894251,9474.39421563994,1467.40876784435,2293.31489217117,520.884595641503,7947.37851923509,-3143.31030247537,149206.599694495
2009-05-01,0,0.75,0.40219157894736846,NA,1.528,2.1526315789473687,2.3813684210526316,2.1526315789473687,2.435157894736842,2.373842105263158,2.579315789473684,3.283105263157895,3.531263157894737,3.6782631578947367,5.550631578947368,92204,135128,139807.843464488,3.423572607770786,3.54214006894594,11739,11548.4329833565,192516,3946988,1.217828,0.8,0.9,-1,NA,145.98562739202663,136.71871241860043,145.90971219620053,141.23902745009954,NA,130.63836053358773,129.46777708128118,129.58032341408293,129.76331400256737,NA,97.10609348092247,97.27496772381399,133.9936334177372,115.77792879738251,100.69049089539854,110.83064349308374,NA,NA,NA,NA,NA,NA,NA,NA,NA,NA,NA,NA,NA,NA,NA,NA,NA,NA,NA,NA,NA,NA,NA,NA,NA,NA
2009-06-01,0,0.75,0.39530227272727275,NA,1.6030952380952381,2.2736666666666667,2.526809523809524,2.2736666666666667,2.6075238095238094,2.584857142857143,2.6878571428571427,3.3616190476190475,3.441190476190476,3.592619047619048,5.338333333333334,91843,140253,150462.064795646,3.553418454781215,3.8120730236739,14855,13591.1609691208,198990,3946988,1.132025,0.9,1.1,-1,NA,146.4891915440369,136.51756977624837,146.66425496771458,141.54875130818746,NA,130.24798339181876,129.58344527029044,130.0165164722345,129.56796719826662,NA,97.42195029472731,96.966799945177,134.37091638222157,116.40535644539307,101.3251150868812,111.09491101988516,NA,NA,NA,NA,NA,NA,NA,NA,NA,NA,NA,NA,NA,NA,NA,NA,NA,NA,NA,NA,NA,NA,NA,NA,NA,NA
2009-07-01,0,0.75,0.3726817391304348,NA,1.458391304347826,2.1179565217391305,2.382260869565217,2.1179565217391305,2.4434782608695653,2.4474782608695653,2.5378695652173913,3.2613478260869564,3.156304347826087,3.2903478260869568,5.012304347826087,63646,145364,155455.42495345,3.6829096009412745,3.93858367325794,14370,13814.1009856674,204137,3946988,1.250399,0.9,1,-1.2,NA,146.97651169114363,136.32291560623025,147.39445764982494,141.848484074079,NA,129.87019906107457,129.6953822273962,130.43863878657478,129.378921903782,NA,97.72761817905456,96.6685730626251,134.7360289284968,117.0125444918549,101.93926753025153,111.35065378775751,1266.45578108802,174.598976738518,23850.5736892646,4779.06257175192,20099.6414399908,3437.69195682591,592.45143860052406,7372.79843143369,23472.9769918087,5535.03048893789,6110.84020171717,3504.78159676897,6623.95584820754,12532.9030389412,6455.95710989343,4400.05026837262,26570.9024478652,10454.2331891413,6995.73861039263,9529.99270892376,1455.83274477726,2280.20416587113,522.254966020415,8028.37156306777,-3162.19014855757,150500.795074928
2009-08-01,0,0.75,0.343334,NA,1.2844761904761905,1.8950952380952382,2.155952380952381,1.8950952380952382,2.2123333333333335,2.232285714285714,2.2883809523809524,2.9033809523809526,2.7133809523809522,2.7655238095238097,4.2115238095238094,67367,150831,158423.511382394,3.8214202830107418,4.01378244328065,13353,13296.517353926,208568,3946988,1.000043,0.7,0.6,-0.8,NA,148.4434080482703,136.50129022834605,147.9371221575476,142.70659867905283,NA,130.75927957466894,129.7934487354693,131.4367998653543,128.9927404568904,NA,98.38831724128815,97.29451570050965,135.26893126739648,116.89419581312664,102.46568099793586,112.86669128350827,NA,NA,NA,NA,NA,NA,NA,NA,NA,NA,NA,NA,NA,NA,NA,NA,NA,NA,NA,NA,NA,NA,NA,NA,NA,NA
2009-09-01,0,0.75,0.3008340909090909,NA,1.3588181818181817,1.9568181818181818,2.2144545454545455,1.9568181818181818,2.204090909090909,2.219409090909091,2.2726363636363636,2.8469545454545453,2.5749545454545455,2.6535454545454544,3.9345,79464,154409,162172.061245606,3.912071686055291,4.10875485929032,13940,13747.6081144667,212902,3946988,1.021047,0.7,0.6,-0.9,NA,149.910304405397,136.67966485046188,148.47978666527024,143.56471328402665,NA,131.64836008826333,129.8915152435424,132.4349609441338,128.60655900999882,NA,99.04901630352174,97.9204583383942,135.80183360629619,116.77584713439838,102.9920944656202,114.38272877925905,NA,NA,NA,NA,NA,NA,NA,NA,NA,NA,NA,NA,NA,NA,NA,NA,NA,NA,NA,NA,NA,NA,NA,NA,NA,NA
2009-10-01,0,0.75,0.2733181818181818,NA,1.3610454545454544,1.9295909090909091,2.1934545454545455,1.9295909090909091,2.1827272727272726,2.2140454545454546,2.2661363636363636,2.879409090909091,2.4958181818181817,2.6175,3.6758636363636366,75460,158138,163069.080383857,4.0065487911288304,4.13148153437145,13147,13697.6002557553,217972,3946988,0.859609,0.5,0.5,-0.8,NA,151.329881525197,136.85228545250942,149.00494586629216,144.395146772711,NA,132.50876058529013,129.9864183158712,133.40092327843652,128.232835029136,NA,99.68840249278004,98.52620927828248,136.31754554716684,116.66131615498394,103.50152685370182,115.84986183966302,1249.43350085852,178.300414523812,24351.9223871622,4982.31890080971,20346.0596426344,3194.69677946466,560.762939174471,7430.86297949604,23857.5223958814,5629.5334629288,6091.07029886671,3500.39426152388,6663.82583989032,12401.4480171884,6362.62684167852,4345.84189304111,26662.0264210855,10486.7524560591,7017.15368314732,9596.40950668746,1438.36147926728,2247.62154197492,520.030465818754,8089.13712202055,-3149.97500097734,151399.463814761
2009-11-01,0,0.75,0.25452380952380954,NA,1.309904761904762,1.8542857142857143,2.1019047619047617,1.8542857142857143,2.133952380952381,2.1886190476190475,2.2256666666666667,2.804095238095238,2.4881904761904763,2.550904761904762,3.564095238095238,67076,163950,163458.541488548,4.153800315582414,4.14134883330144,12936,13785.7568902769,226116,3946988,0.846174,0.5,0.4,0,NA,153.8162472984125,137.0169389498471,149.70635231836403,145.37028621161346,NA,133.98761343309354,129.83931855376156,133.600917612383,129.1497620972223,NA,99.79339730499547,99.02281267364381,136.33535315567119,116.8984642856764,103.19810444296769,115.61673705132961,NA,NA,NA,NA,NA,NA,NA,NA,NA,NA,NA,NA,NA,NA,NA,NA,NA,NA,NA,NA,NA,NA,NA,NA,NA,NA
2009-12-01,0,0.75,0.2516690476190476,NA,1.2228,1.7593,1.98455,1.7593,2.0707,2.09305,2.13175,2.6892,2.4863,2.5388,3.5281000000000002,55783,172740,161807.903743491,4.376501778064691,4.09952864674255,10824,13460.6477031877,234359,3946988,0.686373,0.4,0.3,0.3,NA,156.2224077241049,137.1762810440448,150.3851327558529,146.31396953958355,NA,135.41876135032268,129.69696394526835,133.7944605162022,130.0371108727897,NA,99.89500518778458,99.50339660463867,136.35258632519148,117.12796247666911,102.90446985193468,115.39113241745858,NA,NA,NA,NA,NA,NA,NA,NA,NA,NA,NA,NA,NA,NA,NA,NA,NA,NA,NA,NA,NA,NA,NA,NA,NA,NA
2010-01-01,0,0.75,0.2500835,NA,1.27235,1.80545,2.0235,1.80545,2.1014,2.1075,2.14785,2.65575,2.4615,2.50395,3.32785,54434,175765,159882.351494395,4.065905772954677,3.69849842650488,12528,13472.771247206,236317,4322899,0.859075,0.4,0.3,1,NA,158.70877349732038,137.34093454138247,151.08653920792477,147.289108978486,NA,136.8976141981261,129.5498641831587,133.99445485014868,130.954037940876,100,100,100,136.37039393369582,117.36511060736157,102.60104744120055,115.15800762912517,1217.58908279034,183.975644267041,24787.0785268482,5049.28639069459,20751.548697855,3357.44100838908,500.707311205219,7589.12787498872,24224.3070420183,5708.78494944196,6363.64487544393,3535.46479208652,6793.36123686969,12295.7139303251,6341.24711772392,4247.16142303949,26905.4197115995,10437.104966051,6971.91997945829,9571.524484155,1370.43695588043,2246.85663047581,518.398855065339,8214.92525838218,-3107.86555047443,152918.186269434
2010-02-01,0,0.75,0.24924849999999998,NA,1.141,1.70125,1.9584,1.70125,1.9865,1.98765,2.03565,2.5174,2.30945,2.4354,3.21595,45311,172999,160161.369318812,4.001920933151572,3.70495284110991,14795,14172.2691334972,235667,4322899,0.747989,0.4,0.2,0.9,NA,159.33521164112827,137.34093454138247,151.68720455637418,147.839663871484,NA,138.9871469507866,129.76038028715558,134.34894383835743,131.21113957622322,99.9709292856222,100.16230092381483,100.27503427846578,136.23953795404321,116.94674034128894,103.95030304100028,115.21256146249696,NA,NA,NA,NA,NA,NA,NA,NA,NA,NA,NA,NA,NA,NA,NA,NA,NA,NA,NA,NA,NA,NA,NA,NA,NA,NA
2010-03-01,0,0.75,0.24855,NA,1.1271304347826088,1.6716086956521738,1.9349130434782609,1.6716086956521738,1.97,1.9736521739130435,2.022086956521739,2.4911304347826086,2.279,2.407304347826087,3.107869565217391,39425,166032,160236.946485836,3.840755937161613,3.70670113934737,16965,15571.4789507363,231497,4322899,0.720013,0.3,0.2,1.4,NA,159.90102673876123,137.34093454138247,152.2297410001349,148.33693925870801,NA,140.8744668564155,129.95052386495925,134.66912744061048,131.44336040814977,99.94467186618421,100.30889530661533,100.52345233643489,136.12134545629243,116.56885752032011,105.16898551823876,115.26183589263924,NA,NA,NA,NA,NA,NA,NA,NA,NA,NA,NA,NA,NA,NA,NA,NA,NA,NA,NA,NA,NA,NA,NA,NA,NA,NA
2010-04-01,0,0.75,0.24441649999999998,NA,1.1624,1.68275,1.9404,1.68275,1.9535,1.9732,2.00825,2.43965,2.2362,2.4414,2.9453,37037,158570,157539.181628154,3.6681402919661084,3.64429475747997,17294,16216.3565062539,223804,4322899,0.73469,0.4,0.3,1.4,NA,160.52746488256912,137.34093454138247,152.83040634858432,148.887494151706,NA,142.963999609076,130.16103996895615,135.02361642881922,131.700462043497,99.91560115180641,100.47119623043015,100.79848661490067,135.99048947663982,116.15048725424748,106.51824111803849,115.31638972601104,1203.67403197329,192.695876481396,25085.9693171311,5071.50456701836,21066.759638802,3341.85224214152,454.112780970051,7771.21021280961,24344.9186801709,5745.46795107453,6452.92008225007,3529.56966971283,6749.98831768831,12301.2449003679,6397.26349476353,4191.92644694597,27089.3587708908,10439.7371097294,6980.60156623544,9584.40112536796,1353.43279380886,2235.95651203692,517.7008481089,8259.91314957263,-3108.90384393408,153723.752482883
2010-05-01,0,0.75,0.19350947368421054,NA,0.9061052631578947,1.4153157894736843,1.677578947368421,1.4153157894736843,1.7277894736842105,1.7512631578947369,1.7995789473684212,2.272894736842105,2.067842105263158,2.3815789473684212,2.947263157894737,23653,151074,156316.906657569,3.494738137532244,3.61602032935697,17097,16665.3838650122,215264,4322899,0.673782,0.2,0.3,1.1,NA,163.90395483742998,137.39798834983606,153.1212381405291,149.99722210302545,NA,143.73445674497162,130.4392832623333,135.68284285275166,132.19102268975632,100.02203230302955,100.63655754490227,100.88441946738067,136.0222489876084,116.02698909257025,106.25740207698492,115.60567563727462,NA,NA,NA,NA,NA,NA,NA,NA,NA,NA,NA,NA,NA,NA,NA,NA,NA,NA,NA,NA,NA,NA,NA,NA,NA,NA
2010-06-01,0,0.75,0.09742363636363637,NA,0.8985454545454545,1.3370454545454546,1.5591818181818182,1.3370454545454546,1.6345454545454545,1.6693181818181817,1.6973636363636364,2.2427272727272727,1.9701363636363636,2.3322727272727275,2.9871363636363637,20049,144473,154980.41725628,3.34203968216699,3.585103821678,17642,16535.8366211463,209270,4322899,0.53907,0.1,0,0.5,NA,167.39299445745286,137.45694395190478,153.42176432553873,151.14394098605555,NA,144.5305957853971,130.72680133215638,136.36404349081522,132.69793535755767,100.13201115929346,100.80743090319014,100.97321674827668,136.0550671489426,115.89937432550376,105.98786840122956,115.90460441224697,NA,NA,NA,NA,NA,NA,NA,NA,NA,NA,NA,NA,NA,NA,NA,NA,NA,NA,NA,NA,NA,NA,NA,NA,NA,NA
2010-07-01,0,0.75,0.13159136363636365,NA,0.8375,1.2731363636363637,1.4748636363636363,1.2731363636363637,1.609590909090909,1.6193181818181819,1.6548636363636364,2.175818181818182,1.9307727272727273,2.2787727272727274,2.9040454545454546,12318,142330,152199.389389828,3.292466467525612,3.52077134788086,17426,16995.4302460878,205604,4322899,0.427563,0,0,0.4,NA,170.76948441231372,137.51399776035836,153.7125961174835,152.253668937375,NA,145.30105292129272,131.00504462553354,137.02326991474766,133.188496003817,100.23844231051659,100.97279221766226,101.05914960075668,136.0868266599112,115.77587616382652,105.72702936017599,116.19389032351054,1208.77541110117,194.550304823163,25574.9590953792,5140.55580500043,21527.4931847347,3346.47346740796,461.686865769543,7843.98814020665,24739.6489611421,5835.80716305286,6446.25922921499,3550.73152376674,6836.37484076118,11982.4166112647,6113.03705043642,4177.89943755336,27266.310408112,10483.272288111,7008.52936349646,9608.82256443855,1359.57714831706,2250.59610534932,515.984954503181,8285.03404812872,-3130.36719445373,154759.710634882
2010-08-01,0,0.75,0.16390761904761905,NA,0.7179090909090909,1.1218636363636363,1.300181818181818,1.1218636363636363,1.455818181818182,1.4545,1.4905,2.0365,1.714590909090909,2.1093636363636366,2.6009545454545453,10203,142879,150065.682494516,3.3051662784626705,3.47141310714213,17994,17500.5106905199,204989,4322899,0.50578,0.1,0.1,0.3,NA,169.51156905373833,137.35620482540978,154.74322883495262,152.55575009539888,NA,145.1774151809685,130.55066980479492,137.70442746742563,134.40084418239653,100.06072586085358,101.33643278679857,101.22666059680394,136.60586710676307,114.9092441369445,106.31842962275802,114.61790754147164,NA,NA,NA,NA,NA,NA,NA,NA,NA,NA,NA,NA,NA,NA,NA,NA,NA,NA,NA,NA,NA,NA,NA,NA,NA,NA
2010-09-01,0,0.75,0.1748490909090909,NA,0.8229545454545455,1.2257272727272728,1.3949545454545456,1.2257272727272728,1.5444545454545455,1.5516818181818182,1.5904090909090909,2.1688636363636364,1.7199545454545455,2.3044545454545453,2.7268636363636363,10715,140040,147110.944638407,3.2394927570595566,3.40306226535496,18457,18082.3448655757,202774,4322899,0.334032,-0.1,-0.1,0.3,NA,168.25365369516297,137.1984118904612,155.7738615524217,152.85783125342277,NA,145.05377744064424,130.09629498405627,138.3855850201036,135.6131923609761,99.88300941119057,101.70007335593489,101.3941715928512,137.12490755361495,114.04261211006246,106.90982988534006,113.04192475943275,NA,NA,NA,NA,NA,NA,NA,NA,NA,NA,NA,NA,NA,NA,NA,NA,NA,NA,NA,NA,NA,NA,NA,NA,NA,NA
2010-10-01,0,0.75,0.17353047619047618,NA,0.8721428571428571,1.2728095238095238,1.434952380952381,1.2728095238095238,1.6062380952380952,1.5943333333333334,1.6626666666666667,2.2155714285714287,1.7424761904761905,2.3996190476190478,2.7883333333333336,9786,139365,143754.066481237,3.2238782354156323,3.32540886292363,17059,17918.1374814533,202675,4322899,0.382666,0,0,0.2,NA,167.03631625138033,137.04570905018835,156.77124805319824,153.150167857962,NA,144.93412801452402,129.65657741559954,139.04476974850166,136.786432533795,99.71102575022637,102.05198358413132,101.5562790083808,137.62720476024577,113.20393595501534,107.48215272009686,111.51678013165316,1237.839403155,190.017438839622,26295.8784036805,5356.05468312687,22015.685417362,3500.77158350545,455.98144531005,7931.104813977,24349.2413988134,5837.3245018771,6528.67530425734,3533.98483970781,6888.03439565175,12293.6693167253,6331.63348254872,4203.93366677298,27458.8832047666,10526.8310255227,7058.58374432166,9652.38932789449,1378.97774484864,2268.260812034,513.11452826605,8301.23993281031,-3167.42131563185,156165.565176859
2010-11-01,0,0.75,0.16859909090909092,NA,0.911409090909091,1.311090909090909,1.4709545454545454,1.311090909090909,1.6133636363636363,1.5972727272727272,1.6684545454545454,2.2390454545454546,1.7544090909090908,2.4165454545454548,2.8153636363636365,8789,141668,141273.683241163,3.277152670002237,3.26803108842383,17598,18674.4062307097,206715,4322899,0.546489,0.1,0.2,0.2,NA,167.48472049665202,136.79186824179277,157.43950679594434,155.45633592999692,NA,146.26352605173773,129.8330971301311,139.3164959385138,137.36921875882402,100.41027713639983,102.34648122815017,102.01174585382788,137.86629802457503,113.09250753607034,106.79641221765287,112.78280014798526,NA,NA,NA,NA,NA,NA,NA,NA,NA,NA,NA,NA,NA,NA,NA,NA,NA,NA,NA,NA,NA,NA,NA,NA,NA,NA
2010-12-01,0,0.75,0.16956285714285715,NA,1.083904761904762,1.5214761904761904,1.6872380952380952,1.5214761904761904,1.8402857142857143,1.8145238095238094,1.888047619047619,2.4360476190476192,2.001095238095238,2.798142857142857,3.113095238095238,7750,148636,139159.203065914,3.438340798616854,3.21911761218372,15507,19141.6844672352,211709,4322899,0.618756,0.1,0.1,0.5,NA,167.91866008885046,136.54621584657127,158.08620880505345,157.6881114835791,NA,147.55004028129937,130.00392266032293,139.5794567675578,137.93320542820697,101.0869720262451,102.63147894816841,102.45252022038956,138.09767860295818,112.98467358225261,106.13279237657802,114.0079808089518,NA,NA,NA,NA,NA,NA,NA,NA,NA,NA,NA,NA,NA,NA,NA,NA,NA,NA,NA,NA,NA,NA,NA,NA,NA,NA
2011-01-01,0,0.75,0.1693745,NA,1.1771904761904761,1.601,1.7659047619047619,1.601,1.9026190476190477,1.8972380952380952,1.9555238095238094,2.486428571428571,2.0837142857142856,2.75,3.0937619047619047,7582,148784,135279.640469677,3.4417644270661887,3.12937314680905,17921,19033.3699649087,210916,4322899,0.732899,0.1,0,0.3,NA,168.36706433412215,136.2923750381757,158.75446754779955,159.994279555614,NA,148.87943831851308,130.1804423748545,139.85118295756993,138.515991653236,101.78622341241856,102.92597659218725,102.90798706583664,138.33677186728744,112.87324516330762,105.44705187413403,115.27400082528389,1305.34447848405,198.632727941951,27150.9952899891,5680.56933380725,22495.3033853194,3283.25502348374,459.579786966995,7894.64665021833,23721.4110222502,5781.66363025793,6526.71264851435,3556.50999180021,6730.56661637378,12494.7113869678,6417.70970633372,4269.94285106768,27582.3375346607,10520.216144038,7117.570371129,9560.35554561882,1508.6001846055,2283.92562466635,510.015767305704,8298.66091738618,-3216.32836364331,156481.836198901
2011-02-01,0,0.75,0.17,NA,1.2584,1.6997,1.89765,1.6997,1.98335,1.97185,2.04845,2.5303,2.1661,2.70625,3.00975,7022,143325,132661.180870343,3.3154834290599897,3.06880130371639,20964,20090.3760073858,205989,4322899,0.799726,0.2,0.2,0.5,NA,169.2563784299138,138.05229223930232,159.07472989385832,160.43513743645426,NA,149.07668667611122,131.55046781356444,140.34194514918713,139.58407475165265,101.97552937278726,104.3832818226343,104.12006995006708,138.60547708927615,113.00263933356203,105.31458842174149,115.63134171432819,NA,NA,NA,NA,NA,NA,NA,NA,NA,NA,NA,NA,NA,NA,NA,NA,NA,NA,NA,NA,NA,NA,NA,NA,NA,NA
2011-03-01,0,0.75,0.17818695652173913,NA,1.2613478260869566,1.6776086956521739,1.869913043478261,1.6776086956521739,1.9852173913043478,1.9748695652173913,2.038869565217391,2.522217391304348,2.155478260869565,2.621391304347826,3.003913043478261,6154,134905,130231.928412917,3.1207067294424413,3.0126063184200498,21999,20484.8043409255,197837,4322899,0.838907,0.3,0.3,1,NA,170.059629871274,139.64189487257795,159.36399910965335,160.83333165140675,NA,149.25484648297405,132.78791014530248,140.7852142254865,140.54879496957736,102.14651540150737,105.69955751465099,105.2148544906623,138.84817858010464,113.1195114873402,105.19494401312889,115.95410122701337,NA,NA,NA,NA,NA,NA,NA,NA,NA,NA,NA,NA,NA,NA,NA,NA,NA,NA,NA,NA,NA,NA,NA,NA,NA,NA
2011-04-01,0,0.75,0.1840738888888889,NA,1.4619473684210527,1.8901052631578947,2.076263157894737,1.8901052631578947,2.1456315789473686,2.151736842105263,2.2089473684210525,2.696684210526316,2.333842105263158,2.782947368421053,3.1117894736842104,5931,123448,122668.242806602,2.855676248739561,2.83763841826057,21231,20486.3259788051,181041,4322899,0.652407,0.1,0.1,0.3,NA,170.94894396706567,141.40181207370458,159.68426145571212,161.274189532247,NA,149.4520948405722,134.15793558401242,141.2759764171037,141.616878067994,102.33582136187607,107.15686274509804,106.42693737489274,139.11688380209335,113.24890565759462,105.06248056073635,116.31144211605766,1340.38890097688,189.176545853542,28089.3810626131,5975.91495714559,23115.4375798973,3165.15850545575,469.857695871285,7850.13820665351,23511.5582993132,5823.91625075675,6612.76922029272,3549.13010075264,6734.79959858242,12479.6076581449,6340.62485937287,4325.00322871621,27828.1445632636,10594.0637453233,7160.89791834978,9685.65596178268,1571.59883217052,2317.56189727559,510.196119978972,8326.33525458013,-3283.86655791308,157736.870270408
2011-05-01,0,0.75,0.1792475,NA,1.2914545454545454,1.7302727272727272,1.925181818181818,1.7302727272727272,1.9925454545454546,2.0006363636363638,2.0514545454545456,2.5528636363636363,2.167227272727273,2.636181818181818,3.0620454545454545,5390,114684,118669.131749609,2.6529419262397758,2.74512848321483,21816,20863.8032369446,171169,4322899,0.552142,0.2,0,0.4,NA,172.02143566185555,143.07013255501496,159.85365519089027,163.03657618308017,NA,149.06533338092487,135.60352143006392,141.5512740070283,141.9538342722885,102.294580848092,107.50086438868928,106.84844345509529,139.6390941679085,113.43557792777277,104.91100341751334,116.15179335430692,NA,NA,NA,NA,NA,NA,NA,NA,NA,NA,NA,NA,NA,NA,NA,NA,NA,NA,NA,NA,NA,NA,NA,NA,NA,NA
2011-06-01,0,0.75,0.175415,NA,1.0395,1.5036,1.7266,1.5036,1.81195,1.81975,1.88575,2.4063499999999998,1.9929,2.52,2.94345,4787,110378,118403.108606826,2.5533328444638657,2.73897466970258,21193,19781.5612074308,165742,4322899,0.638362,0.3,0.1,0.6,NA,173.12967707980505,144.79406371903573,160.0286953839077,164.8577090556078,NA,148.6656798726226,137.09729347098383,141.83574818328373,142.3020223500595,102.25196565051512,107.85633275373357,107.28399973797127,140.17871154591745,113.62847260695688,104.75447703618289,115.98682296716447,NA,NA,NA,NA,NA,NA,NA,NA,NA,NA,NA,NA,NA,NA,NA,NA,NA,NA,NA,NA,NA,NA,NA,NA,NA,NA
2011-07-01,0,0.75,0.1750790476190476,NA,0.8703809523809524,1.379952380952381,1.585047619047619,1.379952380952381,1.6877142857142857,1.7036666666666667,1.7782857142857142,2.3074285714285714,1.8957142857142857,2.447380952380952,2.896190476190476,3201,109200,116766.943953048,2.526082612617135,2.70112588688859,19155,18834.9670745729,162530,4322899,0.643205,0.3,0.1,0.5,NA,174.20216877459492,146.46238420034612,160.19808911908584,166.620095706441,NA,148.2789184129753,138.54287931703533,142.11104577320833,142.638978554354,102.21072513673104,108.20033439732481,107.70550581817382,140.7009219117326,113.81514487713503,104.60299989295989,115.82717420541373,1360.11471103025,186.333675489186,28101.1748012614,5937.43649447248,23190.2752521213,3243.80736020643,464.742988471242,7809.05490902833,23010.560180061,5802.88186325557,6565.30311637032,3452.64317676826,6657.22824823215,12340.6307332698,6203.23637178711,4369.79685540452,27989.385726886,10623.9877981388,7179.47668407952,9718.88469223379,1555.05359285359,2321.76836760781,513.948713121253,8266.15118161864,-3339.75603826636,156938.211528966
2011-08-01,0,0.29347826086956524,0.05765136363636364,NA,0.4863636363636364,0.9491363636363637,1.1482727272727273,0.9491363636363637,1.3026363636363636,1.3240454545454545,1.3978636363636363,2.024,1.601409090909091,2.273909090909091,2.9118636363636363,2851,111687,117308.422517338,2.5836134501407506,2.71365170727648,18584,18087.6092898761,164070,4322899,0.595067,0.3,0.1,0.2,NA,173.75760700173078,148.05060439341563,161.9503063498876,166.31888960601123,NA,148.65090002196519,139.84062610720252,142.83548104390664,143.03686393535511,102.52081826318883,108.9941976116365,108.0184771371161,141.59926981563652,114.45602105203065,104.97189649264283,115.42368724068396,NA,NA,NA,NA,NA,NA,NA,NA,NA,NA,NA,NA,NA,NA,NA,NA,NA,NA,NA,NA,NA,NA,NA,NA,NA,NA
2011-09-01,0,0.25,0.009091363636363635,NA,0.42222727272727273,0.8390454545454545,1.023409090909091,0.8390454545454545,1.2246818181818182,1.2565454545454544,1.3301818181818181,2.0331363636363635,1.5755,2.249,3.041181818181818,5220,111344,116998.165198897,2.575678959883171,2.70647464118169,19435,18766.2715250055,164448,4322899,0.641277,0,-0.2,0.5,NA,173.31304522886666,149.63882458648513,163.70252358068936,166.01768350558146,NA,149.02288163095508,141.13837289736972,143.55991631460495,143.43474931635623,102.83091138964662,109.78806082594816,108.33144845605837,142.49761771954044,115.09689722692627,105.34079309232575,115.0202002759542,NA,NA,NA,NA,NA,NA,NA,NA,NA,NA,NA,NA,NA,NA,NA,NA,NA,NA,NA,NA,NA,NA,NA,NA,NA,NA
2011-10-01,0,0.25,0.036667142857142856,NA,0.41495238095238096,0.8539047619047619,1.041952380952381,0.8539047619047619,1.2154285714285715,1.2422857142857142,1.3265238095238097,2.010095238095238,1.6822857142857144,2.300809523809524,3.3392857142857144,6671,115178,118848.083866756,2.6643694428206626,2.74926811537249,18750,19459.2864859291,169191,4322899,0.262817,-0.2,-0.5,-0.1,NA,172.88282415835297,151.17581187010077,165.39821767501363,165.726193730972,NA,149.38286383320337,142.3942568878541,144.2609827056033,143.819799685067,103.13100151202512,110.5563155494756,108.6343239260025,143.3669866588023,115.71709997682527,105.69778980169635,114.6297290197641,1355.51530864973,188.412567467362,28140.9410581044,5863.09538235714,23354.5773468102,3383.84805437287,452.214651511671,7794.90711118722,23197.1886298032,5860.27324203193,6725.32487659166,3425.22851188139,6767.03888333305,12332.1931734629,6150.28113279437,4404.7340198814,27968.1461347006,10616.8543537874,7135.69539154084,9800.420844715,1444.071525778,2323.56895965016,520.331216432291,8290.14522744765,-3390.31145548195,157374.280918387
2011-11-01,0,0.25,0.04659,NA,0.31436363636363635,0.742,0.9318636363636363,0.742,1.0950454545454547,1.1318636363636363,1.226409090909091,1.9537727272727272,1.652590909090909,2.3632272727272725,3.1531818181818183,8901,121109,120808.089885215,2.80156903966528,2.79460819892426,17395,18900.3138583633,177681,4322899,0.061892,-0.6,-1,-0.5,NA,173.8798924455571,153.0933390578456,166.5517690923176,167.49144376967823,NA,150.154754195988,145.02897707141773,144.95598242587403,144.69205296833402,106.74148634781325,111.68564999306092,109.17780816428414,143.60246356468522,115.6740635010806,105.28151287277959,116.28916397419216,NA,NA,NA,NA,NA,NA,NA,NA,NA,NA,NA,NA,NA,NA,NA,NA,NA,NA,NA,NA,NA,NA,NA,NA,NA,NA
2011-12-01,0,0.25,0.05167,NA,0.2301904761904762,0.6317142857142857,0.8142380952380953,0.6317142857142857,1.0396666666666667,1.0837142857142856,1.216047619047619,2.0025714285714287,1.754857142857143,2.394857142857143,3.1849523809523808,7765,130662,122280.356051762,3.0225550030199644,2.82866557955118,15034,18803.4046543793,185706,4322899,0.035097,-0.6,-0.9,-0.7,NA,174.84479723962562,154.9490105298567,167.66810917357955,169.19975025874876,NA,150.90174486965051,147.57870628131803,145.62856280032955,145.53616904891499,110.235503930834,112.77855429330477,109.70376065294379,143.83034444134609,115.63241529874705,104.87866423189242,117.89506876879996,NA,NA,NA,NA,NA,NA,NA,NA,NA,NA,NA,NA,NA,NA,NA,NA,NA,NA,NA,NA,NA,NA,NA,NA,NA,NA
2012-01-01,0,0.25,0.06000190476190476,NA,0.24104761904761904,0.5902380952380952,0.7571904761904762,0.5902380952380952,0.9113333333333333,0.9771904761904762,1.1496190476190475,1.901857142857143,1.6216666666666666,2.1492857142857145,2.848190476190476,12129,134317,122067.892902242,3.1071047461437336,2.82375074925974,17471,18132.8637510646,187417,4322899,-0.010056,-0.5,-0.8,-0.8,NA,175.84186552682974,156.86653771760155,168.82166059088354,170.965000297455,NA,151.67363523243515,150.21342646488165,146.32356252060026,146.408422332182,113.84598876662213,113.90788873689009,110.24724489122544,144.06582134722902,115.58937882300238,104.46238730297566,119.55450372322802,1326.42358979934,189.117139968106,27603.0919112915,5758.83920765207,22884.5726352426,3469.61699478775,433.436271546683,7853.007742127,23791.386020496,5969.40534451492,6798.22768986249,3387.40339053059,6779.13817767917,12516.5264542294,6282.41904690837,4429.96410454297,28034.1084087762,10617.5298508065,7069.3403186752,9953.90643424692,1339.47435957324,2301.7260569084,529.535379709688,8327.87522508555,-3441.6130252955,157839.9917105
2012-02-01,0,0.25,0.08206380952380952,NA,0.23014285714285715,0.5883333333333334,0.7672857142857142,0.5883333333333334,0.8554761904761905,0.9410952380952381,1.1369047619047619,1.8455238095238096,1.5122380952380952,1.9265714285714286,2.5472380952380953,12771,133154,123215.356650391,3.080201503666868,2.85029459745395,18403,17140.7716633112,187315,4322899,-0.067714,-0.7,-1,-0.9,NA,177.03699305835784,157.64336447427152,167.90233274397002,171.66067363680423,NA,152.45422226039696,151.0363230095477,146.1064086533973,147.00616735985662,114.16602699388325,114.48005558812672,110.00576874127829,144.05105735442154,116.76841073006692,104.94024808978207,120.18425965259344,NA,NA,NA,NA,NA,NA,NA,NA,NA,NA,NA,NA,NA,NA,NA,NA,NA,NA,NA,NA,NA,NA,NA,NA,NA,NA
2012-03-01,0,0.25,0.09969727272727273,NA,0.2959090909090909,0.6534545454545455,0.8246363636363636,0.6534545454545455,0.8936363636363637,0.987,1.1574090909090908,1.9395454545454545,1.402409090909091,1.8051363636363635,2.442681818181818,13047,126392,122034.405089243,2.92377869573173,2.82297608825103,17862,16821.722909424,180912,4322899,-0.102007,-0.6,-0.9,-1,NA,178.1550155878519,158.3700733756725,167.0423163710509,172.31146482522774,NA,153.18444883494186,151.8061294545579,145.90326471311064,147.56534819219738,114.46541759357913,115.01530844896097,109.77987169777934,144.0372458772791,117.87137606248214,105.38727914840743,120.77338616716108,NA,NA,NA,NA,NA,NA,NA,NA,NA,NA,NA,NA,NA,NA,NA,NA,NA,NA,NA,NA,NA,NA,NA,NA,NA,NA
2012-04-01,0,0.25,0.1115821052631579,NA,0.24563157894736842,0.6142105263157894,0.7854210526315789,0.6142105263157894,0.8903157894736842,0.9842631578947368,1.144736842105263,1.9704210526315789,1.3781052631578947,1.7806842105263159,2.372263157894737,11128,123158,122386.672942078,2.848967787588838,2.83112496826963,18306,17211.8282228093,176142,4322899,-0.133444,-0.6,-0.8,-1,NA,179.35014311938,159.14690013234247,166.12298852413738,173.007138164577,NA,153.96503586290368,152.62902599922393,145.68611084590768,148.163093219872,114.78545582084026,115.5874753001976,109.5383955478322,144.02248188447163,119.05040796954668,105.86513993521385,121.4031420965265,1304.52475161427,197.845920843552,27212.5582937427,5662.91205172282,22580.454647693,3492.8388088009,423.706211588659,7900.10324132039,24008.7441585839,5976.55374507951,6790.05103327604,3365.83592518615,6794.94921901,12636.9310911437,6374.76633859434,4481.35749646884,28037.8715383018,10655.0523870297,7076.00077592965,10107.4010609269,1300.29849506398,2284.69968151908,534.911246182294,8341.35248352691,-3476.32781121005,157976.460280331
2012-05-01,0,0.25,0.11083409090909091,NA,0.14165,0.5016,0.6666,0.5016,0.7861,0.8582,1.0375,1.8049,1.3607500000000001,1.625,2.2675,10685,118860,122984.255485595,2.749543766810189,2.84494862095078,17252,16807.6677418759,170776,4322899,-0.118266,-0.7,-0.9,-1,NA,180.86016311704802,160.26112745037716,167.48935722518647,174.15945111705193,NA,154.3982265227213,152.84330531711208,146.18629446883423,148.59054983982747,114.78309635704375,115.09389683124293,109.28875517258966,144.23277952286347,119.67989905068886,106.47264593060301,121.81133088478099,NA,NA,NA,NA,NA,NA,NA,NA,NA,NA,NA,NA,NA,NA,NA,NA,NA,NA,NA,NA,NA,NA,NA,NA,NA,NA
2012-06-01,0,0.25,0.09251736842105263,NA,0.010523809523809522,0.4236190476190476,0.5984285714285714,0.4236190476190476,0.7383333333333333,0.7907619047619048,0.9878095238095238,1.7655714285714286,1.3089523809523809,1.5597142857142856,2.1741904761904762,10781,114868,123209.13757951,2.6571983291767864,2.85015073402154,17493,16560.530204366,166437,4322899,-0.140772,-0.7,-1,-1.1,NA,182.4205171146383,161.41249567901303,168.90127154960388,175.35017450127606,NA,154.84585687119954,153.06472727892987,146.7031508791917,149.0322550137815,114.78065824445402,114.58386574665643,109.0307934515057,144.45008708253502,120.33037316786913,107.10040212583847,122.23312596597728,NA,NA,NA,NA,NA,NA,NA,NA,NA,NA,NA,NA,NA,NA,NA,NA,NA,NA,NA,NA,NA,NA,NA,NA,NA,NA
2012-07-01,0,0.25,0.07295454545454545,NA,-0.004590909090909092,0.4199090909090909,0.5970909090909091,0.4199090909090909,0.7312727272727273,0.7793181818181818,0.9792727272727273,1.7689545454545454,1.2239090909090908,1.4403181818181818,2.0270454545454544,6321,116294,124331.706264313,2.690185451938618,2.87611869405954,17112,16267.7005764232,167222,4322899,0.01679,-0.8,-1,-0.7,NA,183.93053711230633,162.52672299704773,170.26764025065296,176.502487453751,NA,155.27904753101717,153.27900659681802,147.20333450211825,149.459711633737,114.77829878065751,114.09028727770176,108.78115307626317,144.66038472092686,120.9598642490113,107.70790812122763,122.64131475423177,1285.3422168049,204.503020062487,27250.9561717499,5770.87980531443,22476.3122263305,3520.66657557621,423.384012209437,7985.64822548337,24365.1973867691,6030.83631353968,6870.54741589409,3326.89322224464,6848.93816588193,12939.5403822757,6569.33054441012,4559.49918407583,28085.5693767821,10677.6898157797,7058.16313030742,10223.5935756542,1251.73693674765,2287.85971297214,536.345204540813,8369.8966941646,-3503.38756814193,159088.624468181
2012-08-01,0,0.25,0.05068181818181818,NA,0.005090909090909091,0.42863636363636365,0.6051363636363636,0.42863636363636365,0.7250909090909091,0.7713181818181818,0.9527727272727273,1.63,1.129590909090909,1.3120454545454545,1.8282727272727273,6179,119823,125850.038873253,2.7718204843555214,2.91124171240765,16562,16186.7841710493,170276,4322899,-0.130722,-0.9,-1.2,-0.5,NA,185.5580296779002,163.38429329568137,170.81543598895635,176.64583221440273,NA,155.37175712766182,154.17794958748797,147.97794850198795,149.6269109426018,114.5581117022347,114.69720850928844,110.9960412795296,145.1278978588694,121.50484326303487,108.28069950215657,124.25068726845477,NA,NA,NA,NA,NA,NA,NA,NA,NA,NA,NA,NA,NA,NA,NA,NA,NA,NA,NA,NA,NA,NA,NA,NA,NA,NA
2012-09-01,0,0.25,0.04555,NA,0.0517,0.45535,0.633,0.45535,0.7192,0.7737,0.9371,1.598,1.0743,1.2221,1.78205,8122,120347,126482.452641375,2.783941979676139,2.92587110273395,15770,15750.6196902204,170867,4322899,-0.127954,-0.7,-1,-0.4,NA,187.1855222434941,164.24186359431502,171.36323172725974,176.78917697505443,NA,155.46446672430648,155.07689257815795,148.75256250185768,149.7941102514666,114.3379246238119,115.30412974087511,113.21092948279606,145.59541099681192,122.04982227705842,108.8534908830855,125.86005978267777,NA,NA,NA,NA,NA,NA,NA,NA,NA,NA,NA,NA,NA,NA,NA,NA,NA,NA,NA,NA,NA,NA,NA,NA,NA,NA
2012-10-01,0,0.25,0.0371304347826087,NA,0.013000000000000001,0.3962608695652174,0.5837826086956521,0.3962608695652174,0.6880869565217391,0.7340434782608696,0.8974347826086957,1.5261304347826086,1.012391304347826,1.156782608695652,1.7178695652173912,10153,125536,129588.297790861,2.9039771690247678,2.99771745282185,15726,16009.1869097783,178532,4322899,-0.037405,-0.5,-0.7,-0.2,NA,188.76051504890754,165.07177033492823,171.8933566352953,176.927897711169,NA,155.5541856888013,155.94683740783856,149.5021889533445,149.955916034239,114.12484035437048,115.89147286821706,115.35436967950552,146.04784306578858,122.57722132288768,109.40780512269414,127.41751705450648,1256.71979084591,203.480111912532,27318.2398672474,5945.20795966097,22314.0423827866,3577.99134370675,427.908146658979,8027.7214048422,24379.9960571289,6039.88149959169,6765.18683362939,3378.91050349333,6895.48249385056,13091.5914356702,6592.93304186959,4665.68219890176,28119.7447144589,10673.3917329183,7046.62155554071,10377.069537857,1216.06147612635,2299.74424418083,532.160682579945,8360.8665440044,-3524.41245773052,159548.718438711
2012-11-01,0,0.25,0.030545454545454546,NA,-0.01040909090909091,0.35909090909090907,0.5443181818181818,0.35909090909090907,0.6848181818181818,0.7292727272727273,0.8863636363636364,1.5347727272727272,1.0019090909090909,1.0789090909090908,1.6228181818181817,13388,132067,131798.300201397,3.055056340663985,3.04884060907731,15876,16958.72707382,188311,4322899,-0.114759,-0.4,-0.5,-0.4,NA,192.2674138151054,166.71487502711028,172.48699802813528,178.5578287692306,NA,158.81170642142175,156.25738135007,150.20974517563008,150.43733281885812,116.19358485587902,116.7749658002736,114.96727845080783,146.39217377942876,123.21729363639808,109.23369866991025,126.59562948309161,NA,NA,NA,NA,NA,NA,NA,NA,NA,NA,NA,NA,NA,NA,NA,NA,NA,NA,NA,NA,NA,NA,NA,NA,NA,NA
2012-12-01,0,0.25,0.014842105263157896,NA,-0.02135294117647059,0.3431764705882353,0.5274705882352941,0.3431764705882353,0.6751764705882353,0.7215294117647059,0.8825294117647059,1.541235294117647,0.9902941176470589,1.024,1.5140588235294117,9479,142309,133153.481090227,3.291980682407801,3.08018949992186,13722,17092.6443468713,196898,4322899,-0.165365,-0.5,-0.6,-0.4,NA,195.66118681465178,168.30497634212517,173.06148969862556,180.1351814060644,NA,161.96414584008664,156.55790774577787,150.89447700364835,150.90322002977987,118.19559566379051,117.62995896032831,114.59267403593908,146.72539705069346,123.83671845592428,109.06520855431293,125.80025441398044,NA,NA,NA,NA,NA,NA,NA,NA,NA,NA,NA,NA,NA,NA,NA,NA,NA,NA,NA,NA,NA,NA,NA,NA,NA,NA
2013-01-01,0,0.25,0.01709090909090909,NA,0.1366666666666667,0.4951904761904762,0.6822380952380952,0.4951904761904762,0.8070952380952381,0.8667619047619047,1.0031428571428571,1.6817619047619048,1.1023333333333334,1.1477142857142857,1.6222857142857143,13201,148158,134602.77445462,3.42728340403049,3.11371545933921,14559,15321.4217910182,201776,4322899,-0.014263,-0.4,-0.5,-0.3,NA,199.16808558084966,169.94808103430722,173.65513109146553,181.765112464126,NA,165.22166657270708,156.86845168800932,151.60203322593392,151.384636814399,120.26434016529906,118.51345189238485,114.20558280724138,147.06972776433363,124.4767907694347,108.89110210152904,124.97836684256558,1206.84219976965,200.629491137308,27470.633027393,6048.59899332872,22326.8043886456,3692.3319344606098,446.236411443518,7999.71792949859,24277.1062203482,6079.95363361471,6559.33407754067,3390.74225248842,7038.89528112123,13519.6335861399,6833.86374615248,4801.94184291082,28166.9932055154,10713.4119174956,7077.65565637944,10490.8678875257,1238.23363271816,2321.44536869601,523.400634591997,8351.07982077786,-3493.37671632293,160393.195119444
2013-02-01,0,0.25,0.0237,NA,0.20935,0.58195,0.76875,0.58195,0.90545,0.97395,1.11345,1.75355,1.16515,1.23,1.6966,11008,146001,135088.037126476,3.3773863326439035,3.12494085858763,16035,15378.7762912688,200495,4322899,0.001183,-0.4,-0.5,-0.3,NA,200.09670134627015,170.4635379551393,173.85533473495133,181.8476293240463,NA,165.43313043100824,157.11906609752944,152.301071112008,152.0658738690173,120.54505788171727,119.06579858472243,114.26449166440588,147.55476490795948,124.85581593892054,109.39211867606643,125.245536163357,NA,NA,NA,NA,NA,NA,NA,NA,NA,NA,NA,NA,NA,NA,NA,NA,NA,NA,NA,NA,NA,NA,NA,NA,NA,NA
2013-03-01,0,0.25,0.022,NA,0.18309999999999998,0.5638,0.75435,0.5638,0.87145,0.9164,1.0765500000000001,1.6536,1.1115,1.1775,1.5637,11099,138993,134222.192096387,3.2152728990429797,3.10491159049487,16022,15246.5200392369,194224,4322899,-0.090963,-0.5,-0.7,-0.6,NA,200.93545106987574,170.9291119481489,174.03616383229337,181.9221606813937,NA,165.62413004495764,157.34542749967662,152.93246017039746,152.68118475705967,120.79860936751437,119.5646923713499,114.31769966442543,147.99286297316993,125.19816125329487,109.84464977564858,125.48685038858798,NA,NA,NA,NA,NA,NA,NA,NA,NA,NA,NA,NA,NA,NA,NA,NA,NA,NA,NA,NA,NA,NA,NA,NA,NA,NA
2013-04-01,0,0.25,0.020476190476190478,NA,0.09985714285714287,0.48842857142857143,0.6826190476190476,0.48842857142857143,0.827047619047619,0.8645714285714285,1.0176666666666667,1.5828095238095239,1.0444761904761906,1.1056666666666666,1.4768095238095238,11012,135851,135000.5765563,3.1425901923685933,3.1229176660454,16135,15155.0283244825,190367,4322899,-0.188103,-0.5,-0.6,-0.6,NA,201.86406683529623,171.44456886898095,174.23636747577916,182.004677541314,NA,165.8355939032588,157.59604190919674,153.63149805647154,153.362421811678,121.07932708393258,120.11703906368749,114.37660852158993,148.47790011679578,125.57718642278071,110.34566635018597,125.7540197093794,1193.55972335635,205.50969444395,27846.9938705934,6214.19000645834,22514.5316685065,3513.88770315265,466.213572192026,8089.41982780071,24350.5424459069,6152.93001063288,6498.3072047706,3423.65747168381,7012.19591414043,13771.8223257884,6973.36549831928,4890.97762267425,28290.9425162469,10757.2705024193,7091.35843220101,10638.7456725799,1303.32431734887,2337.99010361944,519.496775365849,8371.05814251567,-3480.56458944876,161517.801012595
2013-05-01,0,0.25,0.018476190476190476,NA,0.11225,0.49335,0.6793,0.49335,0.8331999999999999,0.8687,1.01505,1.5455,1.04475,1.082,1.3798,8464,131290,135829.309722428,3.037082291304978,3.1420884393188,14808,14389.6288351166,185012,4322899,-0.068957,-0.3,-0.4,-0.5,NA,201.03110552113526,171.95805314506322,174.71394356615636,182.49036420741245,NA,165.2579273242914,157.91266358786731,153.94551754668834,153.09864231213064,121.63068808594274,120.41769599909134,114.67211601007601,148.76751596416779,125.92253083776329,109.60756141904136,125.24387393566651,NA,NA,NA,NA,NA,NA,NA,NA,NA,NA,NA,NA,NA,NA,NA,NA,NA,NA,NA,NA,NA,NA,NA,NA,NA,NA
2013-06-01,0,0.25,0.017599999999999998,NA,0.3144,0.73895,0.93145,0.73895,1.0634,1.09755,1.2779,1.7583,1.24445,1.32955,1.79475,7622,126498,135656.079275127,2.926230753945443,3.13808116440211,14647,14006.7335923002,179806,4322899,0.125992,-0.3,-0.3,-0.1,NA,200.17037882983556,172.48865356368154,175.20743885954613,182.99224042904754,NA,164.6610051926917,158.23983932249357,154.2700043532457,152.82607016259834,122.20042778801991,120.728374832342,114.9774737481783,149.06678567311886,126.27938673324527,108.84485299019195,124.71672330282986,NA,NA,NA,NA,NA,NA,NA,NA,NA,NA,NA,NA,NA,NA,NA,NA,NA,NA,NA,NA,NA,NA,NA,NA,NA,NA
2013-07-01,0,0.25,0.01965217391304348,NA,0.3855217391304348,0.8660434782608696,1.073,0.8660434782608696,1.1791304347826086,1.2100434782608696,1.3971304347826086,1.8373478260869565,1.3376521739130436,1.4400434782608695,1.9641739130434783,3721,128516,137358.247145173,2.9729123905046126,3.17745677484422,14037,13366.1266833272,181398,4322899,0.216183,-0.1,-0.1,0,NA,199.3374175156746,173.0021378397638,175.68501494992333,183.477927095146,NA,164.0833386137243,158.55646100116414,154.5840238434625,152.562290663051,122.75178879003006,121.02903176774585,115.27298123666438,149.35640152049086,126.62473114822785,108.10674805904735,124.20657752911697,1203.01315379988,208.027076515178,28363.3207105751,6259.64844293743,23031.6349701073,3388.16224863063,478.936403366268,8105.73641513098,24477.8443379052,6204.9105077693,6510.79239321752,3448.19404599055,6975.94182647443,13803.0706068172,6959.97354090394,4934.37094275753,28476.3761205801,10841.0091034888,7194.27944906142,10699.6989137804,1347.3107606083,2326.91467203111,520.100344642119,8384.17566155266,-3480.04331957674,162637.549698104
2013-08-01,0,0.25,0.018095238095238095,NA,0.4102857142857143,0.897952380952381,1.116,0.897952380952381,1.2737142857142858,1.2805714285714287,1.463047619047619,1.8696666666666666,1.399190476190476,1.467,1.955095238095238,4158,129956,136472.934333885,3.006223370011652,3.15697716587607,13878,13726.3468488088,181129,4322899,0.23902,0.1,0.1,0,NA,200.65848068797902,173.23196667979764,175.85834687019826,184.06968868091596,NA,165.15139865133509,159.050062425132,155.1897242435612,153.1747180806774,122.77973971877259,121.46181526199963,115.90689176484764,149.79412622596976,126.78416522064938,108.35005377219782,123.8640178622124,NA,NA,NA,NA,NA,NA,NA,NA,NA,NA,NA,NA,NA,NA,NA,NA,NA,NA,NA,NA,NA,NA,NA,NA,NA,NA
2013-09-01,0,0.25,0.020047619047619047,NA,0.4453809523809524,0.9612857142857143,1.1839047619047618,0.9612857142857143,1.3137142857142856,1.3123809523809524,1.4668095238095238,1.8886190476190476,1.408,1.4766666666666666,1.9912857142857143,4783,131072,137763.441914666,3.032039379129607,3.18682999336015,14235,13643.2292490337,183741,4322899,0.24643,0.2,0.2,-0.1,NA,201.97954386028343,173.46179551983147,176.0316787904732,184.66145026668596,NA,166.21945868894588,159.5436638490999,155.79542464365989,153.78714549830383,122.80769064751512,121.89459875625342,116.54080229303091,150.23185093144863,126.9435992930709,108.59335948534832,123.52145819530786,NA,NA,NA,NA,NA,NA,NA,NA,NA,NA,NA,NA,NA,NA,NA,NA,NA,NA,NA,NA,NA,NA,NA,NA,NA,NA
2013-10-01,0,0.25,0.019956521739130435,NA,0.3601739130434783,0.8869130434782608,1.1229130434782608,0.8869130434782608,1.237,1.2505652173913044,1.3730434782608696,1.8126086956521739,1.3149565217391304,1.3815652173913044,1.9077826086956522,5131,133443,137806.075090562,3.0868868321929335,3.18781621061612,12982,13377.4544324944,188536,4322899,0.202226,0.1,0.1,-0.3,NA,203.2579920915458,173.6842105263158,176.19941935848118,185.234122769044,NA,167.25306517695634,160.02134264648816,156.38158632117475,154.379817192781,122.83473993339497,122.31342149262805,117.15426409449859,150.65545548513788,127.0978903308982,108.82881662710685,123.18994884023893,1237.88679401442,205.361381322632,28198.3922596103,6205.09042940077,22923.6479486873,3439.66047602771,484.102356759487,8165.20159099053,24676.9174070719,6275.167840316,6492.60422450097,3437.61464748903,6966.6944496722,13705.1630140599,6863.60221018011,4932.4950249699,28588.2442256167,10881.1531941466,7193.32583722408,10840.5239728748,1446.37408112543,2327.27451740065,523.978337746826,8392.1317904044,-3470.86133754047,163032.335801364
2013-11-01,0,0.25,0.020047619047619047,NA,0.3082857142857143,0.8319523809523809,1.0728095238095239,0.8319523809523809,1.193142857142857,1.209142857142857,1.3146190476190476,1.7537619047619049,1.2485238095238096,1.3277619047619047,1.8712857142857142,6403,139073,138866.742300005,3.2171235090155936,3.21235222705886,11568,12693.715516113,196522,4322899,0.344003,0.3,0.3,0.1,NA,205.04724860501912,174.02723864576927,176.65810733328624,185.4668804868337,NA,167.9530621723793,160.0965269693442,155.86274027697553,154.6004162682846,123.11281061338524,122.8563214972541,118.10392543823994,150.83822833737398,126.69712756174962,108.29346917210255,122.56119809573067,NA,NA,NA,NA,NA,NA,NA,NA,NA,NA,NA,NA,NA,NA,NA,NA,NA,NA,NA,NA,NA,NA,NA,NA,NA,NA
2013-12-01,0,0.25,0.02045,NA,0.3438888888888889,0.9025555555555556,1.1515,0.9025555555555556,1.2758333333333334,1.2952777777777778,1.396388888888889,1.8163333333333334,1.3525,1.385,1.9416111111111112,4621,149437,139816.454375985,3.4568700309676443,3.23432156004535,9745,11872.3983057808,205802,4322899,0.387872,0.1,0.4,0.1,NA,206.77878716644489,174.35920134201453,177.10199892180728,185.6921298911463,NA,168.63047861956284,160.16928599146294,155.36063120194405,154.8138992445784,123.38191127144032,123.38170859850513,119.02295254508643,151.01510529115086,126.3092926238639,107.7753909898403,121.95272963330332,NA,NA,NA,NA,NA,NA,NA,NA,NA,NA,NA,NA,NA,NA,NA,NA,NA,NA,NA,NA,NA,NA,NA,NA,NA,NA
2014-01-01,0,0.25,0.022454545454545453,NA,0.30757142857142855,0.8622857142857143,1.114809523809524,0.8622857142857143,1.2192380952380952,1.2441904761904763,1.3446190476190476,1.7304285714285714,1.3003809523809524,1.3315238095238096,1.8947619047619049,3154,153260,139212.759942802,3.410894878071525,3.09826497358152,12296,12847.593138215,208777,4493249,0.433261,0,0.3,0.1,NA,208.56804367991822,174.702229461468,177.56068689661234,185.924887608936,NA,169.3304756149858,160.244470314319,154.84178515774482,155.034498320082,123.65998195143058,123.92460860313118,119.97261388882778,151.197878143387,125.90852985471533,107.240043534836,121.32397888879507,1325.4268351146,202.793555984439,28231.238622836,6182.9198522637,22990.2724146674,3076.28069879368,492.902708944565,8220.0002166053,24772.2422212511,6284.1723509555,6746.81441952331,3455.27518858416,7053.50462153011,13603.9806495767,6819.67017073455,4884.52478776519,28820.3075656221,10889.2529191091,7250.7047614671,10994.772113602,1562.90103946823,2295.85553383976,531.847401412609,8412.19213366898,-3463.02896187179,163793.360334227
2014-02-01,0,0.25,0.01805,NA,0.22515,0.74325,0.99265,0.74325,1.0713,1.0829,1.1649,1.5659,1.1243,1.1668,1.7333,3248,149259,138102.368092567,3.321850180125784,3.07355252496728,14042,13471.4873231759,205934,4493249,0.367136,0.1,0.4,-0.1,NA,208.10872078376957,175.5297657425317,178.0237661020028,186.48163842990041,NA,169.9096794463407,160.82923726986593,155.19200135938527,155.8986915616134,124.09541982577507,124.18376652986777,120.87878743440653,151.61410912123208,125.82187517350322,107.7667984234015,120.35211078563071,NA,NA,NA,NA,NA,NA,NA,NA,NA,NA,NA,NA,NA,NA,NA,NA,NA,NA,NA,NA,NA,NA,NA,NA,NA,NA
2014-03-01,0,0.25,0.020666666666666667,NA,0.23795238095238097,0.7267142857142858,0.9668095238095238,0.7267142857142858,1.0466190476190476,1.0612857142857142,1.0924761904761904,1.526047619047619,1.0996190476190475,1.1237142857142857,1.6757142857142857,3779,142846,137964.283299647,3.1791249494519445,3.07047936358851,14741,13898.5617746553,199911,4493249,0.500323,0.2,0.6,0,NA,207.69384849047404,176.27721786736342,178.4420311907426,186.98451013915857,NA,170.4328312940161,161.35741387487604,155.5083256705444,156.6792531991256,124.48871855098943,124.41784465724274,121.69726676589701,151.9900596818663,125.74360642918262,108.24257703242839,119.47429443438547,NA,NA,NA,NA,NA,NA,NA,NA,NA,NA,NA,NA,NA,NA,NA,NA,NA,NA,NA,NA,NA,NA,NA,NA,NA,NA
2014-04-01,0,0.25,0.01685,NA,0.1887,0.6568,0.89735,0.6568,0.9567,0.9794,0.9863999999999999,1.42285,0.9983,1.0259,1.55795,2507,137087,136223.065135092,3.050954888099903,3.03172749017675,14088,13597.7910730663,192829,4493249,0.458457,0.2,0.6,0,NA,207.2345255943254,177.10475414842713,178.90511039613307,187.541260960123,NA,171.012035125371,161.94218083042298,155.85854187218484,157.543446440657,124.92415642533392,124.67700258397933,122.60344031147577,152.4062906597114,125.65695174797051,108.76933192099388,118.50242633122112,1357.13263612264,195.41366472692,28461.7563296814,6311.79738728016,23068.881517713002,2948.09254815734,501.96487907066,8242.39824771952,25138.9228326821,6283.89237424168,6723.79674410581,3419.91362754761,7224.2759531388,13573.8912110128,6808.8906845511,4871.64525742671,29061.9805490168,10928.1109446025,7290.04479303103,10995.8220874455,1621.19405048364,2319.46480632002,538.326071711583,8449.18483498234,-3466.96235580309,164879.928711737
2014-05-01,0,0.25,0.01565,NA,0.1498,0.57365,0.8093,0.57365,0.838,0.86925,0.89075,1.2851,0.8526,0.8991,1.4227,2749,130310,134790.785949139,2.9001286151735637,2.99985124236692,13157,13017.5696794647,184436,4493249,0.467627,0.2,0.5,0.2,NA,207.7992005754609,177.38331097793582,179.15943108120754,187.8558367538431,NA,170.41531918781857,162.39632505639491,156.03632871186045,157.1251478886203,124.71723739940147,125.86960842774796,123.44119497668693,152.1782191996156,125.86956153681545,108.55735368255408,119.06617267568956,NA,NA,NA,NA,NA,NA,NA,NA,NA,NA,NA,NA,NA,NA,NA,NA,NA,NA,NA,NA,NA,NA,NA,NA,NA,NA
2014-06-01,0,0.25,0.011857142857142858,NA,0.13675,0.54185,0.77815,0.54185,0.7937,0.8332499999999999,0.897,1.24,0.8001,0.85865,1.36115,2528,126632,135759.810295722,2.8182724794463874,3.02141747087068,14211,13074.9957154565,180689,4493249,0.367624,0.1,0.5,0,NA,208.38269805596764,177.6711530350948,179.4222291224512,188.18089840735388,NA,169.7987127190144,162.86560742323258,156.22004177952525,156.6929060515157,124.5034210726046,127.10196779964221,124.30687479740511,151.9425453575166,126.08925831862192,108.33830950283297,119.64871056497363,NA,NA,NA,NA,NA,NA,NA,NA,NA,NA,NA,NA,NA,NA,NA,NA,NA,NA,NA,NA,NA,NA,NA,NA,NA,NA
2014-07-01,0,0.25,0.012608695652173913,NA,0.08986956521739131,0.44278260869565217,0.6637391304347826,0.44278260869565217,0.7243478260869565,0.7558695652173913,0.838304347826087,1.1799130434782608,0.694391304347826,0.7779565217391304,1.2574782608695652,1355,127054,135751.508466645,2.8276643471127465,3.02123270859561,13240,12746.2564740203,180822,4493249,0.36664,0.1,0.4,0,NA,208.94737303710315,177.94970986460348,179.67654980752567,188.495474201074,NA,169.20199678146196,163.3197516492045,156.39782861920085,156.274607499479,124.29650204667215,128.29457364341084,125.14462946261628,151.7144738974208,126.30186810746686,108.12633126439317,120.21245690944207,1357.10825416231,188.555774839793,28768.9020043443,6568.9209338047,23054.745739956,2898.59394769061,508.754147172309,8244.81712907098,25473.6990970964,6269.01484243345,6727.01716604541,3443.14714194871,7255.33340300026,13686.9499269364,6900.39198943344,4892.74008031135,29258.7646323904,10967.6885223829,7322.92966915611,11167.7269615209,1596.78798246954,2290.71095082065,544.055149497742,8500.95117336965,-3490.0224943018,166137.261356355
2014-08-01,0,0.25,0.0209,NA,0.08035,0.37045,0.5518500000000001,0.37045,0.6036,0.65095,0.7359,1.10245,0.59395,0.66895,1.17355,1311,128434,134842.168215457,2.8583770897183753,3.000994786077,11113,11050.9726495851,179880,4493249,0.318731,0,0.5,0.1,NA,208.92224396569728,178.20355067299903,179.55870838079153,188.9113342921357,NA,169.07293336141296,163.29033169678257,156.61158813202593,157.3584997391038,124.46175047565133,128.21518732197967,124.90874284981965,152.25731219586814,126.55227204347122,109.30755862462625,120.74149209964398,NA,NA,NA,NA,NA,NA,NA,NA,NA,NA,NA,NA,NA,NA,NA,NA,NA,NA,NA,NA,NA,NA,NA,NA,NA,NA
2014-09-01,0,0.25,0.008272727272727272,NA,0.0720909090909091,0.3931818181818182,0.5861363636363637,0.3931818181818182,0.5873636363636363,0.6290454545454546,0.7055,1.1011363636363636,0.5765454545454545,0.6434545454545455,1.1687272727272728,2082,129965,136605.380970716,2.8924504295221567,3.04023616253442,11045,10514.2905400726,183113,4493249,0.286725,0,0.4,-0.1,NA,208.89711489429138,178.45739148139458,179.4408669540574,189.32719438319742,NA,168.94386994136397,163.26091174436064,156.82534764485104,158.44239197872855,124.62699890463051,128.1358010005485,124.67285623702301,152.8001504943155,126.80267597947558,110.48878598485933,121.27052728984587,NA,NA,NA,NA,NA,NA,NA,NA,NA,NA,NA,NA,NA,NA,NA,NA,NA,NA,NA,NA,NA,NA,NA,NA,NA,NA
2014-10-01,0,0.25,0.00826086956521739,NA,0.0782608695652174,0.37078260869565216,0.547695652173913,0.37078260869565216,0.5380434782608696,0.5831304347826086,0.6921739130434782,1.1522173913043479,0.5574782608695652,0.6167826086956522,1.1126521739130435,2619,132397,136781.642769422,2.946576074461932,3.04415897648721,11076,11342.1971272004,187715,4493249,0.35445,0.1,0.5,0,NA,208.87279643809214,178.70304387661608,179.32682686366954,189.729639632612,NA,168.8189698574456,163.232440822662,157.03221168952047,159.491319952559,124.7869167391265,128.05897552819576,124.44457886980047,153.3254778799097,127.04500236915722,111.63190923669781,121.78249682875095,1328.3626807159,177.435137407527,28846.2088621037,6787.68154263596,22836.7726371307,3073.93660606187,524.427058818393,8177.75279515134,26039.3812267986,6303.29757325324,6626.28555057801,3423.21667099502,7181.01453244323,13891.5638285784,7041.47712494184,4947.59222389074,29364.1876762208,11055.9137632317,7364.31043492162,11350.5026019775,1460.81793042137,2280.25470663688,548.547110123696,8574.54078165785,-3517.42579725061,167290.669722024
2014-11-01,0,0.25,0.0055000000000000005,NA,0.01925,0.31829999999999997,0.4889,0.31829999999999997,0.46785,0.52705,0.6309,1.1121,0.54295,0.54395,0.9979,3124,136552,136433.793284194,3.0390481364375757,3.03641737380221,10545,11688.1789203556,193892,4493249,0.212744,0.2,0.5,-0.1,NA,208.67899341028345,178.7544980945341,179.80708958642828,190.50958564888737,NA,169.2260856776028,163.53317811408616,157.60529440327358,159.89707316925933,126.86898774570516,128.04873213188205,125.4709543201387,153.50415734974027,127.51346087979452,111.89166193642473,121.53208695466053,NA,NA,NA,NA,NA,NA,NA,NA,NA,NA,NA,NA,NA,NA,NA,NA,NA,NA,NA,NA,NA,NA,NA,NA,NA,NA
2014-12-01,-0.3260869565217391,0.25,-0.01971428571428572,NA,-0.035631578947368424,0.22278947368421054,0.3663157894736842,0.22278947368421054,0.34289473684210525,0.4053684210526316,0.5166842105263157,0.9860526315789474,0.41878947368421054,0.41878947368421054,0.8432105263157895,2539,147369,137893.58591881,3.279787076122423,3.06890595021131,8791,10722.9031250014,203926,4493249,0.290705,0.4,0.6,-0.3,NA,208.49144209304924,178.80429249897088,180.27185996329155,191.26437211625063,NA,169.62006872936786,163.8242142025611,158.15989057787337,160.28973757251768,128.88389517142645,128.03881916770752,126.46422088498215,153.67707296570532,127.96680782557257,112.14303551680561,121.289754818444,NA,NA,NA,NA,NA,NA,NA,NA,NA,NA,NA,NA,NA,NA,NA,NA,NA,NA,NA,NA,NA,NA,NA,NA,NA,NA
2015-01-01,-1.0227272727272727,-0.022727272727272735,-0.4659047619047619,NA,-0.44755,-0.1297,0.029549999999999993,-0.1297,0.015299999999999996,0.07275000000000001,0.1868,0.65215,0.038599999999999995,0.07419999999999999,0.48235,3129,150946,137099.36375923,3.359395395180637,3.05123005111068,9672,10239.281888145,206138,4493249,0.32089,0.4,0.5,-0.5,NA,208.29763906524056,178.85574671688892,180.75212268605028,192.044318132526,NA,170.0271845495251,164.12495149398526,158.73297329162648,160.695490789218,130.9659661780051,128.0285757713938,127.49059633532039,153.8557524355359,128.43526633620988,112.40278821653253,121.03934494435357,1244.78104925146,162.585686606799,28410.1825188893,7046.28398804628,22009.014051834,3013.20662428168,562.000835888753,8194.88153432899,26587.4081390061,6278.42573148797,6592.00433384822,3357.97735551762,7177.37015842294,14026.5424569333,7096.54732189029,5036.87823177254,29406.6203896367,11073.9053717319,7326.44250419391,11270.0414229106,1314.04150100203,2281.00777959569,551.292022858601,8591.34159155069,-3554.33798625772,167214.097936368
2015-02-01,-1.25,-0.25,-0.8888,NA,-0.55075,-0.1844,-0.005099999999999999,-0.1844,0.06275,0.11325,0.22945,0.67075,0.0655,0.09210000000000002,0.4859,5341,149921,138723.657114502,3.3365833943322527,3.08737969149945,10289,9878.19626379732,206369,4493249,0.091918,0.2,0.2,-0.8,NA,208.4285118550271,179.03457870983067,181.08700187363775,191.40152450497936,NA,171.36403820092187,164.36888285258485,158.9480412495317,160.80574305650967,131.30421718397616,127.95266082315783,128.51477701277528,153.94604824446395,128.7309245478123,111.5521248077815,121.19257928925562,NA,NA,NA,NA,NA,NA,NA,NA,NA,NA,NA,NA,NA,NA,NA,NA,NA,NA,NA,NA,NA,NA,NA,NA,NA,NA
2015-03-01,-1.25,-0.25,-0.8022727272727272,NA,-0.47745454545454546,-0.19140909090909092,-0.03922727272727273,-0.19140909090909092,0.09077272727272727,0.152,0.2802727272727273,0.7003181818181818,0.17163636363636364,0.15595454545454546,0.5792727272727273,8337,145108,140176.739873098,3.2294671405924755,3.11971893552078,10191,9429.79528511197,204266,4493249,-0.128982,-0.1,-0.1,-0.9,NA,208.54671953612464,179.1961043808748,181.38947339791025,190.82093671235663,NA,172.5715189183125,164.58920795067476,159.14229617925255,160.90532574954733,131.60973422162743,127.88409248281567,129.43984343112166,154.02760574930224,128.9979706744209,110.78378366439347,121.33098450400587,NA,NA,NA,NA,NA,NA,NA,NA,NA,NA,NA,NA,NA,NA,NA,NA,NA,NA,NA,NA,NA,NA,NA,NA,NA,NA
2015-04-01,-1.25,-0.25,-0.81205,NA,-0.5164,-0.24105,-0.105,-0.24105,0.009800000000000001,0.0736,0.2066,0.5676,0.0866,0.0815,0.4433,8201,141131,140229.6737766,3.1409565773007464,3.1208970118638,10216,9857.37697352235,199346,4493249,-0.263551,-0.3,-0.4,-1.1,NA,208.67759232591118,179.37493637381655,181.7243525854977,190.17814308481,NA,173.9083725697093,164.83313930927434,159.3573641371578,161.015578016839,131.9479852275985,127.8081775345797,130.46402410857655,154.1179015582303,129.29362888602333,109.93312025564244,121.48421884890791,1201.91439724231,154.507545563185,28293.1754467669,7228.2170488193,21631.5998238036,2987.00407403633,579.223668921978,8071.07551034249,27150.3347429601,6329.82996137198,6499.00049250289,3310.80649210091,7211.99163023641,14011.7731552674,6988.58222966154,5097.17978852507,29425.6694778998,11125.7164672062,7343.82855762595,11280.1478094086,1263.10023748148,2282.91803315919,554.838919751864,8623.33415254713,-3593.37168457519,167493.93301796
2015-05-01,-1.25,-0.25,-0.7906842105263159,NA,-0.4393888888888889,-0.11694444444444445,0.0465,-0.11694444444444445,0.13677777777777778,0.19666666666666666,0.31805555555555554,0.6897222222222222,0.23172222222222222,0.19627777777777777,0.5862222222222222,7438,136349,140997.764096858,3.0345302474890663,3.13799133092464,9929,9944.45500925818,192798,4493249,-0.362517,-0.3,-0.4,-1.2,NA,209.8643825384072,179.2507604377705,181.73439450319182,190.438393894448,NA,174.75420117008622,164.93548167005676,159.41659044731773,161.03966677949393,131.7330454178081,127.7906392133478,131.07896975332798,153.81657667601604,130.038735336925,109.86450850851034,120.67245500183427,NA,NA,NA,NA,NA,NA,NA,NA,NA,NA,NA,NA,NA,NA,NA,NA,NA,NA,NA,NA,NA,NA,NA,NA,NA,NA
2015-06-01,-1.25,-0.25,-0.7821363636363636,NA,-0.48054545454545455,-0.08868181818181818,0.12145454545454545,-0.08868181818181818,0.21622727272727274,0.2710909090909091,0.3957727272727273,0.7814545454545455,0.31395454545454543,0.27990909090909094,0.6949545454545455,7973,133256,142812.029535005,2.9656936439534065,3.17836891601167,10487,9617.41908208104,191090,4493249,-0.269274,-0.2,-0.3,-1,NA,211.09073242465308,179.1224453038563,181.7447711514757,190.70731973107397,NA,175.62822405714238,165.04123544286523,159.47779096781636,161.06455850090407,131.5109409476914,127.77251628140819,131.71441358623775,153.50520763106127,130.80867866952335,109.79360970314052,119.83363235985816,NA,NA,NA,NA,NA,NA,NA,NA,NA,NA,NA,NA,NA,NA,NA,NA,NA,NA,NA,NA,NA,NA,NA,NA,NA,NA
2015-07-01,-1.25,-0.25,-0.7619130434782608,NA,-0.5272173913043479,-0.16065217391304348,0.04578260869565218,-0.16065217391304348,0.16160869565217392,0.2062608695652174,0.33943478260869564,0.8108260869565217,0.246,0.23852173913043478,0.676,4386,133754,142858.073054108,2.9767769380241336,3.17939364264273,10352,9899.10286260886,190939,4493249,-0.393425,-0.4,-0.5,-1.3,NA,212.2775226371491,178.99826936781025,181.7548130691698,190.967570540712,NA,176.4740526575193,165.14357780364764,159.5370172779763,161.088647263559,131.29600113790102,127.75497796017629,132.32935923098918,153.203882748847,131.553785120425,109.72499795600842,119.02186851278451,1182.80819394936,152.870247119753,28908.5329472092,7687.1193359109,21691.9495653749,2710.9035585292,598.215563275734,8046.74302485226,27700.9365392221,6335.60795045517,6427.16522099197,3283.64826505541,7279.6462429529,14071.6646220729,7003.72423932657,5129.31768692821,29408.3621129455,11130.8679280838,7325.10690552689,11434.3978221418,1256.8758423894,2258.96857827526,560.006007668561,8667.23980485932,-3647.78284375834,168664.336343476
2015-08-01,-1.25,-0.25,-0.72855,NA,-0.5938095238095238,-0.31647619047619047,-0.13933333333333334,-0.31647619047619047,0.04376190476190476,0.0860952380952381,0.23542857142857143,0.7450952380952381,0.1210952380952381,0.14461904761904762,0.5514285714285714,4746,136983,143768.844949482,3.0486403045991888,3.19966342727683,10905,10682.3915150553,192669,4493249,-0.571865,-0.5,-0.7,-1.4,NA,212.3679372465354,179.64316223238274,181.921350231536,191.0957329141486,NA,175.10250511406934,164.8787982318503,159.9046868940344,161.40063188791586,130.8429761529585,127.73705201662732,136.94573251033134,153.26630023342506,131.2731197410628,109.90423600220504,117.66283776050754,NA,NA,NA,NA,NA,NA,NA,NA,NA,NA,NA,NA,NA,NA,NA,NA,NA,NA,NA,NA,NA,NA,NA,NA,NA,NA
2015-09-01,-1.25,-0.25,-0.7294545454545455,NA,-0.5376363636363637,-0.25472727272727275,-0.07372727272727272,-0.25472727272727275,0.05454545454545454,0.1134090909090909,0.2757272727272727,0.8459545454545454,0.1235,0.19095454545454546,0.6569545454545455,6534,138226,145294.538344197,3.0763040285548384,3.23361866533987,11342,11019.4204754069,196042,4493249,-0.598661,-0.6,-0.8,-1.4,NA,212.4583518559217,180.28805509695522,182.08788739390215,191.22389528758524,NA,173.73095757061938,164.61401866005298,160.2723565100925,161.71261651227272,130.38995116801598,127.71912607307836,141.56210578967352,153.3287177180031,130.99245436170057,110.08347404840164,116.30380700823059,NA,NA,NA,NA,NA,NA,NA,NA,NA,NA,NA,NA,NA,NA,NA,NA,NA,NA,NA,NA,NA,NA,NA,NA,NA,NA
2015-10-01,-1.25,-0.25,-0.7275909090909091,NA,-0.6701818181818182,-0.4037727272727273,-0.2215909090909091,-0.4037727272727273,-0.06395454545454546,-0.006136363636363636,0.1659090909090909,0.8120454545454545,0.021045454545454544,0.07718181818181818,0.6113636363636363,8346,141269,146006.777846479,3.144027851561309,3.24946999034505,9471,9839.18205612137,200920,4493249,-0.649582,-0.7,-0.9,-1.4,NA,212.54584986500524,180.91214496589635,182.2490523897404,191.347923390911,NA,172.40365349631298,164.35778036476523,160.62816581595516,162.014537116489,129.95153989226517,127.7017783857729,146.02956380194013,153.3891217353367,130.72084270425327,110.2569302221403,114.98861595763998,1184.10475394948,154.572239230171,29287.4851953832,8311.39207168262,21264.6479292585,2706.45567341519,628.912850088529,8086.40729815429,28091.8437616834,6293.07024784367,6356.14088932574,3333.10715494556,7359.1923309804,14143.4968155718,7049.07454155831,5133.36721115849,29391.375326415,11148.6407288712,7326.26626755257,11523.7942824439,1306.25866876266,2273.90499045796,564.997146878414,8767.5118394922,-3689.55259647074,169924.619754245
2015-11-01,-1.25,-0.25,-0.7836666666666667,NA,-0.8295714285714285,-0.5022857142857143,-0.28995238095238096,-0.5022857142857143,-0.15776190476190477,-0.09471428571428571,0.07414285714285715,0.6870952380952381,-0.07852380952380952,-0.023,0.5052380952380953,8501,148143,148107.060052391,3.2970129187142754,3.29621305323589,9465,10101.7443719448,210886,4493249,-0.751356,-0.8,-1,-1.4,NA,213.73877354031882,181.570758955247,182.3708109599883,192.171764360809,NA,172.28597932761778,164.48526682526025,160.66425917037841,162.61203757378226,132.91325461834043,127.85542933047839,144.91517095876733,153.13663291271538,130.8871207809155,110.90399410798452,114.21512282006309,NA,NA,NA,NA,NA,NA,NA,NA,NA,NA,NA,NA,NA,NA,NA,NA,NA,NA,NA,NA,NA,NA,NA,NA,NA,NA
2015-12-01,-1.25,-0.25,-0.7915714285714286,NA,-0.70345,-0.3745,-0.17265,-0.3745,-0.03219999999999999,0.0395,0.2014,0.80465,-0.034449999999999995,0.06559999999999999,0.5579,6558,158629,148451.075281353,3.530385251295889,3.30386932220656,8033,9904.57106018492,220209,4493249,-0.67445600000000006,-0.9,-1.1,-1.3,NA,214.89321580675133,182.20812733203792,182.4886418344217,192.96902981554902,NA,172.17210109984822,164.60864081928767,160.69918822304612,163.19026382277576,135.77943015970357,128.0041237930966,143.8367262718259,152.89228889082383,131.0480350486531,111.53018496525313,113.46658107402095,NA,NA,NA,NA,NA,NA,NA,NA,NA,NA,NA,NA,NA,NA,NA,NA,NA,NA,NA,NA,NA,NA,NA,NA,NA,NA
2016-01-01,-1.25,-0.25,-0.75206,NA,-0.65685,-0.36895,-0.19039999999999999,-0.36895,-0.0659,0.008749999999999997,0.1633,0.8210500000000001,-0.06344999999999999,0.046299999999999994,0.52795,8052,163644,148617.576518588,3.641997138373591,3.30757490890418,9391,10006.6999169632,222751,4493249,-0.653858,-0.9,-1.1,-1.3,NA,216.0861394820649,182.86674132138856,182.6104004046696,193.792870785447,NA,172.05442693115302,164.7361272797827,160.73528157746938,163.787764280069,138.74114488577882,128.15777473780207,142.72233342865312,152.63980006820253,131.21431312531533,112.17724885109735,112.69308793644406,1223.95444202215,159.065999645722,29698.7759842439,8410.05136490922,21647.8379230544,2484.55362375733,634.266948044297,8117.96231987011,28250.6184898225,6304.81171393497,6296.94893314463,3309.18911490704,7416.45181915915,14059.9680914047,7011.37508244689,5108.66012960552,29368.5381561854,11158.8822360667,7313.39538596113,11758.18335864,1384.30312944508,2246.10517664196,570.56487374297,8837.39564111691,-3695.29769154933,170489.373353801
2016-02-01,-1.25,-0.25,-0.775295238095238,NA,-0.7955714285714286,-0.5267619047619048,-0.35733333333333334,-0.5267619047619048,-0.19780952380952382,-0.10504761904761904,0.03204761904761905,0.7757619047619048,-0.22704761904761905,-0.07652380952380952,0.38661904761904764,8418,161417,149373.370340901,3.592433893603493,3.32439556189521,10645,9694.80795456838,222888,4493249,-0.303113,-0.7,-0.9,-0.8,NA,213.60310425702912,183.33145018475363,182.48474724634346,192.20424670435074,NA,172.8880297856685,164.62376389617367,160.89919659262424,164.0529590917749,139.1086443408015,127.99207936006839,142.8028879239807,152.27808993088956,131.2765302265764,113.06400430756766,113.7228268676616,NA,NA,NA,NA,NA,NA,NA,NA,NA,NA,NA,NA,NA,NA,NA,NA,NA,NA,NA,NA,NA,NA,NA,NA,NA,NA
2016-03-01,-1.25,-0.25,-0.7596571428571428,NA,-0.8066190476190477,-0.553,-0.3880952380952381,-0.553,-0.22347619047619047,-0.12376190476190475,0.01219047619047619,0.8488571428571429,-0.2775714285714286,-0.10880952380952381,0.37633333333333335,8561,155324,150083.808209923,3.4568304583164657,3.34020679045214,10386,9778.45699991289,218187,4493249,-0.309921,-0.7,-0.9,-0.9,NA,211.2802648529634,183.76617783112744,182.36720074339317,190.71811449945426,NA,173.66785181086038,164.5186497631201,161.05253644551107,164.3010445607901,139.45243415356464,127.83707400670464,142.87824535509364,151.93971593146776,131.3347333213045,113.89354973458829,114.68613102912315,NA,NA,NA,NA,NA,NA,NA,NA,NA,NA,NA,NA,NA,NA,NA,NA,NA,NA,NA,NA,NA,NA,NA,NA,NA,NA
2016-04-01,-1.25,-0.25,-0.7266285714285714,NA,-0.7859047619047619,-0.49104761904761907,-0.3281428571428571,-0.49104761904761907,-0.2149047619047619,-0.108,0.027523809523809527,0.8786190476190476,-0.26366666666666666,-0.09338095238095238,0.3435714285714286,9024,149540,148567.960390559,3.328104006699829,3.30647067168009,10441,10253.835659002,210926,4493249,-0.147437,-0.4,-0.5,-0.4,NA,208.7972296279276,184.2308866944925,182.24154758506702,189.129490418358,NA,174.50145466537586,164.40628637951107,161.21645146066592,164.566239372496,139.81993360858732,127.67137862897096,142.95879985042123,151.5780057941548,131.39695042256557,114.7803051910586,115.71586996034068,1233.2294063017,158.969946222236,29645.2747563428,8625.24059656924,21319.3387338283,2529.72038588535,603.31117356354,8191.13438047747,28030.5115933427,6294.58208727013,6416.4531951847,3330.78467026156,7534.97666975355,14055.3253377348,6993.12219884495,5080.91009223494,29560.8052002326,11209.4122323577,7345.52702261188,11836.9197696096,1436.3072123056,2246.90062657535,575.501690617089,8890.89920845913,-3708.62095025306,170977.67772724
2016-05-01,-1.25,-0.25,-0.73347,NA,-0.76675,-0.4512,-0.28535,-0.4512,-0.21175,-0.11005,0.0224,0.8543499999999999,-0.25565,-0.10665,0.32665,8493,144778,149665.609365182,3.222122789099825,3.330899519817,11020,10717.9735975846,206239,4493249,-0.25471,-0.5,-0.6,-0.4,NA,208.8120565034336,185.1638842680276,182.90650878387535,188.49598788039876,NA,172.7641828141169,164.77407923857285,161.38068678166903,164.44275731103875,139.53551219598108,127.67137862897096,142.5291355880212,151.46956287809678,131.63138530543196,115.27163500614624,115.57343753979622,NA,NA,NA,NA,NA,NA,NA,NA,NA,NA,NA,NA,NA,NA,NA,NA,NA,NA,NA,NA,NA,NA,NA,NA,NA,NA
2016-06-01,-1.25,-0.25,-0.7634636363636363,NA,-0.9086363636363637,-0.6062272727272727,-0.44331818181818183,-0.6062272727272727,-0.3235909090909091,-0.20977272727272728,-0.07613636363636364,0.7069545454545454,-0.37863636363636366,-0.21995454545454546,0.19286363636363635,7949,139127,149053.439572471,3.096356333690833,3.31727530729926,11269,10541.8684106365,201131,4493249,-0.251849,-0.7,-0.8,-0.4,NA,208.82737760812316,186.1279817606805,183.59363535597728,187.84136859117424,NA,170.96900190114928,165.15413185960332,161.55039661337221,164.31515918086626,139.2416100696213,127.67137862897096,142.0851491835412,151.35750519817017,131.87363468439386,115.77934248173682,115.42625737190025,NA,NA,NA,NA,NA,NA,NA,NA,NA,NA,NA,NA,NA,NA,NA,NA,NA,NA,NA,NA,NA,NA,NA,NA,NA,NA
2016-07-01,-1.25,-0.25,-0.7659904761904762,NA,-0.9800476190476191,-0.7056666666666667,-0.5565238095238095,-0.7056666666666667,-0.374047619047619,-0.23257142857142857,-0.125,0.5406190476190477,-0.4634285714285714,-0.27676190476190476,0.13176190476190475,5183,139310,148732.369580997,3.1004291104276662,3.31012969859888,10648,10413.4669396413,199347,4493249,-0.187522,-0.5,-0.6,-0.2,NA,208.84220448362916,187.0609793342156,184.2585965547856,187.207866053215,NA,169.23173004989033,165.5219247186651,161.71463193437532,164.191677119409,138.95718865701505,127.67137862897096,141.65548492114118,151.24906228211216,132.10806956726026,116.27067229682446,115.28382495135578,1232.49132940925,160.37748090345,30332.1938065335,8935.96137042335,21673.9975979458,2311.26725322895,608.907453802428,8209.54265470528,27624.5492292359,6296.9071350626,6418.57900170173,3307.84448413207,7423.18202844083,14130.8565066058,7035.8780523574,5048.60711433516,29615.4060687389,11231.5587197108,7331.27058014897,12038.0537264179,1467.43885129122,2248.24580444913,580.781595081803,8939.05968889142,-3739.05206483905,171378.312281796
2016-08-01,-1.25,-0.25,-0.7429,NA,-0.8820909090909091,-0.6403181818181818,-0.5071818181818182,-0.6403181818181818,-0.30727272727272725,-0.16813636363636364,-0.0695,0.5505909090909091,-0.3932727272727273,-0.23377272727272727,0.1489090909090909,5536,142858,149877.741101394,3.1793920167789502,3.33562064113059,10802,10352.3608352888,201989,4493249,-0.153835,-0.3,-0.3,-0.1,NA,207.84177310624645,187.38342576650186,184.3168113058133,186.63685670674747,NA,170.14379028956296,165.98610619021105,162.13475926398357,163.70706583644767,139.048037505567,127.75588664855897,142.5200936684382,151.29560827439784,131.95034676552214,116.38263094595524,115.8840782818558,NA,NA,NA,NA,NA,NA,NA,NA,NA,NA,NA,NA,NA,NA,NA,NA,NA,NA,NA,NA,NA,NA,NA,NA,NA,NA
2016-09-01,-1.25,-0.25,-0.7405513636363636,NA,-0.8061363636363637,-0.5575,-0.4279090909090909,-0.5575,-0.24113636363636365,-0.12668181818181817,-0.022045454545454545,0.48868181818181816,-0.32422727272727275,-0.184,0.16827272727272727,7061,142675,149980.016954015,3.175319240042117,3.33789685267865,11031,10508.9325803228,203568,4493249,-0.220192,-0.4,-0.4,-0.2,NA,206.84134172886374,187.7058721987881,184.37502605684102,186.06584736027992,NA,171.05585052923556,166.450287661757,162.5548865935918,163.22245455348633,139.138886354119,127.84039466814698,143.3847024157352,151.34215426668348,131.792623963784,116.49458959508604,116.48433161235582,NA,NA,NA,NA,NA,NA,NA,NA,NA,NA,NA,NA,NA,NA,NA,NA,NA,NA,NA,NA,NA,NA,NA,NA,NA,NA
2016-10-01,-1.25,-0.25,-0.7302285714285714,NA,-0.8351428571428571,-0.5824285714285714,-0.4417142857142857,-0.5824285714285714,-0.20942857142857144,-0.1311904761904762,-0.02242857142857143,0.5243809523809524,-0.2876190476190476,-0.13776190476190475,0.21276190476190476,7950,144531,149440.196852984,3.216625653285629,3.3258828267248,10910,11298.203072054,207512,4493249,-0.094369,-0.4,-0.3,-0.2,NA,205.8731823313966,188.01791713325866,184.43136291267427,185.51325767015,NA,171.93848947085422,166.89949553744663,162.96146142869654,162.753475892556,139.22680459465315,127.922176622587,144.2214205582807,151.38719877534703,131.63998899436,116.60293667489003,117.06522193219455,1224.99366015075,161.274222104302,30506.8697659225,9267.36774579037,21446.9636966311,2141.6970995737,579.41067325412,8204.56949086774,27246.7819708371,6309.28344571733,6402.66595607489,3335.84993627734,7494.97519834205,13995.7158142921,6912.56957443138,5010.12069218058,29859.5658670542,11290.3524965001,7351.86068575673,12228.0583110965,1465.49345825135,2257.183185858,584.997822631177,8986.58689544694,-3773.60449898836,171448.858064538
2016-11-01,-1.25,-0.25,-0.7381181818181818,NA,-0.6643636363636364,-0.3336363636363636,-0.18195454545454545,-0.3336363636363636,-0.04454545454545454,0.02577272727272727,0.12231818181818181,0.7730454545454545,-0.10536363636363635,0.03109090909090909,0.38213636363636366,8365,149228,149292.699931875,3.321160256197687,3.32260019268629,10814,11785.6756804098,215215,4493249,0.060163,-0.3,-0.2,-0.3,NA,202.47733825725985,188.62164662349673,184.50390079578565,185.5999662694464,NA,168.67733522660643,167.24599719930487,163.52182212530485,163.3239043911997,138.82773095090775,128.62128842099696,144.93223049283523,151.43563174480383,131.90285037518348,116.48310328636266,116.5665589373543,NA,NA,NA,NA,NA,NA,NA,NA,NA,NA,NA,NA,NA,NA,NA,NA,NA,NA,NA,NA,NA,NA,NA,NA,NA,NA
2016-12-01,-1.25,-0.25,-0.7377199999999999,NA,-0.597,-0.22552380952380954,-0.05947619047619048,-0.22552380952380954,0.050095238095238095,0.11661904761904762,0.2083809523809524,0.8486190476190476,0.0011904761904761901,0.11328571428571428,0.4699047619047619,6913,159372,149176.658195637,3.546921169959644,3.32001761299311,9639,11973.0397191186,223413,4493249,0.090561,-0.3,-0.3,0,NA,199.19103754035334,189.20590096888844,184.57409874718374,185.6838778171526,NA,165.5213795063666,167.58132138819997,164.0641066704097,163.8759319705323,138.44153065050895,129.29784822590983,145.62011107466216,151.48250236040715,132.15723235662557,116.36713549101358,116.08398184557342,NA,NA,NA,NA,NA,NA,NA,NA,NA,NA,NA,NA,NA,NA,NA,NA,NA,NA,NA,NA,NA,NA,NA,NA,NA,NA
2017-01-01,-1.25,-0.25,-0.7281333333333333,NA,-0.6622857142857143,-0.30014285714285716,-0.13438095238095238,-0.30014285714285716,-0.005999999999999998,0.05171428571428572,0.163,0.7309523809523809,-0.03861904761904762,0.05161904761904762,0.4,8282,164466,149352.547543236,3.5475076033735253,3.22151264086702,11094,11412.5320460603,226861,4636100,0.182228,-0.2,-0.2,0.3,91.1885,195.79519346621657,189.8096304591265,184.64663663029512,185.770586416449,89.7446,162.2602252621188,167.9278230500582,164.624467367018,164.446360469176,138.04245700676356,129.9969600243198,146.3309210092167,151.53093532986395,132.42009373744904,116.24730210248622,115.58531885073317,1201.46926210096,159.531780576652,31037.6892635645,9432.72096126241,21832.6689624542,2360.42161100793,541.065923858108,8179.12524960255,27209.2554246866,6316.57045966851,6284.945827112,3351.43767985319,7454.26831017679,13646.6172929189,6534.09528647503,4963.65664263882,29967.420538789,11350.6153770895,7357.97793494148,12343.3862029009,1443.59973883537,2270.98414497086,588.016452883357,9051.87268469179,-3793.7573499933,171890.520716294
2017-02-01,-1.25,-0.25,-0.72645,NA,-0.6748,-0.29595,-0.12440000000000001,-0.29595,-0.04385,0.026849999999999995,0.13045,0.743,-0.05765000000000001,0.01725,0.3609,7455,159809,147901.824957867,3.4470567934255083,3.1902207665466,12041,11558.5669882765,223627,4636100,0.205159,-0.2,-0.2,0.6,91.45293,196.2762674518124,190.19184001266865,184.7351899107008,186.3356722318855,90.31872,163.14578899659497,168.3187815289096,164.68563394448321,165.32125415533795,137.6620312333975,130.45506747057135,147.05752672009464,151.26552275779844,131.88312050055436,115.29688438380663,115.36654350712705,NA,NA,NA,NA,NA,NA,NA,NA,NA,NA,NA,NA,NA,NA,NA,NA,NA,NA,NA,NA,NA,NA,NA,NA,NA,NA
2017-03-01,-1.25,-0.25,-0.7270782608695652,NA,-0.5859565217391305,-0.21830434782608696,-0.057869565217391304,-0.21830434782608696,-0.011608695652173913,0.07491304347826087,0.17356521739130434,0.7914347826086956,0.01913043478260869,0.07821739130434784,0.45452173913043475,7074,152280,147187.808102329,3.2846573628696536,3.17481952723904,12131,11372.4901626473,217248,4636100,0.164829,-0.2,-0.2,0.6,91.69177,196.71078589041508,190.5370615449003,184.8151735188092,186.84607232324748,90.83728,163.94565301483155,168.6719053162592,164.7408811757421,166.11148071058105,137.31842085745393,130.86884193815337,147.71381574927472,151.02579527335217,131.39811241561722,114.43844257338635,115.16893997096669,NA,NA,NA,NA,NA,NA,NA,NA,NA,NA,NA,NA,NA,NA,NA,NA,NA,NA,NA,NA,NA,NA,NA,NA,NA,NA
2017-04-01,-1.25,-0.25,-0.731111111111111,NA,-0.634888888888889,-0.2946666666666667,-0.14422222222222222,-0.2946666666666667,-0.08966666666666667,0.0018888888888888864,0.10105555555555555,0.6703888888888889,-0.04683333333333334,0.023055555555555555,0.4266111111111111,5739,146327,145351.080097007,3.1562520221738097,3.1352015723778,12119,12066.9549015638,208357,4636100,0.24595,-0.1,-0.1,0.4,91.9562,197.1918598760109,190.91927109844244,184.90372679921487,187.411158138684,91.4114,164.8312167493077,169.0628637951106,164.8020477532073,166.986374396743,136.93799508408787,131.3269493844049,148.44042146015266,150.76038270128666,130.86113917872254,113.48802485470677,114.95016462736056,1198.93122196222,163.77740998535,31514.437805463,9680.07717716215,22044.6943372055,2599.52503683664,534.902587019265,8180.9322737579,27226.4721914393,6244.51606777108,6520.98995909827,3377.35217912843,7499.10924352225,13750.1608099372,6551.24933778772,4948.16528600432,30097.3575679272,11429.4317100262,7353.92240099869,12384.8341422252,1457.14310790653,2246.5806870405,591.077989339926,9112.88315702839,-3827.12945699393,173304.085184347
2017-05-01,-1.25,-0.25,-0.7293999999999999,NA,-0.5858095238095238,-0.23500000000000001,-0.07876190476190476,-0.23500000000000001,-0.022857142857142857,0.06376190476190477,0.16142857142857142,0.6809047619047619,0.009857142857142861,0.07485714285714286,0.444047619047619,4843,139778,144446.076451639,3.0149910485106015,3.115680775903,11977,11726.207101775,202419,4636100,0.354043,0,0,0.5,92.44487032967032,198.9652876952655,190.78502684325753,184.2280055488565,188.18644574886255,92.08765274725275,165.993515580382,169.63214317696273,165.06338175871622,167.07909180899915,140.39637360619474,132.0134493869104,147.30462120532732,150.39138932806696,130.3255701823827,113.63228614351948,115.52994092696707,NA,NA,NA,NA,NA,NA,NA,NA,NA,NA,NA,NA,NA,NA,NA,NA,NA,NA,NA,NA,NA,NA,NA,NA,NA,NA
2017-06-01,-1.25,-0.25,-0.7302181818181819,NA,-0.636904761904762,-0.2954761904761905,-0.1389047619047619,-0.2954761904761905,-0.06276190476190477,0.016238095238095242,0.11252380952380953,0.5975714285714285,-0.04576190476190476,0.033380952380952386,0.38023809523809526,4582,133603,143079.274495497,2.8817972002329544,3.08619905730025,12420,11479.4726594963,196896,4636100,0.241608,-0.1,0,0.2,92.94982967032968,200.79782977516186,190.64630777956643,183.52976025681946,188.98757627938042,92.78644725274725,167.19455770582545,170.22039853820996,165.33342689774213,167.17489980166386,143.97003141237187,132.7228327228327,146.1309609420078,150.0100961757399,129.7721488861649,113.78135614195926,116.12904310322712,NA,NA,NA,NA,NA,NA,NA,NA,NA,NA,NA,NA,NA,NA,NA,NA,NA,NA,NA,NA,NA,NA,NA,NA,NA,NA
2017-07-01,-1.25,-0.25,-0.7276285714285714,NA,-0.45361904761904764,-0.11928571428571429,0.02266666666666667,-0.11928571428571429,0.07990476190476191,0.16338095238095238,0.24642857142857144,0.6945238095238095,0.10047619047619047,0.17909523809523809,0.5109523809523809,2646,133926,142917.253985014,2.888764263065939,3.08270429854865,12206,11788.2806737486,195223,4636100,0.368378,0.1,0.2,0.3,93.4385,202.57125759441644,190.51206352438152,182.85403900646108,189.762863889559,93.4627,168.35685653689973,170.7896779200621,165.59476090325106,167.26761721392,147.42840993447874,133.40933272533817,144.99516068718242,149.6411028025202,129.23657988982507,113.92561743077198,116.70881940283363,1208.59638886454,170.193728392086,31744.2728505618,9739.0685695746,22219.4350913381,2694.2655187404,525.57177109716,8207.93703847719,27565.6374751093,6246.27296602973,6491.02137056007,3412.08452458912,7655.9557250877,13755.2803377958,6440.49928708376,4962.46113205554,30357.6671071775,11498.9016513651,7338.19603486091,12483.1013454967,1495.09479986456,2285.11316642728,594.396068714477,9149.06165810381,-3845.15046287465,174662.085724644
2017-08-01,-1.25,-0.25,-0.7259181818181818,NA,-0.5488181818181819,-0.2333181818181818,-0.09259090909090908,-0.2333181818181818,-0.01368181818181818,0.053863636363636364,0.15068181818181817,0.5930454545454545,0.011227272727272728,0.09854545454545455,0.4207272727272727,1847,135578,142184.640434542,2.9243976618278293,3.066901931247,12439,12031.7283421355,195334,4636100,0.397827,0.1,0.1,0.5,93.68885869565217,205.16502026028127,190.86195220622406,182.79197176443225,190.4149876699727,93.09305869565218,167.88535890512338,171.29308599483727,166.10945957790187,167.93504106712274,148.17031422489055,134.16222235439506,145.32443838627088,149.45623681494845,129.08069483506938,114.23591287522805,116.00237444020097,NA,NA,NA,NA,NA,NA,NA,NA,NA,NA,NA,NA,NA,NA,NA,NA,NA,NA,NA,NA,NA,NA,NA,NA,NA,NA
2017-09-01,-1.25,-0.25,-0.7260571428571428,NA,-0.5385238095238095,-0.20223809523809524,-0.0509047619047619,-0.20223809523809524,-0.0022857142857142855,0.06333333333333332,0.17176190476190475,0.6431428571428571,0.0020476190476190455,0.11995238095238096,0.43552380952380954,1938,133169,139996.151031254,2.872435883609068,3.01969653439861,12456,12147.4129504545,193624,4636100,0.517443,0.2,0.2,0.7,93.93921739130435,207.7587829261461,191.2118408880666,182.72990452240342,191.0671114503864,92.72341739130435,167.41386127334707,171.79649406961246,166.62415825255266,168.60246492032547,148.91221851530238,134.91511198345194,145.65371608535935,149.2713708273767,128.92480978031372,114.54620831968414,115.29592947756832,NA,NA,NA,NA,NA,NA,NA,NA,NA,NA,NA,NA,NA,NA,NA,NA,NA,NA,NA,NA,NA,NA,NA,NA,NA,NA
2017-10-01,-1.25,-0.25,-0.7262727272727273,NA,-0.4884090909090909,-0.14909090909090908,-1.818181818181823e-4,-0.14909090909090908,0.045136363636363634,0.11609090909090909,0.20368181818181819,0.6986818181818182,0.07940909090909092,0.16122727272727272,0.4804090909090909,1988,134800,139437.008979929,2.9076163154375445,3.00763592200188,12316,12478.7204816288,198025,4636100,0.548626,0.2,0.2,0.7,94.1815,210.26887582859595,191.5504428382368,182.66983944947228,191.698198979819,92.3657,166.95757324259577,172.2836631742336,167.1222537441502,169.248358971812,149.6301904092493,135.64371485028119,145.9723719231869,149.09246825875888,128.77395327571145,114.8464942336739,114.61227306211737,1229.00248123157,179.178828349923,32118.2755230717,9961.50726513558,22351.5938632295,2681.79425046263,525.573314037974,8375.94300636113,27596.3053599422,6209.61658177717,6643.9181882657,3455.78402199326,7793.85058873773,14105.0700235438,6596.25010099372,5006.14717534792,30629.3573005722,11574.3379157,7404.08674542751,12563.0426254858,1525.42673868038,2282.03056815506,597.554852023291,9130.87937529574,-3885.60005714811,176421.985435405
2017-11-01,-1.25,-0.25,-0.7453363636363637,NA,-0.5351818181818182,-0.21313636363636362,-0.06181818181818182,-0.21313636363636362,0.010863636363636364,0.08609090909090909,0.16304545454545455,0.6442727272727273,0.03636363636363636,0.11659090909090909,0.4253636363636364,1953,137317,137473.568856666,2.9619076378852913,2.96528480526015,11994,13036.6686264929,204141,4636100,0.472873,0.2,0.3,0.8,94.13334891304348,211.31453702531851,191.99294911233173,182.1113680472033,191.91150596378955,92.36960869565218,168.79645737096948,172.58766934926018,167.17960616384835,169.11240711800662,150.8058920835415,136.46062570629869,146.17546047591676,148.9147892072013,128.51737752629094,113.78731832028696,114.38292307632233,NA,NA,NA,NA,NA,NA,NA,NA,NA,NA,NA,NA,NA,NA,NA,NA,NA,NA,NA,NA,NA,NA,NA,NA,NA,NA
2017-12-01,-1.25,-0.25,-0.7552105263157894,NA,-0.5408947368421053,-0.25115789473684214,-0.10942105263157895,-0.25115789473684214,0.0024736842105263167,0.08194736842105263,0.15894736842105264,0.6244736842105263,0.035526315789473684,0.10221052631578947,0.40173684210526317,1660,146654,137309.726758963,3.1633053644226825,2.96175075513822,10704,13396.1161833536,212018,4636100,0.490309,0.3,0.4,0.8,94.08675108695653,212.32646721569517,192.42118099048815,181.57091185145916,192.11793207730946,92.37339130434783,170.57602265649243,172.88186887347945,167.2351085054917,168.98084080787237,151.94366789737268,137.25118459921882,146.37199778501017,148.742841737952,128.26907841394848,112.76230937184798,114.16097147716586,NA,NA,NA,NA,NA,NA,NA,NA,NA,NA,NA,NA,NA,NA,NA,NA,NA,NA,NA,NA,NA,NA,NA,NA,NA,NA
2018-01-01,-1.25,-0.25,-0.7396454545454546,NA,-0.4901904761904762,-0.15295238095238095,-9.523809523809545e-4,-0.15295238095238095,0.10423809523809524,0.18861904761904763,0.26071428571428573,0.6699047619047619,0.15128571428571427,0.21085714285714285,0.4916190476190476,3002,149161,135456.638377533,3.217380988330709,2.9217799093534,12341,12702.6177486951,213125,4636100,0.526969,0.1,0.2,0.7,94.0386,213.37212841241774,192.8636872645831,181.0124404491902,192.33123906128,92.3773,172.41490678486613,173.18587504850603,167.29246092518983,168.844888954067,153.11936957166486,138.06809545523632,146.57508633774003,148.56516268639442,128.01250266452797,111.70313345846104,113.93162149137082,1270.19463008905,188.849153451307,32628.1288504583,10481.715413131,22291.6468541215,2898.17004168161,546.301397409873,8459.12002315686,27546.9904026527,6184.53238212424,6780.0335939556,3507.86743265124,7929.83517384651,14230.0169961187,6540.3322825219,5079.60438624624,31130.896108673,11540.7129669253,7408.35047142628,12718.5823065727,1496.96471706997,2288.78472501498,600.456839697539,9107.56772039901,-3890.11795810901,178249.622833449
2018-02-01,-1.25,-0.25,-0.74547,NA,-0.41005,-9.000000000000001e-4,0.17395,-9.000000000000001e-4,0.23315,0.321,0.3906,0.795,0.29495,0.35135,0.6548,2376,143930,133230.010851856,3.1045490822027135,2.87375187877431,13122,12591.3907955819,208617,4636100,0.402081,0,0.2,0.6,94.44111777777778,214.2323029677586,192.8531677355865,180.726505870851,192.5860207674488,92.98999777777777,172.62078967645056,174.0379640408744,167.18522747134125,169.69063411801932,152.93887038224358,138.36913749134447,146.3114171121034,148.1670360890083,128.0845117296284,111.96814460546172,114.1660223266307,NA,NA,NA,NA,NA,NA,NA,NA,NA,NA,NA,NA,NA,NA,NA,NA,NA,NA,NA,NA,NA,NA,NA,NA,NA,NA
2018-03-01,-1.25,-0.25,-0.7398190476190476,NA,-0.49504761904761907,-0.08028571428571428,0.10071428571428571,-0.08028571428571428,0.1711904761904762,0.25033333333333335,0.3264761904761905,0.7669523809523809,0.22028571428571428,0.2955714285714286,0.6162857142857143,2124,130413,126090.741769458,2.812989366061992,2.71975888719954,13228,12601.154048637,201119,4636100,0.564276,0.2,0.4,0.8,94.80468222222223,215.00923482419552,192.8436662255251,180.4682423807382,192.8161461794722,93.54340222222223,172.80674841723652,174.8075928081749,167.08837144851032,170.45453297578268,152.77583885631466,138.64104642718414,146.0732642631413,147.8074378720144,128.14955217552554,112.20750951243008,114.37773921009124,NA,NA,NA,NA,NA,NA,NA,NA,NA,NA,NA,NA,NA,NA,NA,NA,NA,NA,NA,NA,NA,NA,NA,NA,NA,NA
2018-04-01,-1.25,-0.25,-0.73275,NA,-0.48995,-0.094,0.0833,-0.094,0.16225,0.2466,0.33035,0.8011,0.2012,0.3144,0.6736,2181,119781,118943.211897129,2.583658678630746,2.56558771159226,14431,13882.6920188125,194060,4636100,0.535425,0.2,0.4,0.8,95.2072,215.8694093795364,192.83314669652853,180.182307802399,193.070927885641,94.1561,173.01263130882094,175.65968180054327,166.98113799466174,171.300278139735,152.59533966689338,138.9420884632923,145.8095950375047,147.40931127462827,128.22156124062596,112.47252065943076,114.61214004535111,1289.25134136821,196.335777786242,33087.2761218916,10557.2380195321,22688.7061633373,3119.46604662933,557.338007500146,8552.2990538986,27316.3223244701,6212.03560553508,6695.20949835967,3573.78839643266,8021.09582286981,14435.2611017898,6641.77413081172,5126.64699273019,31552.0848608276,11579.5925305026,7447.38257679154,12723.6013025812,1472.81080283975,2326.35662759786,604.13006820648,9081.31455957681,-3909.24334649321,179585.017623939
2018-05-01,-1.25,-0.25,-0.7258380952380953,NA,-0.45915,-0.09559999999999999,0.07245,-0.09559999999999999,0.17815,0.2648,0.35115,0.8152,0.22705,0.3459,0.7088,1347,109392,112982.54030196,2.359569465714717,2.43701689570889,15218,15147.6667990883,185467,4636100,0.467189,0.1,0.4,1,95.25503516483516,216.6090662928165,192.1451448887059,180.167223327548,193.44818704291188,94.49734175824176,174.10374852494255,175.4901772654974,167.4419921595383,171.80127618814072,151.54100068726672,138.80929831682226,145.72366218502466,147.11060532656364,127.95539292770773,112.05197340873492,115.3520685271644,NA,NA,NA,NA,NA,NA,NA,NA,NA,NA,NA,NA,NA,NA,NA,NA,NA,NA,NA,NA,NA,NA,NA,NA,NA,NA
2018-06-01,-1.25,-0.25,-0.7320380952380953,NA,-0.4989047619047619,-0.1473809523809524,0.023857142857142858,-0.1473809523809524,0.12752380952380954,0.21766666666666667,0.30133333333333334,0.8032380952380952,0.20090476190476192,0.3284285714285714,0.7192857142857143,1075,106579,114076.736072867,2.298893466491232,2.46061853870423,16854,15993.8643531575,179777,4636100,0.505882,0.2,0.5,1.1,95.30446483516484,217.37337843653927,191.43420968728918,180.1516360368686,193.8380215054251,94.84995824175823,175.2312363149349,175.31502257928335,167.9182081299107,172.3189741714933,150.45151707498584,138.67208183213654,145.63486490412868,146.80194251356355,127.68035233769226,111.61740791634922,116.1166612917048,NA,NA,NA,NA,NA,NA,NA,NA,NA,NA,NA,NA,NA,NA,NA,NA,NA,NA,NA,NA,NA,NA,NA,NA,NA,NA
2018-07-01,-1.25,-0.25,-0.7250181818181818,NA,-0.4621818181818182,-0.16386363636363635,-0.008409090909090911,-0.16386363636363635,0.11936363636363637,0.22118181818181817,0.3028636363636364,0.8550909090909091,0.18586363636363637,0.3314090909090909,0.7679545454545454,533,106052,113109.679366445,2.287526153447941,2.43975926676398,30004,28321.378572805,179857,4636100,0.596352,0.2,0.5,1.2,95.3523,218.11303534981937,190.74620787946654,180.1365515620176,194.215280662696,95.1912,176.3223535310565,175.1455180442375,168.37906229478727,172.819972219899,149.39717809535918,138.5392916856665,145.54893205164865,146.50323656549892,127.41418402477403,111.19686066565339,116.8565897735181,1293.75755788543,197.583801557237,33046.8499298433,10735.7257232214,22439.3102335418,2923.84065408229,561.723176917119,8603.17643511564,26850.1785855093,6184.5883435664,6719.40793335444,3604.07104265047,7984.32166037765,14441.8937905281,6564.98446773319,5147.74481536664,31869.8092708467,11598.6058745172,7425.2967852192,12834.3994274531,1476.93264372305,2359.58010382435,609.100544508058,9017.54529326296,-3937.01888780727,179339.182539901
2018-08-01,-1.25,-0.25,-0.7258,NA,-0.4605,-0.17118181818181818,-0.017227272727272726,-0.17118181818181818,0.11522727272727273,0.21972727272727274,0.2988636363636364,0.8316818181818182,0.19104545454545455,0.31886363636363635,0.7601818181818182,376,107893,113108.957025921,2.3272362546105563,2.43974368598436,36410,34908.9098139473,179975,4636100,0.600556,0.3,0.6,1.2,95.82205108695652,217.27898027617232,191.1784233099779,179.94991594658055,194.48989418192238,95.66388260869564,177.23989042576895,174.91669619206695,167.9178685179059,173.57133380877565,150.33991317260967,138.64684734696036,144.5581331203143,146.31998296398652,126.99050887283136,112.6627847553742,116.86355805625676,NA,NA,NA,NA,NA,NA,NA,NA,NA,NA,NA,NA,NA,NA,NA,NA,NA,NA,NA,NA,NA,NA,NA,NA,NA,NA
2018-09-01,-1.25,-0.25,-0.7306400000000001,NA,-0.42005,-0.11,0.050449999999999995,-0.11,0.15775,0.26595,0.3404,0.87225,0.23585,0.3676,0.7877,586,106586,112060.859161121,2.2990444554690366,2.41713636809217,36288,35643.2006399627,178499,4636100,0.563095,0.3,0.7,1,96.29180217391304,216.4449252025253,191.61063874048926,179.7632803311435,194.7645077011488,96.1365652173913,178.15742732048136,174.6878743398964,167.45667474102456,174.3226953976523,151.28264824986013,138.75440300825417,143.56733418897994,146.1367293624741,126.56683372088868,114.12870884509502,116.87052633899542,NA,NA,NA,NA,NA,NA,NA,NA,NA,NA,NA,NA,NA,NA,NA,NA,NA,NA,NA,NA,NA,NA,NA,NA,NA,NA
2018-10-01,-1.25,-0.25,-0.7410173913043477,NA,-0.3713913043478261,-0.04508695652173913,0.11239130434782608,-0.04508695652173913,0.23847826086956522,0.3502608695652174,0.4272608695652174,0.9856956521739131,0.3119130434782609,0.4487391304347826,0.8672173913043478,1431,107315,111064.433759728,2.3147688790146894,2.39564361769004,32090,32601.0991869767,183446,4636100,0.642893,0.4,0.7,1.1,96.7464,215.63777513125396,192.0289117377583,179.58266521943025,195.030262719755,96.594,179.04536625084825,174.4664338377959,167.01035818275227,175.04981951592,152.19497251816705,138.85848913208693,142.60849651349508,145.9593871674621,126.15682550933126,115.54734506095387,116.87726983841993,1285.59944292616,199.341875421567,34405.1844205792,11365.8784829509,23142.8694966121,2959.83002763227,567.681030951034,8510.13065941844,26524.0954085333,6219.60981660851,6753.89235383902,3502.12325304483,7950.64523662986,14120.4500228869,6294.91767860127,5142.68090103243,32047.3761523907,11630.6499288537,7424.97185671366,13007.7654145806,1510.88284170451,2380.8825116226,614.761226637533,9014.66735277783,-3964.42196451311,180280.060441052
2018-11-01,-1.25,-0.25,-0.7446636363636363,NA,-0.44036363636363635,-0.11181818181818182,0.049545454545454545,-0.11181818181818182,0.20681818181818182,0.33145454545454545,0.40913636363636363,0.9640909090909091,0.28395454545454546,0.42027272727272724,0.885,1648,110474,110692.885626464,2.3829080477125166,2.38762937871193,29576,31816.0583605341,190212,4636100,0.46679,0.4,0.7,0.9,97.22481086956522,215.83229275187048,191.6824533371103,179.17581110027368,195.8205559345431,96.75459347826086,179.26874878540053,174.13954547755228,167.07439358574217,175.42362773160036,153.18982581549383,139.47053206183045,142.61405654440549,145.87339923173192,126.55920062052235,116.01316040433166,116.95960917589078,NA,NA,NA,NA,NA,NA,NA,NA,NA,NA,NA,NA,NA,NA,NA,NA,NA,NA,NA,NA,NA,NA,NA,NA,NA,NA
2018-12-01,-1.25,-0.25,-0.7340421052631579,NA,-0.5555882352941176,-0.2525294117647059,-0.09252941176470589,-0.2525294117647059,0.10311764705882352,0.22011764705882353,0.3075294117647059,1.0259411764705884,0.19464705882352942,0.3458235294117647,0.8335882352941176,1473,119661,112099.973068073,2.581070296154095,2.4179800493534,26904,33266.2482473234,197950,4636100,0.456036,0.4,0.7,0.7,97.68778913043478,216.02053561053162,191.3471710139026,178.7820813075415,196.5853558198219,96.91000652173913,179.48492543174143,173.82320190312296,167.1363633305711,175.78537761774265,154.15258707097138,140.06283167125963,142.61943721948003,145.7901851003801,126.94859588941695,116.46394944631017,117.03929240570127,NA,NA,NA,NA,NA,NA,NA,NA,NA,NA,NA,NA,NA,NA,NA,NA,NA,NA,NA,NA,NA,NA,NA,NA,NA,NA
2019-01-01,-1.25,-0.25,-0.704,NA,-0.616,-0.31676190476190474,-0.15595238095238095,-0.31676190476190474,0.02295238095238095,0.13942857142857143,0.22938095238095238,0.8508095238095238,0.11757142857142858,0.25647619047619047,0.7417142857142857,1479,123962,112616.032437551,2.673842238088048,2.42911137459397,31592,32838.4848329261,200125,4636100,0.441091,0.5,0.8,0.6,98.1662,216.21505323114815,191.0007126132546,178.3752271883849,197.37564903461,97.0706,179.70830796629372,173.49631354287934,167.200398733561,176.159185833423,155.14744036829816,140.67487460100315,142.62499725039044,145.70419716464994,127.35097100060804,116.92976478968795,117.12163174317212,1264.20583749519,195.240890549178,34395.0027448099,11198.2838135369,23327.2864975862,3048.20663868096,553.937647546974,8566.78960811906,26160.5916594455,6245.07347787938,6986.35934706294,3528.17990211152,7967.26647831839,14122.6105794103,6367.59690257625,5110.54578003752,32141.8608528078,11671.3940715579,7380.77135599784,13251.9605749212,1529.03023269948,2406.65700571054,621.185646680852,9023.69445445511,-3936.38795948705,180624.052695216
2019-02-01,-1.25,-0.25,-0.71347,NA,-0.6368,-0.38365,-0.2384,-0.38365,-0.0471,0.06125,0.16555,0.6593,0.035250000000000004,0.16165,0.5977,1514,119473,110648.940315487,2.5770151636073426,2.3866814847714,36766,35230.7285406898,197072,4636100,0.435334,0.5,0.8,0.6,98.13148,218.45579946586835,191.3934416957933,177.8391711380654,197.7495036099245,97.46261222222222,180.12853727081293,173.79705083430346,167.23739290709756,177.11061356116494,155.90893024445523,141.5727651956562,142.72031579693459,145.51434410824584,127.07237247024837,116.44396484949817,117.03145364170658,NA,NA,NA,NA,NA,NA,NA,NA,NA,NA,NA,NA,NA,NA,NA,NA,NA,NA,NA,NA,NA,NA,NA,NA,NA,NA
2019-03-01,-1.25,-0.25,-0.7071714285714286,NA,-0.6931428571428572,-0.44566666666666666,-0.29738095238095236,-0.44566666666666666,-0.11147619047619048,0.002619047619047618,0.09766666666666667,0.5528095238095239,-0.047190476190476185,0.08504761904761905,0.5123809523809524,1080,112341,108658.270083869,2.4231789650784066,2.34374301856882,37409,35933.8248457106,189467,4636100,0.480708,0.5,0.8,0.7,98.10012,220.4796992907769,191.74816473808636,177.3549914797123,198.08717871020852,97.81668777777777,180.50809922328187,174.0686845168801,167.27080699932412,177.96996763783508,156.59672755195191,142.38376315211698,142.80640996800676,145.34286392826795,126.82073508798803,116.00517780674613,116.9500024532861,NA,NA,NA,NA,NA,NA,NA,NA,NA,NA,NA,NA,NA,NA,NA,NA,NA,NA,NA,NA,NA,NA,NA,NA,NA,NA
2019-04-01,-1.25,-0.25,-0.71539,NA,-0.68095,-0.41335,-0.26075,-0.41335,-0.15325,-0.0354,0.0499,0.4536,-0.10145,0.02515,0.38285,1152,107298,106485.07906945,2.3144021914971633,2.29686760573435,37958,36493.9048130031,183549,4636100,0.594226,0.5,0.8,0.7,98.0654,222.7204455254971,192.14089382062508,176.8189354293928,198.461033285523,98.2087,180.92832852780109,174.36942180830422,167.30780117286068,178.921395365577,157.358217428109,143.28165374677002,142.9017285145509,145.15301087186384,126.54213655762835,115.51937786655635,116.85982435182056,1251.54719289044,193.228627688526,35106.441393033,11620.098316078,23593.0733638818,2991.66608643268,534.923498411986,8570.5876475155,26266.5836258095,6264.03132255852,7006.44535739076,3608.86305181918,8013.47732505365,14289.572228766,6518.07974665192,5108.49911372,32074.8903742619,11729.72120877,7417.56667674338,13299.8714582791,1573.54253358464,2415.28238540889,624.587669343653,9054.41740158203,-3960.75293739465,181825.251451664
2019-05-01,-1.25,-0.25,-0.7125809523809524,NA,-0.7486666666666667,-0.487,-0.33204761904761904,-0.487,-0.22485714285714287,-0.11033333333333332,-0.02823809523809524,0.307952380952381,-0.17747619047619048,-0.04880952380952381,0.2723809523809524,1881,101370,104585.976858337,2.1865360971506225,2.25590424836257,37390,37135.1326473588,176128,4636100,0.439774,0.6,0.9,0.6,98.03747692307692,223.09354731314997,192.80875899016996,176.72137025460117,198.4905516924241,98.32896373626373,180.19188534696858,174.7691966551105,167.93761662793517,178.8160598775425,157.41883636031784,143.9631428003521,143.2320045076676,145.122216166306,126.7258750316635,114.35911861084224,116.89353344060181,NA,NA,NA,NA,NA,NA,NA,NA,NA,NA,NA,NA,NA,NA,NA,NA,NA,NA,NA,NA,NA,NA,NA,NA,NA,NA
2019-06-01,-1.25,-0.25,-0.7112,-0.75,-0.8671578947368421,-0.6143157894736841,-0.4607894736842105,-0.6143157894736841,-0.3463684210526316,-0.21989473684210525,-0.13905263157894737,0.22021052631578947,-0.30726315789473685,-0.1531578947368421,0.21078947368421053,2482,97222,103969.735248474,2.0970643428743987,2.2426120068263,37186,35623.6260601389,170800,4636100,0.429375,0.6,1,0.6,98.00862307692307,223.47908582705796,193.49888633203304,176.62055290731647,198.5210540462219,98.45323626373626,179.4308940601083,175.18229733014365,168.58842593151215,178.7072132065735,157.4814759236003,144.66734815572022,143.57328970055482,145.09039497056287,126.91573812149984,113.16018404660431,116.92836616567575,NA,NA,NA,NA,NA,NA,NA,NA,NA,NA,NA,NA,NA,NA,NA,NA,NA,NA,NA,NA,NA,NA,NA,NA,NA,NA
2019-07-01,NA,NA,NA,-0.75,-0.941,-0.7092173913043478,-0.5557391304347826,-0.7092173913043478,-0.4103478260869565,-0.2783913043478261,-0.20430434782608697,0.10047826086956523,-0.3687391304347826,-0.22565217391304349,0.09078260869565218,1531,97578,103988.806585226,2.1047432108884623,2.24302337277509,38236,36155.7815486674,171280,4636100,0.303481,0.5,0.7,0.3,97.9807,223.85218761471083,194.16675150157792,176.52298773252483,198.550572453123,98.5735,178.6944508792758,175.58207217694994,169.21824138658664,178.601877718539,157.54209485580915,145.3488372093023,143.9035656936715,145.05960026500503,127.099476595535,111.9999247908902,116.962075254457,1243.28443159665,191.124015107272,35605.1201922633,12215.9823713004,23437.2681289768,3232.2956156953,533.938870841003,8568.41716844184,25964.1843268317,6287.91527390499,6987.03347785086,3626.04797267849,8162.95710197828,14395.7340010489,6565.44673723176,5135.71130071969,32120.3288199929,11806.9335740478,7376.97631161935,13188.7909580866,1552.29620339527,2367.47746939667,625.529861992102,9088.58174929265,-4000.46395843323,182369.174588578
2019-08-01,NA,NA,NA,-0.75,-1.130095238095238,-1.025047619047619,-0.9357619047619048,-1.025047619047619,-0.6977619047619048,-0.5987142857142858,-0.5063809523809524,-0.16342857142857142,-0.6472380952380952,-0.5039523809523809,-0.23585714285714285,1327,99552,104314.012193003,2.1473221026293654,2.25003801024575,38478,37401.9405882288,169849,4636100,0.311974,0.4,0.7,0.3,98.66111630434783,223.18454977633908,194.63326974403464,176.80232685409,198.72156931807828,99.05416847826086,179.29809622612984,176.20642894501526,169.26041980399043,178.81941912928863,158.50274539771544,145.48456221045882,144.17262096608368,144.9359755123122,127.47737434073616,111.74347655360123,116.51941890061418,NA,NA,NA,NA,NA,NA,NA,NA,NA,NA,NA,NA,NA,NA,NA,NA,NA,NA,NA,NA,NA,NA,NA,NA,NA,NA
2019-09-01,NA,NA,NA,-0.75,-0.996095238095238,-0.87290476190476185,-0.7835238095238095,-0.87290476190476185,-0.5582857142857143,-0.43561904761904763,-0.3538095238095238,-0.0077619047619047685,-0.5277142857142857,-0.3639047619047619,-0.12766666666666668,2954,99098,104187.369682913,2.137529388926037,2.24730634979645,38125,35989.5823999775,171423,4636100,0.240088,0.4,0.7,0.1,99.34153260869566,222.51691193796736,195.09978798649132,177.08166597565517,198.89256618303352,99.53483695652174,179.9017415729839,176.8307857130806,169.30259822139425,179.03696054003828,159.46339593962176,145.62028721161533,144.44167623849586,144.8123507596194,127.85527208593733,111.48702831631225,116.07676254677136,NA,NA,NA,NA,NA,NA,NA,NA,NA,NA,NA,NA,NA,NA,NA,NA,NA,NA,NA,NA,NA,NA,NA,NA,NA,NA
2019-10-01,NA,NA,NA,-0.75,-0.8348695652173913,-0.7007391304347826,-0.6109130434782609,-0.7007391304347826,-0.40808695652173915,-0.285,-0.198,0.13134782608695653,-0.37578260869565216,-0.21478260869565216,0.047999999999999994,2716,101684,105288.27729304,2.1933090312978583,2.27105276618365,34927,35939.0211619012,176495,4636100,0.135896,0.2,0.5,-0.3,100,221.87081080405923,195.5512572533849,177.35199415781503,199.058047020087,100,180.4859144892943,177.4350019402406,169.34341604468824,179.247484485925,160.39305775436978,145.75163398692808,144.70205230857218,144.69271390217472,128.2209795812933,111.23885260280679,115.64838543014928,1240.74926109148,190.39606407797,34922.2468666738,12083.2131337186,22872.0748037498,3229.63965270556,544.0423176402,8617.47176056695,26330.0033902948,6257.57353137816,7050.29564405433,3648.59441613261,8107.00090170475,14798.6609843073,6847.44239887893,5192.12723873479,32248.1141962174,11885.3966051545,7422.2844368643,13168.5060893835,1492.34785513276,2354.21073840077,623.632530189063,9120.06861818084,-4045.70188970677,182744.940393333
2019-11-01,NA,NA,NA,-0.75,-0.7132380952380952,-0.5626666666666666,-0.47095238095238096,-0.5626666666666666,-0.31342857142857145,-0.2012857142857143,-0.11771428571428572,0.2133809523809524,-0.28685714285714287,-0.1417142857142857,0.13052380952380951,5361,106330,106634.006128336,2.293522572852182,2.30007994064701,32168,35583.7625606086,182427,4636100,0.283517,0.3,0.5,-0.1,99.6805652173913,222.317522035409,196.14469590003938,177.029698511291,199.54257771495503,99.81514565217391,181.8782815447807,177.91879671340118,169.13857070672285,180.2783132772893,160.74062194047698,146.12807880145652,145.09729672734298,144.51035824327653,128.1168019964067,110.96765707318227,115.30481699320866,NA,NA,NA,NA,NA,NA,NA,NA,NA,NA,NA,NA,NA,NA,NA,NA,NA,NA,NA,NA,NA,NA,NA,NA,NA,NA
2019-12-01,NA,NA,NA,-0.75,-0.7282222222222222,-0.6031111111111112,-0.5259444444444444,-0.6031111111111112,-0.3516111111111111,-0.26755555555555555,-0.16561111111111113,0.14944444444444444,-0.3105,-0.16655555555555557,0.09127777777777778,3816,117277,109958.259248953,2.529647764284636,2.37178359502498,29720,35923.4725679408,192955,4636100,0.309448,0.4,0.6,0.2,99.3714347826087,222.74982322703784,196.71899136454374,176.71779949852584,200.01147838740798,99.6362543478261,183.22573353396112,178.38698520355655,168.94033328288535,181.2758895269967,161.07697437864528,146.49238023487115,145.47979132615342,144.33388502498795,128.01598497877453,110.70520978644885,114.9723314090726,NA,NA,NA,NA,NA,NA,NA,NA,NA,NA,NA,NA,NA,NA,NA,NA,NA,NA,NA,NA,NA,NA,NA,NA,NA,NA
2020-01-01,NA,NA,NA,-0.75,-0.7689523809523809,-0.654952380952381,-0.5776190476190476,-0.654952380952381,-0.3932857142857143,-0.2986666666666667,-0.2031904761904762,0.09733333333333334,-0.3532857142857143,-0.2020952380952381,0.0310952380952381,5355,121018,110021.79444642,2.632394650812582,2.39320417767239,38552,39727.1174901363,194233,4597259,0.26626,0.2,0.5,0.2,99.052,223.19653445838762,197.31243001119822,176.3955038520018,200.496009082276,99.4514,184.61810058944752,178.87077997671713,168.73548794491995,182.306718318361,161.42453856475248,146.8688250493996,145.87503574492422,144.15152936608976,127.91180739388793,110.43401425682433,114.62876297213198,1251.1952564272,189.141405880716,34376.3275227647,12258.3250650371,22148.7126095398,3101.14091335137,561.519699571935,8531.34898489953,26566.8397356519,6103.50428735856,6485.93795895738,2932.87350135488,8102.59406636913,15127.9017476162,7053.57346768306,5278.46486593156,32126.6657861247,12021.600084691,7506.19667903264,12933.6557566205,1332.45406499183,2185.31265417267,578.145441410359,9045.60418559819,-4101.47888082743,180770.21480618
2020-02-01,NA,NA,NA,-0.75,-0.856,-0.77695,-0.70835,-0.77695,-0.5167,-0.40225,-0.30915,-0.024450000000000006,-0.48325,-0.32385,-0.10054999999999999,5077,117822,109201.285444898,2.5628749652782234,2.37535639051222,38151,35995.9920661884,190399,4597259,0.270618,0.2,0.4,-0.1,99.59569230769232,225.08530010290704,197.78754280434012,176.1754513017301,201.0466647570725,99.82288901098902,186.09410190532978,179.30701428955214,169.38367993357656,183.1742454051661,161.32821620695785,146.65652784667833,146.83775563210685,143.94477061228218,128.23150426201195,109.96573924055316,115.11385228132522,NA,NA,NA,NA,NA,NA,NA,NA,NA,NA,NA,NA,NA,NA,NA,NA,NA,NA,NA,NA,NA,NA,NA,NA,NA,NA
2020-03-01,NA,NA,NA,-0.75,-0.7666818181818181,-0.6412272727272728,-0.5800909090909091,-0.6412272727272728,-0.3174545454545455,-0.17322727272727276,-0.05490909090909095,0.5014090909090908,-0.18700000000000003,0.16890909090909093,0.5829090909090908,980131,135624,131247.391941377,2.9501057042903174,2.85490532383268,31472,29236.8613411386,213897,4597259,0.179991,0.3,0.5,-0.5,100.10430769230769,226.85220989939296,198.2320031592148,175.9695956901856,201.5617942593015,100.17041098901099,187.4748773298648,179.71510445317196,169.99005308425535,183.9858030024999,161.23810819482736,146.457927237681,147.73836455882605,143.75135113291378,128.53057552574086,109.52767551565435,115.5676455060544,NA,NA,NA,NA,NA,NA,NA,NA,NA,NA,NA,NA,NA,NA,NA,NA,NA,NA,NA,NA,NA,NA,NA,NA,NA,NA
2020-04-01,NA,NA,NA,-0.75,-0.6049,-0.44980000000000003,-0.3807,-0.44980000000000003,-0.11595,0.037500000000000006,0.19485,0.77185,-0.025150000000000006,0.4165,0.94765,1341594,153413,152195.536922021,3.337053666108435,3.3105712974192,18415,18101.1092109042,231196,4597259,0.109491,0.1,0.4,-1.1,100.648,228.74097554391238,198.7071159523567,175.7495431399139,202.112449934098,100.5419,188.95087864574705,180.15133876600697,170.63824507291196,184.853330089305,161.14178583703273,146.24563003495973,148.70108444600868,143.5445923791062,128.85027239386488,109.05940049938319,116.05273481524765,1247.52301989177,189.181909179773,31281.1194415784,12479.8916579794,18738.1516869504,2878.56918541333,585.13821239879,7916.70827568817,25834.5338401628,5944.53483134858,4989.90773758741,986.430525033829,8102.90768509904,14937.3759523446,6876.76583154343,5286.6332885474,30488.5914806861,12050.4793927865,7342.09174346942,12535.351369914,944.601612667975,1973.54340756697,417.933210475941,8547.93037354167,-4103.91353643443,169261.096645753
2020-05-01,NA,NA,NA,-0.75,-0.6643157894736842,-0.5553157894736842,-0.506421052631579,-0.5553157894736842,-0.22731578947368422,-0.08978947368421053,0.07184210526315789,0.5653157894736842,-0.19773684210526316,0.12605263157894736,0.6022105263157894,1085041,155998,160790.465909639,3.3932828235259316,3.49752898215304,16701,17030.183036167,232982,4597259,0.071403,0,0.2,-1.3,100.44208791208791,229.71983875166802,199.24744907947596,175.87952005659798,202.92373065372033,100.91324065934066,189.926982178238,180.06178920032238,171.35904739300122,185.79193124184707,160.38535661928904,145.69693112784768,149.11955422141335,143.16566863324573,128.86609365583234,110.25027605934238,116.16541802607169,NA,NA,NA,NA,NA,NA,NA,NA,NA,NA,NA,NA,NA,NA,NA,NA,NA,NA,NA,NA,NA,NA,NA,NA,NA,NA
2020-06-01,NA,NA,NA,-0.75,-0.5914285714285714,-0.4532857142857143,-0.39176190476190476,-0.4532857142857143,-0.14495238095238094,-0.04080952380952381,0.11157142857142857,0.5182380952380953,-0.15219047619047618,0.09423809523809525,0.4694285714285714,615141,150289,160585.420254356,3.269100131186866,3.49306881022705,31919,29284.0353396207,233454,4597259,0.099414,0.1,0.3,-1.3,100.22931208791208,230.73133073301554,199.8057933108325,176.01382953717152,203.7620540639967,101.29695934065934,190.93562249514528,179.96925464911493,172.10387645709346,186.7618190994739,159.6037130942872,145.12994225716525,149.55197298933152,142.77411409585653,128.8824422931987,111.48084747130021,116.2818573439232,NA,NA,NA,NA,NA,NA,NA,NA,NA,NA,NA,NA,NA,NA,NA,NA,NA,NA,NA,NA,NA,NA,NA,NA,NA,NA
2020-07-01,NA,NA,NA,-0.75,-0.6575217391304348,-0.5062608695652174,-0.44365217391304346,-0.5062608695652174,-0.1953913043478261,-0.1221304347826087,0.040565217391304344,0.46017391304347827,-0.2307391304347826,0.029478260869565214,0.3689565217391304,419395,148870,158516.837695108,3.238233912859815,3.44807281241079,35295,33579.6498369412,235762,4597259,0.090323,0.1,0.3,-0.9,100.0234,231.71019394077118,200.34612643795177,176.1438064538556,204.573334783619,101.6683,191.91172602763623,179.87970508343034,172.82467877718273,187.700420252016,158.84728387654351,144.5812433500532,149.9704427647362,142.39519034999606,128.89826355516615,112.6717230312594,116.39454055474725,1235.15901116049,189.486779758604,34013.4137586721,12242.8882440628,21793.0836300481,2724.74969393916,592.460665305247,8553.83515949169,26766.7681628004,6253.71612652655,5876.07131575463,2535.54494756526,8199.71904092271,15138.6790777957,7045.89602706666,5216.07330463507,32173.9306596429,12053.0982193999,7417.56758193196,13208.9032558331,1293.15281316382,2228.35986172496,558.942808081173,8940.47845854182,-4140.45104541547,179552.927120173
2020-08-01,NA,NA,NA,-0.75,-0.6791904761904762,-0.5276190476190477,-0.4673809523809524,-0.5276190476190477,-0.20214285714285715,-0.15076190476190476,0.00714285714285714,0.3727142857142857,-0.22733333333333333,5.714285714285713e-4,0.31647619047619047,354959,151111,158246.48787784,3.286980350682874,3.44219213835549,35052,33977.3345244697,237215,4597259,0.070332,0.1,0.2,-0.9,101.06216956521739,232.7923340543247,201.3443382655613,176.80262811810573,206.10621684902483,102.16891630434783,192.4029043372755,180.29812218454217,174.14862756701262,188.11744507019318,159.38505541226337,144.98329665536588,149.73409125809934,142.16759560869644,128.74261681701373,112.99535391183436,117.05697987685387,NA,NA,NA,NA,NA,NA,NA,NA,NA,NA,NA,NA,NA,NA,NA,NA,NA,NA,NA,NA,NA,NA,NA,NA,NA,NA
2020-09-01,NA,NA,NA,-0.75,-0.7003181818181818,-0.537,-0.4688181818181818,-0.537,-0.23563636363636364,-0.17795454545454545,-0.03904545454545454,0.3175454545454546,-0.27895454545454546,-0.05009090909090909,0.2564090909090909,252085,148560,156149.334444433,3.2314907643880844,3.39657466426044,34725,33432.7289909923,238145,4597259,0.087724,0,0.2,-0.8,102.10093913043478,233.8744741678782,202.34255009317084,177.46144978235588,207.63909891443066,102.66953260869565,192.89408264691474,180.71653928565402,175.47257635684255,188.53446988837038,159.9228269479832,145.38534996067855,149.49773975146246,141.9400008673968,128.58697007886127,113.31898479240931,117.7194191989605,NA,NA,NA,NA,NA,NA,NA,NA,NA,NA,NA,NA,NA,NA,NA,NA,NA,NA,NA,NA,NA,NA,NA,NA,NA,NA
2020-10-01,NA,NA,NA,-0.75,-0.7336363636363636,-0.5727727272727272,-0.5022727272727273,-0.5727727272727272,-0.26890909090909093,-0.19827272727272727,-0.07136363636363637,0.29822727272727273,-0.318,-0.08940909090909091,0.21818181818181817,249850,149118,154429.664785678,3.2436284316371995,3.35916825190136,30671,31885.31733347,241460,4597259,0.191489,0.2,0.4,-0.6,103.1062,234.9217065358332,203.3085615392446,178.099019134856,209.122533171275,103.154,193.36941649495273,181.12145906092354,176.75381712119406,188.938042293058,160.44325101480885,145.77443380452954,149.26901248697519,141.71974789194556,128.43634420322988,113.63217596715927,118.36048951067657,1210.64799939431,187.867971889853,35525.4800547392,12984.725869734,22550.7453243153,2754.32616115075,572.611353952949,8568.75285960612,26193.4414892452,6306.4743192223,5932.52454991259,2013.06646260742,8578.18814581262,15327.8867467445,7324.85685198835,5064.14172501568,32489.1755155343,12092.6161361509,7452.70695571638,13410.0209788115,1273.17380004679,2253.84415006032,555.155006049778,8979.03933204821,-4152.27706430268,181194.270754242
2020-11-01,NA,NA,NA,-0.75,-0.696952380952381,-0.5414761904761904,-0.47314285714285714,-0.5414761904761904,-0.23047619047619047,-0.183,-0.03314285714285714,0.3092857142857143,-0.28123809523809523,-0.06247619047619048,0.2061904761904762,361137,153270,153791.467484941,3.3339431169747016,3.34528612560095,28861,31102.5396870341,251139,4597259,0.030062,0.1,0.2,-0.7,103.03840434782609,235.6800093548929,203.98432693456792,178.34270291253483,210.15837450193058,103.19049239130435,193.90983825134396,182.17403958090802,177.73572273600283,190.09357853498224,160.44969876122582,146.11502673196003,149.30509244503435,141.3522502474111,128.2343635624633,114.57106034862154,118.10981670029581,NA,NA,NA,NA,NA,NA,NA,NA,NA,NA,NA,NA,NA,NA,NA,NA,NA,NA,NA,NA,NA,NA,NA,NA,NA,NA
2020-12-01,NA,NA,NA,-0.75,-0.7303999999999999,-0.5922499999999999,-0.53045,-0.5922499999999999,-0.2839,-0.27705,-0.09225,0.17125,-0.3034,-0.1154,0.0843,377470,163545,153433.403296097,3.5574458606748065,3.33749748047906,25226,30975.0339031889,260318,4597259,-0.084247,0,0.1,-0.8,102.97279565217391,236.41385079269259,204.63829344617113,178.57852592319173,211.1608015961134,103.22580760869565,194.4328270478516,183.19266589057042,178.68595397614033,191.21183941426375,160.45593851582285,146.44463279076373,149.34000853347874,140.99660736560358,128.03889842623758,115.47965813713341,117.86723010960475,NA,NA,NA,NA,NA,NA,NA,NA,NA,NA,NA,NA,NA,NA,NA,NA,NA,NA,NA,NA,NA,NA,NA,NA,NA,NA
2021-01-01,NA,NA,NA,-0.75,-0.70365,-0.5741,-0.4928,-0.5741,-0.3055,-0.2779,-0.0988,0.12215,-0.31725000000000003,-0.15295,0.0459,515894,169753,154390.011467215,3.6924828468441735,3.35830570927622,32941,34703.8032695431,261499,4597259,0.142507,0.2,0.4,-0.5,102.905,237.17215361175226,205.31405884149444,178.82220970087056,212.196642926769,103.2623,194.97324880424281,184.2452464105549,179.6678595909491,192.367375656188,160.46238626223982,146.78522571819423,149.3760884915379,140.6291097210691,127.83691778547102,116.41854251859569,117.61655729922398,1152.3424548331,185.634123531805,38450.1438878937,14530.0056893311,23920.1944729885,2554.56409397219,552.217397471796,8563.14201252696,25050.6444890052,6239.57870330726,5758.9087826658,1061.42348639644,8618.92421982664,15636.2616977928,7775.81606285563,4826.04140650634,32850.0603526744,12156.6884396219,7450.11303744118,13517.3329429437,1142.16348610752,2263.44627353985,510.811533134994,8966.78715135068,-4171.26863775204,182265.432639497
2021-02-01,NA,NA,NA,-0.75,-0.63205,-0.4451,-0.3361,-0.4451,-0.21565,-0.1557,-0.009650000000000002,0.1915,-0.20785,-0.07425,0.12315,525374,167953,155699.898750777,3.653329081524447,3.38679849777393,38678,37007.3349695954,259735,4597259,0.157545,0.2,0.3,-0.5,103.54835333333334,237.79623752835468,206.23276437386178,179.2060667947648,213.42731696583448,104.19257555555555,195.77626745185245,185.61527184926487,180.72177680923366,193.77370730112995,160.92241661008688,147.14647616152402,151.52813430805216,140.04300647605996,128.16219580537387,116.83810994991393,117.31944911874865,NA,NA,NA,NA,NA,NA,NA,NA,NA,NA,NA,NA,NA,NA,NA,NA,NA,NA,NA,NA,NA,NA,NA,NA,NA,NA
2021-03-01,NA,NA,NA,-0.75,-0.6131739130434782,-0.40347826086956523,-0.28691304347826085,-0.40347826086956523,-0.20263636363636364,-0.12745454545454546,5.454545454545454e-4,0.18409090909090908,-0.19072727272727272,-0.06968181818181818,0.12531818181818183,429924,157968,152915.362666948,3.4361344444591873,3.32622901313474,45182,42039.5449695588,253939,4597259,0.146871,0,0.1,-0.2,104.12944666666667,238.3599262272214,207.06256291922585,179.55277642795963,214.5388935172485,105.03282444444444,196.50157461743532,186.85271418100288,181.673702038652,195.04394233527105,161.33792789201325,147.47276688453158,153.47191762619406,139.51362289992267,128.4559953072216,117.2170740814272,117.05109334283546,NA,NA,NA,NA,NA,NA,NA,NA,NA,NA,NA,NA,NA,NA,NA,NA,NA,NA,NA,NA,NA,NA,NA,NA,NA,NA
2021-04-01,NA,NA,NA,-0.75,-0.5976,-0.37365,-0.25135,-0.37365,-0.2281,-0.12525,-0.0132,0.1842,-0.1915,-0.0832,0.13255,366341,151279,150109.010828628,3.290634702112715,3.2651849902002,50101,48515.5196166023,246227,4597259,0.225829,0.2,0.3,0.3,104.7728,238.9840101438238,207.9812684515932,179.93663352185388,215.769567556314,105.9631,197.30459326504496,188.22273961971285,182.72761925693658,196.450273980213,161.79795823986032,147.83401732786137,155.62396344270832,138.9275196549135,128.78127332712444,117.63664151274544,116.75398516236012,1141.62345250902,185.481237741157,40249.5272460923,15882.811870604,24366.7830002356,2329.13802831106,545.7447617173,8643.90811460946,25038.3650141221,6573.10826622783,6065.46030082785,1732.50095817841,8621.3567690553,16060.9073388823,8153.31930655278,4734.42102753248,33577.4749945694,12155.3522802946,7451.44890800041,13870.4039713753,1350.24268644117,2389.06797323973,557.170329383592,9134.97607341389,-4149.89266504472,186961.315669317
2021-05-01,NA,NA,NA,-0.75,-0.535578947368421,-0.2893157894736842,-0.16026315789473683,-0.2893157894736842,-0.16142105263157894,-0.07952631578947368,0.012894736842105263,0.20157894736842105,-0.14894736842105263,-0.03742105263157895,0.17405263157894738,295473,142966,147328.985061978,3.109809562611112,3.20471361439453,55255,55570.2216356073,237367,4597259,0.336942,0.3,0.5,0.6,105.57656923076924,239.69128549689458,208.8605683230543,180.02011946958876,217.01930799779169,106.79561648351648,198.74811145518996,188.8943613623474,182.97234614368477,198.1658915019175,162.93973418663816,148.90636039746846,156.9829507401501,138.80005530454795,128.30808492577216,117.58248769527455,116.13085105254093,NA,NA,NA,NA,NA,NA,NA,NA,NA,NA,NA,NA,NA,NA,NA,NA,NA,NA,NA,NA,NA,NA,NA,NA,NA,NA
2021-06-01,NA,NA,NA,-0.75,-0.5465454545454546,-0.30713636363636365,-0.17872727272727273,-0.30713636363636365,-0.15786363636363637,-0.09381818181818181,0.0024090909090909093,0.17281818181818182,-0.16736363636363635,-0.04827272727272727,0.17077272727272727,196018,131821,140811.667365774,2.867382499006473,3.06294832128827,60717,57022.2627808643,226637,4597259,0.359737,0.3,0.5,0.6,106.40713076923076,240.42213669506773,209.7691781902308,180.10638828224816,218.31070645398532,107.65588351648351,200.2397469183398,189.5883704964031,183.22523059332454,199.9386962743455,164.1195693316419,150.01444823606246,158.3872376141733,138.66834214250358,127.81912357770815,117.52652875055465,115.48694580572777,NA,NA,NA,NA,NA,NA,NA,NA,NA,NA,NA,NA,NA,NA,NA,NA,NA,NA,NA,NA,NA,NA,NA,NA,NA,NA
2021-07-01,NA,NA,NA,-0.75,-0.6299545454545454,-0.4279090909090909,-0.3154090909090909,-0.4279090909090909,-0.2561818181818182,-0.18354545454545454,-0.07631818181818181,0.076,-0.2683181818181818,-0.14281818181818182,0.0740909090909091,115631,128279,136517.058316084,2.790336589693989,2.96953159080409,56812,54908.9662960071,219183,4597259,0.35396,0.3,0.5,0.7,107.2109,241.1294120481385,210.64847806169192,180.18987422998305,219.560446895463,108.4884,201.6832651084848,190.25999223903764,183.46995748007274,201.65431379605,165.26134527841975,151.08679130566955,159.7462249116151,138.54087779213802,127.34593517635588,117.47237493308376,114.86381169590858,1155.74029086768,184.527914517042,42232.2661617641,17053.9719323224,25178.3702219136,2371.71674624677,540.157036015976,8694.61009358357,23432.1581696666,6314.05089072098,6543.41808698026,2686.15112289872,8700.35141751571,16437.8971349756,8309.79500672802,4786.07991786948,34360.3728972044,12203.1456643172,7443.71250293263,14008.3480754258,1515.7903858646,2463.38366360998,590.250945047107,9269.95671301888,-4165.8671320147,190705.735670624
2021-08-01,NA,NA,NA,-0.75,-0.6575,-0.48313636363636364,-0.38577272727272727,-0.48313636363636364,-0.3139090909090909,-0.233,-0.1365,0.007363636363636364,-0.33104545454545453,-0.21163636363636362,-0.005681818181818181,90147,126355,132266.614260687,2.748485564985571,2.87707554133206,58450,55528.0989404009,214415,4597259,0.561991,0.5,0.7,0.9,108.15427717391304,241.96199476925796,211.67756242005228,180.26111050590106,220.7588637868091,109.47072934782608,202.65598980815528,191.64926777007307,184.3162415288761,202.63874674948255,167.12617069423152,152.17259131492165,159.69657576846572,138.35475244939428,126.60208325041874,117.26618754879613,114.89313530019894,NA,NA,NA,NA,NA,NA,NA,NA,NA,NA,NA,NA,NA,NA,NA,NA,NA,NA,NA,NA,NA,NA,NA,NA,NA,NA
2021-09-01,NA,NA,NA,-0.75,-0.5572727272727273,-0.3507727272727273,-0.2395,-0.3507727272727273,-0.18486363636363637,-0.08463636363636363,0.005363636363636372,0.14122727272727273,-0.20195454545454544,-0.08372727272727273,0.1195909090909091,78706,120294,126401.123685362,2.616646136317314,2.74948885162576,60588,58133.3591949662,208282,4597259,0.546817,0.5,0.7,0.9,109.09765434782608,242.7945774903774,212.70664677841265,180.3323467818191,221.95728067815517,110.45305869565217,203.62871450782575,193.03854330110846,185.16252557767947,203.62317970291508,168.99099611004328,153.25839132417374,159.64692662531635,138.16862710665055,125.85823132448162,117.0600001645085,114.92245890448929,NA,NA,NA,NA,NA,NA,NA,NA,NA,NA,NA,NA,NA,NA,NA,NA,NA,NA,NA,NA,NA,NA,NA,NA,NA,NA
2021-10-01,NA,NA,NA,-0.75,-0.4165714285714286,-0.19185714285714286,-0.08914285714285715,-0.19185714285714286,-0.029571428571428568,0.07333333333333333,0.17061904761904761,0.3081904761904762,-0.027952380952380958,0.09433333333333332,0.2966190476190476,67012,116733,120886.400534239,2.5391869372597893,2.62953208714669,53206,55873.645769135,203853,4597259,0.624771,0.6,0.8,1.2,110.0106,243.60030270436397,213.7025348671485,180.40128511335266,223.117038960103,111.4037,204.57006099137783,194.38300349243306,185.98151014103757,204.575856754624,170.7956658672805,154.30916552667577,159.59887906742986,137.98850580722115,125.13837462196182,116.86046398616563,114.9508365860606,1188.74378986171,177.586463479103,43579.6513284448,18153.858736991,25425.8782089153,2322.28913669387,552.636270286919,8554.92437818125,23067.7492818946,6566.58236057431,6685.3071869981,2799.53266048969,8844.20426660047,16424.9761529787,7998.21738652503,4981.61009383329,34738.5357973198,12245.6943552361,7463.2737149589,14187.0507757778,1589.31578853796,2495.45518813894,592.073792186776,9337.94669515347,-4210.55434573284,192639.156600435
2021-11-01,NA,NA,NA,-0.75,-0.41945454545454547,-0.22436363636363638,-0.14300000000000002,-0.22436363636363638,-0.047136363636363636,0.03318181818181818,0.14181818181818182,0.28895454545454546,-0.05740909090909091,0.08922727272727272,0.27945454545454546,62586,116244,116668.045255201,2.52855016434793,2.5377740356852,50552,54395.1801686838,206349,4597259,0.696795,0.6,0.9,1.5,109.56868152173912,245.63680837575694,214.4263241991953,180.70262219139263,224.80798550101906,111.61210760869565,204.41796539097248,195.5859526581296,187.1579244673564,206.0879789077779,171.7662956847264,154.89303911655662,160.85550363041804,138.13174424324743,125.0061738705388,117.60146948392908,113.74285628907549,NA,NA,NA,NA,NA,NA,NA,NA,NA,NA,NA,NA,NA,NA,NA,NA,NA,NA,NA,NA,NA,NA,NA,NA,NA,NA
2021-12-01,NA,NA,NA,-0.75,-0.4896666666666667,-0.3198095238095238,-0.24285714285714285,-0.3198095238095238,-0.13385714285714287,-0.043095238095238096,0.05409523809523809,0.20576190476190476,-0.14642857142857144,0.018619047619047622,0.21071428571428572,62079,121728,114243.025416893,2.64783863602203,2.48502478143809,47531,58020.2518236045,209676,4597259,0.740223,0.7,1,1.5,109.14101847826088,247.60762031581467,215.12676548827284,180.99423871852812,226.44438537932493,111.81379239130435,204.27077610025762,196.7500970120295,188.29638994443914,207.5513229269591,172.70561486289986,155.4580780745058,162.07159191718083,138.27036208456315,124.87823765948428,118.31857157853888,112.57384309844475,NA,NA,NA,NA,NA,NA,NA,NA,NA,NA,NA,NA,NA,NA,NA,NA,NA,NA,NA,NA,NA,NA,NA,NA,NA,NA
2022-01-01,NA,NA,NA,-0.75,-0.2799047619047619,-0.07880952380952382,0.006761904761904763,-0.07880952380952382,0.10019047619047619,0.1929047619047619,0.30223809523809525,0.4409047619047619,0.09076190476190477,0.2655238095238095,0.4646666666666667,81620,122268,111224.611976416,2.6595847656179474,2.41936797505679,58412,60708.8608733187,206867,4597259,0.774586,0.7,1,1.6,108.6991,249.64412598720767,215.85055482031964,181.2955757965681,228.135331920241,112.0222,204.11868049985227,197.95304617772604,189.47280427075796,209.063445080113,173.67624468034577,156.04195166438666,163.328216480169,138.41360052058943,124.74603690806127,119.05957707630233,111.36586280145964,1247.73239755589,169.549668249264,43657.3898130535,17543.4575005474,26117.0981369388,2706.31681029503,563.791576702414,8405.14775840981,22443.0148606033,6428.13639514794,6821.04762711791,2949.65904307363,8994.22897123018,16795.7344708412,7958.98241861502,5325.41192930057,34723.9093168161,12317.8026422425,7508.0201670343,14383.0619090084,1690.24360843797,2515.98535450292,589.72659022865,9424.94886751512,-4271.07299494906,193071.78599829
2022-02-01,NA,NA,NA,-0.75,-0.021200000000000004,0.17425,0.23995,0.17425,0.36755,0.45955,0.58445,0.75925,0.364,0.5664,0.7484,73189,117970,109375.945556418,2.566094274871179,2.37915561329953,67826,64833.8119645493,201909,4597259,0.966656,1.1,1.5,2.2,109.92005222222222,251.50387489984723,216.4501679731243,181.97828597291436,229.27956190279656,112.80911777777777,205.7759834546955,198.35402923295823,189.8365173294665,210.63622294570342,172.72981720004032,156.4634105149381,162.61440156080167,138.8740352124348,124.99050138120427,119.5190490814118,109.78744822801343,NA,NA,NA,NA,NA,NA,NA,NA,NA,NA,NA,NA,NA,NA,NA,NA,NA,NA,NA,NA,NA,NA,NA,NA,NA,NA
2022-03-01,NA,NA,NA,-0.75,0.030217391304347842,0.2761304347826087,0.3725652173913043,0.2761304347826087,0.5484782608695652,0.6710434782608695,0.7815217391304348,1.0801739130434782,0.6016956521739131,0.8410434782608696,1.0408260869565218,35044,109500,106025.34958955,2.3818540569500217,2.3062731420951,71138,66937.9790398434,193595,4597259,1.07007,1.3,1.8,2.4,111.02284777777777,253.1836481112636,216.99175404662526,182.59492742251746,230.31305995155643,113.51988222222222,207.27290225261842,198.71620747639375,190.16503235023546,212.05679650172058,171.8749794758934,156.84408302511358,161.96966550459888,139.28991170829514,125.21130800210761,119.93405605376871,108.3617834519975,NA,NA,NA,NA,NA,NA,NA,NA,NA,NA,NA,NA,NA,NA,NA,NA,NA,NA,NA,NA,NA,NA,NA,NA,NA,NA
2022-04-01,NA,NA,NA,-0.75,0.3874736842105263,0.6716842105263158,0.7748947368421053,0.6716842105263158,0.9990526315789474,1.1338947368421053,1.2280526315789473,1.442736842105263,1.0408947368421053,1.2247368421052631,1.4238947368421053,15537,104391,103631.135537683,2.2707226197175316,2.254193978144,69535,68968.0128376753,183220,4597259,1.073329,1.3,1.8,2.5,112.2438,255.04339702390317,217.59136719942992,183.27763759886372,231.457289934112,114.3068,208.93020520746165,199.11719053162594,190.528745408944,213.629574367311,170.92855199558795,157.265541875665,161.25585058523154,139.7503464001405,125.45577247525061,120.39352805887818,106.78336887855129,1287.69615344235,164.325110638644,43856.7612871772,17208.4369179491,26641.5856609524,2860.78338965741,570.930575140063,8275.95152219725,22248.4335331133,6399.04666479946,6912.82993098611,3367.42801139517,9244.88217222877,16897.0261718325,7782.84034305212,5584.2947416546,34793.4536605359,12348.2729531498,7577.38954289516,14507.5241461562,1775.36167265219,2559.93471819897,600.059919792911,9501.90426762546,-4299.06404999361,194422.470836684
2022-05-01,NA,NA,NA,-0.75,0.35185714285714287,0.6642857142857143,0.7915714285714286,0.6642857142857143,1.0788571428571427,1.2055238095238094,1.3543809523809525,1.5463809523809524,1.1374285714285715,1.3435714285714286,1.5805238095238094,11108,98004,101008.703774478,2.131792009108036,2.19715060157537,71048,69818.9952116784,175456,4597259,1.331929,1.6,2.2,2.9,112.65812967032967,256.39101122348205,218.09142704999368,183.88700035923708,232.3266625345064,114.82655824175824,209.62544051222233,200.41565923405273,191.2029940181532,214.47736567319362,169.8761088838307,158.24267691572754,162.62350505709426,139.84138042949417,125.05977234593675,120.31533380456328,109.19800286827478,NA,NA,NA,NA,NA,NA,NA,NA,NA,NA,NA,NA,NA,NA,NA,NA,NA,NA,NA,NA,NA,NA,NA,NA,NA,NA
2022-06-01,NA,NA,NA,-0.25,0.7823809523809524,1.0782857142857143,1.1986666666666668,1.0782857142857143,1.5416190476190477,1.7185238095238096,1.8965714285714286,2.129952380952381,1.6118095238095238,1.891857142857143,2.158857142857143,7018,92511,98809.3296215618,2.0123077686073376,2.14930961300118,71742,67139.2120275687,168944,4597259,1.404053,1.6,2.3,3.4,113.08627032967033,257.78354589638025,218.6081555622429,184.5166752116229,233.2250142215806,115.36364175824176,210.34385032714172,201.75741022656044,191.8997175810027,215.35341668927236,168.78858433501492,159.25238312379216,164.03674801135244,139.9354489264929,124.65057221231241,120.23453307510457,111.69312465765573,NA,NA,NA,NA,NA,NA,NA,NA,NA,NA,NA,NA,NA,NA,NA,NA,NA,NA,NA,NA,NA,NA,NA,NA,NA,NA
2022-07-01,NA,NA,NA,-0.25,0.32904761904761903,0.6194761904761905,0.7560476190476191,0.6194761904761905,1.2225238095238096,1.4214761904761906,1.6295238095238096,1.9348571428571428,1.364,1.6431428571428572,1.9433333333333334,3849,91474,97306.2042186683,1.9897508493648062,2.11661349118395,68004,66395.6646337858,163315,4597259,1.450041,1.6,2.3,3.4,113.5006,259.1311600959591,219.10821541280666,185.12603797199625,234.094386821975,115.8834,211.0390856319024,203.05587892898723,192.5739661902119,216.201207995155,167.73614122325768,160.2295181638547,165.40440248321516,140.02648295584657,124.25457208299855,120.15633882078967,114.10775864737923,1308.40977680774,157.657351096773,43800.4877118975,17336.527215558,26460.8185118788,2812.15539505363,602.898472428338,8122.89838338943,22482.576407647,6416.6663556289805,6876.76334026212,3522.26286641465,9486.94540605174,16892.4003598709,7573.51005028756,5764.33588632357,35033.8859631324,12387.6508722968,7669.00106245899,14627.8938853935,1768.28899899303,2555.6027635216,607.102469125693,9537.30837320415,-4288.55202771966,195392.508386572
2022-08-01,NA,NA,NA,-0.25,0.3713181818181818,0.5233636363636364,0.5853181818181818,0.5233636363636364,1.1836818181818183,1.349409090909091,1.5591818181818182,1.8460454545454545,1.2666818181818182,1.5437272727272726,1.8371363636363636,2956,91372,95613.4183979011,1.9875321359966884,2.0797918585379,68262,65148.8116539907,161394,4597259,1.67346,1.9,2.5,3.5,113.69519239130436,258.525591561739,220.21619623864132,185.74214695028152,234.30381410735038,116.64670760869565,211.78007684163936,204.00385517369375,192.81251960694237,216.0634130295825,166.15547767538894,161.12837619038177,165.92349707249744,140.06528094706704,124.23316029256165,120.68324635062879,113.48178094786762,NA,NA,NA,NA,NA,NA,NA,NA,NA,NA,NA,NA,NA,NA,NA,NA,NA,NA,NA,NA,NA,NA,NA,NA,NA,NA
2022-09-01,NA,NA,NA,0.5,0.9447727272727273,1.0438636363636364,1.0792727272727274,1.0438636363636364,1.7499090909090909,1.9163636363636365,2.1270454545454545,2.436818181818182,1.8003181818181817,2.1079090909090907,2.42,3064,89526,94034.7594948398,1.9473777744521248,2.04545272508771,69842,66277.8630633261,159399,4597259,1.763867,1.9,2.5,3.3,113.8897847826087,257.9200230275189,221.324177064476,186.35825592856676,234.51324139272572,117.4100152173913,212.52106805137632,204.95183141840027,193.05107302367284,215.92561806401002,164.5748141275202,162.02723421690885,166.44259166177972,140.10407893828747,124.21174850212475,121.21015388046791,112.85580324835603,NA,NA,NA,NA,NA,NA,NA,NA,NA,NA,NA,NA,NA,NA,NA,NA,NA,NA,NA,NA,NA,NA,NA,NA,NA,NA
2022-10-01,NA,NA,NA,0.5,0.9248095238095239,1.1722380952380953,1.2526190476190475,1.1722380952380953,1.8486666666666667,2.022,2.287904761904762,2.5902857142857143,1.9496666666666667,2.229047619047619,2.6575238095238096,3882,89636,92802.9031032513,1.9497705045549967,2.01865727171889,62889,65366.3807689343,160094,4597259,1.800353,1.8,2.4,3,114.0781,257.3339889621446,222.39641657334826,186.95449042368153,234.715912959218,118.1487,213.2381563188637,205.86922778424528,193.28193116889588,215.792268097327,163.04513972635692,162.89709682322538,166.94494126431096,140.14162538140405,124.19102741460517,121.72006439321545,112.25001837786093,1312.61681794558,154.937217821237,43291.4971614978,17465.2046814174,25831.0751275679,2896.79094538523,620.21578562588,8142.33392025303,22688.5164170168,6374.36439269954,7052.11463909615,3558.58197092405,9482.3444752917,16955.2230018164,7454.06545340076,5869.52573341456,35067.0518981556,12388.5502613896,7746.55055491528,14690.712316409299,1868.66603256928,2570.65416108999,614.864559214834,9521.39065474671,-4330.80138964156,195772.759738098
2022-11-01,NA,NA,NA,0.5,0.8565909090909091,1.0029545454545454,1.0683636363636364,1.0029545454545454,1.572,1.7513181818181818,2.0003636363636366,2.253318181818182,1.6324545454545454,1.9012272727272728,2.2925454545454547,3484,91327,91661.0744656727,1.9865532918636952,1.99382011032384,56446,62287.9233857373,164496,4597259,1.935828,1.9,2.5,3,113.65255760869566,258.2137622313498,223.0653214062825,187.42805877368335,235.21556613645163,117.62291304347826,212.92017685629045,206.59491994398613,193.1440754508159,216.0476765917187,159.54919807782747,163.12245154212675,165.0034619474755,140.15502887830655,124.04739933630631,121.36996784204563,112.71651647283937,NA,NA,NA,NA,NA,NA,NA,NA,NA,NA,NA,NA,NA,NA,NA,NA,NA,NA,NA,NA,NA,NA,NA,NA,NA,NA
2022-12-01,NA,NA,NA,1,1.128,1.2078095238095239,1.2416666666666667,1.2078095238095239,1.528047619047619,1.711952380952381,1.9153809523809524,2.1193809523809524,1.5535714285714286,1.8138095238095238,2.152285714285714,3899,96941,90998.5244239698,2.108669535477553,1.97940826096528,48473,59991.660587574,167904,4597259,1.861531,1.8,2.5,2.8,113.24074239130435,259.0651557176774,223.71264866396078,187.88635072529797,235.69910146925838,117.11408695652175,212.61245479573572,207.29720267921923,193.01066669138365,216.2948461024203,156.16602874054087,163.34053675396683,163.12461099569924,140.16800000434122,123.90840442182353,121.03116472801032,113.16796624217336,NA,NA,NA,NA,NA,NA,NA,NA,NA,NA,NA,NA,NA,NA,NA,NA,NA,NA,NA,NA,NA,NA,NA,NA,NA,NA
2023-01-01,NA,NA,NA,1,1.1030952380952381,1.192904761904762,1.2373809523809525,1.192904761904762,1.5101428571428572,1.6841428571428572,1.8977142857142857,2.0559523809523808,1.5313809523809523,1.7858095238095237,2.1266190476190476,3392,100776,91686.2423401172,2.1363624896839783,1.94366762875587,51810,52551.5081757671,169516,4717177,2.209394,2,2.7,3.3,112.8152,259.9449289868826,224.381553496895,188.35991907529979,236.198754646492,116.5883,212.29447533316247,208.02289483896007,192.87281097330367,216.550254596812,152.67008709201141,163.5658914728682,161.1831316788638,140.18140350124372,123.76477634352467,120.6810681768405,113.63446433715181,1305.94118628773,161.939838421073,43651.2266491491,17393.3119228943,26257.8200439096,2618.14873169537,647.70230286371,8185.95147117388,23184.1787558808,6293.50357977841,7300.3077169746,3560.56359409249,9673.76999111821,16661.3935736209,7083.53866535842,5901.8732951576,35259.5605599007,12362.4836392512,7827.43952530858,14681.9815446729,1926.97718900558,2606.35446813411,626.2371558382,9511.26368861059,-4382.49655823293,197005.898170852
2023-02-01,NA,NA,NA,1,1.2056499999999999,1.30435,1.34965,1.30435,1.64605,1.82295,2.02805,2.1385,1.67105,1.9057,2.1925,3850,98452,91296.6021026623,2.0870957354366815,1.93540759871131,55001,52523.6091912594,166763,4717177,2.262391,1.9,2.6,3.4,113.44071111111111,260.6218676049171,224.74623050210954,189.01238123571582,237.2466143201194,116.86313222222222,213.61623775958657,208.83154400034496,193.0749509920745,216.4340905819746,151.87487606123563,164.44022225599971,160.61506843311196,140.65907609134413,123.8734933613411,121.20512121643966,113.73974540022621,NA,NA,NA,NA,NA,NA,NA,NA,NA,NA,NA,NA,NA,NA,NA,NA,NA,NA,NA,NA,NA,NA,NA,NA,NA,NA
2023-03-01,NA,NA,NA,1.5,1.1550434782608696,1.2006956521739132,1.2155652173913043,1.2006956521739132,1.670391304347826,1.876695652173913,2.1015652173913044,2.182826086956522,1.7257826086956523,1.9461739130434783,2.2614347826086956,3418,92755,89835.988071503,1.9663243503476762,1.90444386698873,56742,53034.5873879022,161864,4717177,1.844893,1.8,2.3,2.9,114.0056888888889,261.2332960341096,225.07561618423875,189.60170189673673,238.1930682188796,117.11136777777779,214.8100876931309,209.56193679127324,193.2575290735449,216.3291682459924,151.15662093666396,165.22994038269914,160.10197904985228,141.09052230175743,123.97168937743335,121.67845944575502,113.83483797332566,NA,NA,NA,NA,NA,NA,NA,NA,NA,NA,NA,NA,NA,NA,NA,NA,NA,NA,NA,NA,NA,NA,NA,NA,NA,NA
2023-04-01,NA,NA,NA,1.5,1.037,1.0891666666666666,1.1144444444444446,1.0891666666666666,1.7504444444444445,1.9658333333333333,2.1843333333333335,2.2146666666666666,1.8423333333333334,2.0530555555555554,2.2745555555555557,2836,90534,89919.6380614604,1.919241105432338,1.90621717314106,52223,52225.0444241967,156036,4717177,1.748198,1.7,2.2,2.6,114.6312,261.91023465214414,225.44029318945329,190.25416405715276,239.240927892507,117.3862,216.131850119555,210.37058595265813,193.45966909231572,216.213004231155,150.36140990588817,166.10427116583065,159.53391580410045,141.56819489185784,124.08040639524978,122.20251248535419,113.94011903640006,1299.62543690066,161.860517056855,42437.0854429658,17440.8498542312,25037.1857119534,2485.56379314273,668.945019103544,8147.31313536006,23449.5253636524,6351.54930602468,7275.56577472527,3605.43482239549,9728.68324200612,16541.792259977,6849.94245298968,5963.06172253722,35464.5605415867,12310.1866724453,7843.24726209598,14768.6635867696,1969.31166426346,2626.18393639338,631.727155350187,9459.59735044874,-4421.02557490785,196315.914202095
2023-05-01,NA,NA,NA,1.5,0.9024,0.9721,1.0129,0.9721,1.6195,1.83995,2.06065,2.0642,1.7038,1.90295,2.1624499999999998,3163,88076,90793.9086565705,1.8671336691415228,1.92475094016126,51807,51015.3338926982,153468,4717177,1.630863,1.5,2,2.2,114.77566153846155,261.4592052094697,226.62499874146008,190.0275851395825,238.99118268355215,117.36124395604396,218.16314585771175,211.40360415680556,192.91387875991958,216.67330788054247,149.9670090436907,166.4299828458515,161.07673571735157,142.85246649389833,122.79240486932873,120.30517655242176,112.61756649929464,NA,NA,NA,NA,NA,NA,NA,NA,NA,NA,NA,NA,NA,NA,NA,NA,NA,NA,NA,NA,NA,NA,NA,NA,NA,NA
2023-06-01,NA,NA,NA,1.75,0.9171818181818182,0.9177272727272727,0.9389545454545455,0.9177272727272727,1.6246818181818181,1.7998181818181818,2.0371363636363635,2.0602272727272726,1.7011363636363637,1.8442727272727273,2.176727272727273,3626,85099,90882.0882316597,1.8040238897120036,1.92662026953111,51731,47872.8776010687,150618,4717177,1.578633,1.5,1.9,1.7,114.92493846153846,260.9931414520394,227.84919447853375,189.79345359142656,238.73311263429883,117.33545604395604,220.2621514538071,212.47105630109124,192.34989541644356,217.14895498490952,149.55946148608666,166.76655158187305,162.6709829610444,144.17954714934015,121.4614699592103,118.34459608839158,111.25092887761902,NA,NA,NA,NA,NA,NA,NA,NA,NA,NA,NA,NA,NA,NA,NA,NA,NA,NA,NA,NA,NA,NA,NA,NA,NA,NA
2023-07-01,NA,NA,NA,1.75,0.9726190476190476,0.9301428571428572,0.9357142857142857,0.9301428571428572,1.5437619047619047,1.7143809523809523,1.945095238095238,1.99,1.656952380952381,1.7724285714285715,2.1135238095238096,3534,87601,93151.3460656757,1.8570640872708402,1.97472653804756,49204,47578.5053613004,150673,4717177,1.499752,1.4,1.9,1.6,115.0694,260.542112009365,229.03390003054054,189.5668746738563,238.483367425344,117.3105,222.29344719196385,213.50407450523866,191.80410508404742,217.609258634297,149.1650606238892,167.0922632618939,164.2138028742955,145.46381875138064,120.17346843328926,116.44726015545915,109.9283763405136,1291.85483792622,160.774729429731,42808.9321289496,18278.5319251915,24624.6110354239,2478.44263386346,683.798320372466,8105.42096814066,23574.6331235336,6318.41492739375,7195.0498085085,3650.79914010337,9821.50930837864,16480.216884432,6731.55151098656,6053.93528432048,35619.6032590881,12358.2480404159,7860.59734766276,14926.6556865901,1999.04631173924,2616.44786625294,631.551773578899,9475.45768519737,-4395.4270372296,197186.986783887
2023-08-01,NA,NA,NA,1.75,0.9754090909090909,0.9819545454545454,0.993090909090909,0.9819545454545454,1.549409090909091,1.7146818181818182,1.9386363636363637,1.9888181818181818,1.6695909090909091,1.7967727272727272,2.1325454545454545,3761,89881,94025.1883932768,1.9053980802501158,1.99325122617355,47366,45859.8420060838,152317,4717177,1.356964,1.3,1.7,1.6,115.7120097826087,261.11350061358183,229.93949426589768,190.34559275807948,239.61439434420637,117.52780326086956,221.83368365882626,214.32456428945017,192.36013686464034,218.12275696594003,149.9925170205413,167.71711043702953,164.53910712939873,145.90649819723228,120.03667786584161,116.41588397081115,110.59793834418768,NA,NA,NA,NA,NA,NA,NA,NA,NA,NA,NA,NA,NA,NA,NA,NA,NA,NA,NA,NA,NA,NA,NA,NA,NA,NA
2023-09-01,NA,NA,NA,1.75,1.018047619047619,1.0272380952380953,1.0380952380952382,1.0272380952380953,1.56215,1.73745,1.94885,2.0258,1.6796,1.81755,2.144,6270,90826,95364.4128235235,1.9254312483928417,2.02164160521268,47191,46049.7483588844,153535,4717177,1.327021,1.2,1.7,1.7,116.35461956521739,261.68488921779874,230.8450885012548,191.12431084230266,240.74542126306875,117.74510652173913,221.37392012568867,215.14505407366167,192.91616864523326,218.63625529758303,150.81997341719338,168.34195761216517,164.86441138450195,146.34917764308395,119.89988729839398,116.38450778616317,111.26750034786177,NA,NA,NA,NA,NA,NA,NA,NA,NA,NA,NA,NA,NA,NA,NA,NA,NA,NA,NA,NA,NA,NA,NA,NA,NA,NA
2023-10-01,NA,NA,NA,1.75,1.037909090909091,1.0770454545454546,1.1049090909090908,1.0770454545454546,1.5223636363636364,1.7242727272727272,1.9036818181818183,2.0088636363636363,1.618590909090909,1.7869545454545455,2.1385,7724,93563,96843.0952120992,1.9834532390877002,2.05298837020742,45899,46743.7571383833,160373,4717177,1.28638,1.4,1.9,1.7,116.9765,262.237845931557,231.72147001934235,191.87790898832512,241.839963442613,117.9554,220.9289876742652,215.93907644547926,193.4542639167748,219.133189166915,151.620737672018,168.94664842681257,165.1792219539567,146.77757710681135,119.76750932989626,116.35414373650381,111.91546357722379,1285.03069717285,161.440418604142,42755.3779469985,18326.9712338044,24528.007693658,2457.13792389615,680.218368945141,8099.12102426829,23482.8486830129,6372.75107486031,7183.27180787227,3571.59483375815,10027.747249328,16448.3575212862,6640.52938537334,6176.124032244,36020.5132083944,12423.7741730116,7938.34930938034,15268.31564717,2036.59176095142,2606.10095484175,625.840566298154,9495.53942615302,-4469.11966105622,197877.352187331
2023-11-01,NA,NA,NA,1.75,0.9902272727272727,0.9930454545454546,1.0172727272727273,0.9930454545454546,1.3595454545454546,1.5948636363636364,1.761409090909091,1.8752727272727272,1.4327272727272726,1.5851818181818182,1.9723636363636363,9519,98011,98365.3307501093,2.077746923636743,2.08525842363153,39968,43950.0604264845,168898,4717177,1.33512,1.3,1.8,1.4,116.47345760869565,262.70089833248863,232.0542072952122,192.12085165703775,242.79524026374327,117.6885304347826,221.46619862450657,216.4751733562788,193.3923562843143,219.43960987922358,152.5289008714952,168.9005531434009,164.90878090287805,147.51375805202392,119.81092299083024,117.96685998172296,112.16860679459403,NA,NA,NA,NA,NA,NA,NA,NA,NA,NA,NA,NA,NA,NA,NA,NA,NA,NA,NA,NA,NA,NA,NA,NA,NA,NA
2023-12-01,NA,NA,NA,1.75,0.7070526315789474,0.6688947368421053,0.6617894736842105,0.6688947368421053,1.1415263157894737,1.3378947368421052,1.4915263157894736,1.5024736842105264,1.1831052631578947,1.3183157894736843,1.664842105263158,6709,106859,100326.614082014,2.2653167349878967,2.12683590380463,35380,44098.0868881886,176979,4717177,1.457025,1.4,1.8,1.7,115.98664239130434,263.14901355919665,232.37621111057013,192.3559574654693,243.71970170354672,117.43026956521739,221.9860801892563,216.99397681834287,193.33244567225577,219.73614605242543,153.4077684838925,168.85594480461546,164.64706375667294,148.22619122481024,119.85293621108893,119.52755312225763,112.41358410172651,NA,NA,NA,NA,NA,NA,NA,NA,NA,NA,NA,NA,NA,NA,NA,NA,NA,NA,NA,NA,NA,NA,NA,NA,NA,NA
2024-01-01,NA,NA,NA,1.75,0.8185714285714286,0.818,0.8341428571428572,0.818,1.281095238095238,1.4651904761904762,1.607,1.6283809523809525,1.336952380952381,1.4487619047619047,1.8341904761904761,8704,113175,102989.042761459,2.3992103751883804,2.18327704814678,42106,42691.0494623571,182253,4717177,1.392713,1.2,1.6,1.3,115.4836,263.6120659601283,232.70894838643997,192.59890013418192,244.674978524677,117.1634,222.5232911394977,217.5300737291424,193.27053803979527,220.042566764734,154.3159316833697,168.8098495212038,164.3766227055943,148.9623721700228,119.89634987202291,121.14026936747678,112.66672731909675,1277.26012439327,167.75709344306,42639.774764708,18952.4403943292,23983.9376976841,2118.18314962299,675.246488070904,8084.19524201875,23288.133197959,6496.83811884085,7220.28443071068,3604.29061678299,10201.4047048719,16535.7318052334,6591.23377123715,6332.08694944216,36191.2983049477,12433.8042794001,7935.07668360976,15497.4606119528,2101.98211958256,2593.76017915426,614.097323742102,9477.14473862274,-4524.46069135259,197711.12883272
2024-02-01,NA,NA,NA,1.75,0.8359047619047619,0.8421428571428571,0.859904761904762,0.8421428571428571,1.2583809523809524,1.4242380952380953,1.5769047619047618,1.601047619047619,1.3067619047619048,1.4216666666666666,1.7885238095238096,8714,111879,103773.438679571,2.3717363160212135,2.1999055511288,43356,39717.9502084283,182018,4717177,1.240404,1.1,1.5,1.2,115.84129230769231,263.63099761024966,233.56207062814005,192.10714014915322,245.72087915444703,117.6560956043956,223.11692643366163,218.41245677101324,193.63797994904223,220.5949013585318,155.0073166107485,168.91082014201027,163.54723008943623,149.54440868982223,120.48237869965564,120.98317191203851,112.55441802360838,NA,NA,NA,NA,NA,NA,NA,NA,NA,NA,NA,NA,NA,NA,NA,NA,NA,NA,NA,NA,NA,NA,NA,NA,NA,NA
2024-03-01,NA,NA,NA,1.5,0.7338,0.7035,0.69905,0.7035,1.1794,1.3305500000000001,1.4787,1.5385499999999999,1.25325,1.3289,1.7018499999999999,9562,108593,105197.532530524,2.302076008595819,2.23009508717871,42413,40548.6995256369,178392,4717177,1.156458,1,1.3,1,116.17590769230769,263.64870786358904,234.3601527252143,191.64710661477153,246.69930232423195,118.1170043956044,223.67226267658918,219.23791187469882,193.98171592866032,221.11160146240718,155.65409605894152,169.00527652921633,162.77134667432065,150.0888944664088,121.03059921582819,120.83620977630596,112.44935448911927,NA,NA,NA,NA,NA,NA,NA,NA,NA,NA,NA,NA,NA,NA,NA,NA,NA,NA,NA,NA,NA,NA,NA,NA,NA,NA
2024-04-01,NA,NA,NA,1.5,0.7473809523809524,0.719,0.7091904761904761,0.719,1.1948095238095238,1.3615714285714287,1.4968571428571429,1.5617142857142856,1.2812857142857144,1.3404285714285715,1.6966190476190477,9122,106957,106273.724431455,2.2673942487212164,2.25290940813658,41531,39741.6158285624,177570,4717177,1.321682,1.2,1.5,1.4,116.5336,263.6676395137104,235.21327496691438,191.15534662974284,247.745202954002,118.6097,224.26589797075312,220.12029491656966,194.34915783790728,221.663936056205,156.3454809863203,169.1062471500228,161.9419540581626,150.67093098620822,121.61662804346092,120.6791123208677,112.3370451936309,1271.99018345181,162.958889441475,43609.5292237428,20039.5216314495,24002.9614906482,1939.32551974968,671.12570224856,8122.22758075505,23151.9865554472,6519.73737313415,7253.52579947967,3605.83494688554,10409.3202527182,16778.4423276376,6700.62877910999,6436.45543717435,36496.8028490478,12439.3604783074,7943.69253440445,15757.8839114758,2181.55509226428,2568.49190145178,606.866478388794,9550.07869863561,-4561.27607389354,199302.936675236
2024-05-01,NA,NA,NA,1.5,0.8293,0.7698,0.7449,0.7698,1.21765,1.3938,1.5307,1.65285,1.3179,1.39255,1.7492,10096,105465,108733.586340287,2.2357651620874095,2.30505631525565,40105,39744.7242937865,176422,4717177,1.366568,1.1,1.4,1.4,116.80903956043957,264.2059220414841,236.00867217888492,190.6639478828947,248.47263262679013,118.74397472527473,224.86548331145465,220.62880852170724,194.73929276574404,222.85065891873103,157.74159044643253,169.84786759068564,161.98374778852445,150.76591241205634,121.34764898072999,120.85924518064596,112.21107922352596,NA,NA,NA,NA,NA,NA,NA,NA,NA,NA,NA,NA,NA,NA,NA,NA,NA,NA,NA,NA,NA,NA,NA,NA,NA,NA
2024-06-01,NA,NA,NA,1.25,0.7951,0.74995,0.73305,0.74995,1.16325,1.34505,1.48925,1.61625,1.2743,1.3884,1.7368,10216,104518,111598.28303512,2.215689595705228,2.36578536347311,39592,38022.1276646943,174964,4717177,1.336464,1,1.3,1.3,117.09366043956044,264.7621473201835,236.83058263125452,190.1561691778183,249.22430995533787,118.88272527472527,225.48505483017956,221.1542725803494,195.14243219117532,224.07693921000796,159.18423688854853,170.6142087127039,162.02693464323173,150.86405988543274,121.06970394924134,121.04538246908349,112.08091438775085,NA,NA,NA,NA,NA,NA,NA,NA,NA,NA,NA,NA,NA,NA,NA,NA,NA,NA,NA,NA,NA,NA,NA,NA,NA,NA
2024-07-01,NA,NA,NA,1.25,0.5994347826086956,0.5818695652173913,0.5774782608695652,0.5818695652173913,0.9593478260869566,1.1653478260869565,1.3057391304347825,1.4041739130434783,1.0684782608695653,1.2023478260869565,1.484913043478261,7847,107716,114501.966762408,2.28348438059458,2.42734090245942,36674,34849.5724030342,179139,4717177,1.391005,1,1.4,1.3,117.3691,265.30042984795716,237.62597984322505,189.66477043097015,249.951739628126,119.017,226.0846401708811,221.662786185487,195.53256711901207,225.263662072534,160.58034634866075,171.35582915336676,162.0687283735936,150.95904131128086,120.80072488651041,121.22551532886175,111.95494841764591,1264.92787933184,163.652882526751,43191.5390091422,20680.4377095784,23104.4665824653,2131.08278888354,668.070879581505,8228.01491497694,23172.1818219758,6625.96140813801,7326.62791321446,3538.86396450034,10472.7869698021,16787.9757167569,6625.87872549207,6491.21676580521,36741.3066901839,12515.7753059247,7967.35314312624,15874.6688704858,2162.27859079329,2575.73796430911,604.64119699551,9586.51269204921,-4593.52643058314,199822.822189602
2024-08-01,NA,NA,NA,1.25,0.42038095238095236,0.41209523809523807,0.4085714285714286,0.41209523809523807,0.7697142857142857,0.9743333333333334,1.1051428571428572,1.2062380952380953,0.8683333333333333,1.0007619047619047,1.2987619047619048,9035,111354,116456.077089851,2.3606067781641435,2.46876632125212,36246,35468.4981333942,180236,4717177,1.16727,1.1,1.4,1.1,118.51461739130434,266.4746617319971,238.0376135865692,189.7834126321016,250.6887460904805,119.22739565217391,226.63310240551132,221.5287619577871,195.39693560452952,225.74492262362102,161.97113830893937,171.18169141603386,162.719015202556,150.66565180985648,121.42461404616303,121.24261901263992,112.25081971808079,NA,NA,NA,NA,NA,NA,NA,NA,NA,NA,NA,NA,NA,NA,NA,NA,NA,NA,NA,NA,NA,NA,NA,NA,NA,NA
2024-09-01,NA,NA,NA,1,0.40714285714285714,0.4241904761904762,0.43542857142857144,0.4241904761904762,0.7381428571428571,0.9523809523809524,1.0647142857142857,1.2094285714285715,0.8081428571428572,0.9526666666666667,1.2665714285714285,13052,113245,118863.057061063,2.4006943135693235,2.51979217784414,38320,36392.5175795425,184373,4717177,1.193114,1,1.4,0.8,119.6601347826087,267.64889361603707,238.44924732991336,189.90205483323308,251.42575255283495,119.43779130434783,227.18156464014154,221.39473773008723,195.26130409004696,226.22618317470804,163.361930269218,171.00755367870096,163.36930203151837,150.37226230843214,122.04850320581565,121.2597226964181,112.54669101851569,NA,NA,NA,NA,NA,NA,NA,NA,NA,NA,NA,NA,NA,NA,NA,NA,NA,NA,NA,NA,NA,NA,NA,NA,NA,NA
2024-10-01,NA,NA,NA,1,0.3522608695652174,0.4165217391304348,0.45008695652173913,0.4165217391304348,0.7039565217391305,0.9042173913043479,1.0092173913043478,1.1713478260869565,0.7678695652173912,0.8934782608695653,1.195304347826087,16211,116447,120500.758693045,2.4685738949375864,2.55451001081886,34471,35703.9795482798,191163,4717177,0.959185,0.9,1.2,0.6,120.7687,268.7852470522048,238.8476025654077,190.0168698665861,252.138984613178,119.6414,227.71233454462242,221.26503686457121,195.13004778570902,226.691919191889,164.7078579727134,170.83903328773366,163.99861186599813,150.08833698447307,122.65226690870527,121.2762746484615,112.83301808345267,1257.67298728143,165.900376328928,43828.9352392152,21323.8401605634,23174.0322415046,1831.56474669325,671.707255729955,8205.47430203963,23407.5521936334,6666.3662920572,7318.38164840905,3609.05362876023,10499.4579822366,16949.9579929068,6795.22528102224,6497.04507501729,36782.4094532097,12611.5312609854,8037.28111421219,15951.8068609519,2083.86564205606,2570.01637520704,606.399374309275,9624.31420352449,-4608.34376630183,200762.734941139
2024-11-01,NA,NA,NA,1,0.24695238095238095,0.33104761904761904,0.3732857142857143,0.33104761904761904,0.613,0.8028571428571428,0.9234285714285714,1.0563333333333333,0.6689047619047619,0.7945238095238095,1.0841904761904761,17629,121114,121547.740082957,2.567510186707007,2.57670509465634,32908,36723.3269729953,198793,4717177,1.02258,0.9,1.2,0.7,120.79501630434783,271.05200317907133,239.32098137025346,191.29258715284527,253.27042443167878,120.23013043478261,228.89452817988985,221.660571780466,196.15289498904502,227.92888885963185,166.70157072903027,170.7289167773614,165.5502599292083,150.83981482111454,123.10749451690562,121.41775282023262,113.9445089712943,NA,NA,NA,NA,NA,NA,NA,NA,NA,NA,NA,NA,NA,NA,NA,NA,NA,NA,NA,NA,NA,NA,NA,NA,NA,NA
2024-12-01,NA,NA,NA,0.5,0.10916666666666666,0.20627777777777778,0.2576111111111111,0.20627777777777778,0.47844444444444445,0.6523888888888889,0.7741111111111111,0.9180555555555555,0.5458888888888889,0.6801666666666667,0.9267222222222222,12928,130293,122351.289707467,2.7620969066880465,2.59373963935352,30422,36642.1981176687,209024,4717177,0.812358,0.7,1.1,0.6,120.82048369565217,273.24563814055506,239.77908989107195,192.52715226857998,254.3653661915182,120.79986956521739,230.03858653660023,222.04334750552547,197.14274712130566,229.12595628002816,168.63097017062722,170.62235241248501,167.0518548290891,151.56705143721916,123.54803736355112,121.55466718001115,115.02014531436686,NA,NA,NA,NA,NA,NA,NA,NA,NA,NA,NA,NA,NA,NA,NA,NA,NA,NA,NA,NA,NA,NA,NA,NA,NA,NA
2025-01-01,NA,NA,NA,0.5,0.22871428571428573,0.35033333333333333,0.4094761904761905,0.35033333333333333,0.6193809523809524,0.783952380952381,0.9162380952380953,1.061904761904762,0.7014761904761905,0.8294761904761905,1.0866190476190476,21067,135773,123589.923872565,2.87826808279613,2.61999759331831,42052,42800.2462084473,212803,4717177,0.903187,0.8,1.1,0.4,120.8468,275.5123942674216,240.2524686959177,193.80286955483916,255.496806010019,121.3886,231.22078017186766,222.43888242142026,198.16559432464166,230.362925947771,170.62468292694408,170.51223590211276,168.60350289229928,152.31852927386063,124.00326497175146,121.69614535178228,116.13163620220848,1315.58363957449,166.171082779762,44397.9905470574,22292.2845039492,22974.8240608301,1790.02190856344,676.170212942506,8291.06030031634,24053.3900303314,6674.7095733716,7278.48808636577,3573.01451104983,10494.4264229493,17181.7571817133,6969.42927053445,6453.31921868501,36876.2814942969,12623.1739500953,8040.79082037732,16072.4038896608,2067.21540979517,2551.89605952217,612.150920151527,9710.68258877741,-4607.49579088085,202529.080567779
2025-02-01,NA,NA,NA,0.5,0.2713,0.3759,0.428,0.3759,0.6352,0.7903,0.9273,1.0888499999999999,0.71795,0.85235,1.09835,21052,135446,125666.122898779,2.871335970645155,2.66401118505367,44398,42284.1166634157,212699,4717177,0.867358,0.8,1.2,0.3,121.76357333333333,277.90350322063676,241.17468073795058,194.31306781484378,256.55863532849,122.01266444444444,230.7369084136762,223.0470400551891,198.82135680276323,231.52093286839218,171.59624271486422,170.925841482157,169.23724204013766,152.421167428399,124.0383722221477,121.09462269601109,115.98285665954275,NA,NA,NA,NA,NA,NA,NA,NA,NA,NA,NA,NA,NA,NA,NA,NA,NA,NA,NA,NA,NA,NA,NA,NA,NA,NA
2025-03-01,NA,NA,NA,0.25,0.4408571428571429,0.5808095238095238,0.6454285714285715,0.5808095238095238,0.8586190476190476,1.0111904761904762,1.1427142857142858,1.3162857142857143,0.9486666666666667,1.0628095238095239,1.315047619047619,20521,132569,128445.46358415,2.810346103188411,2.72293076100706,42530,40170.631093022,212390,4717177,0.915978,1,1.3,0.3,122.59162666666667,280.0632145332182,242.00764645333513,194.77389204968668,257.51770697098,122.57633555555556,230.29986295466455,223.59634372439962,199.41365839590532,232.56687460314683,172.4737805878243,171.29942071574536,169.80965159302397,152.51387285830464,124.07008199669913,120.55131191015322,115.84847513713498,NA,NA,NA,NA,NA,NA,NA,NA,NA,NA,NA,NA,NA,NA,NA,NA,NA,NA,NA,NA,NA,NA,NA,NA,NA,NA
2025-04-01,NA,NA,NA,0.25,0.1545,0.32755,0.41435,0.32755,0.6267,0.78465,0.94755,1.19155,0.7434,0.85345,1.17145,17023,130101,129306.812996356,2.758026675700318,2.74119061032384,40887,40021.3614911039,209075,4717177,0.701133,0.8,1.1,0,123.5084,282.45432348643334,242.929858495368,195.2840903096913,258.579536289451,123.2004,229.81599119647308,224.20450135816844,200.0694208740269,233.724881523768,173.44534037574445,171.7130262957896,170.44339074086236,152.616511012843,124.10518924709537,119.94978925438203,115.69969559446925,1335.92830495777,163.206851489911,44112.6501406717,21867.0407754084,23043.3774636235,1823.69256451517,677.008201663808,8247.08045036654,24487.4776889193,6688.55541954343,7367.79499161406,3611.74697578235,10533.9586483022,17152.1259641388,7015.79576744181,6420.54631522939,36701.8811069851,12729.9348721081,8066.73209582871,16065.6286246733,2002.90377391348,2533.24415968584,618.463058184695,9697.12409448387,-4605.20662977556,202834.225656088
2025-05-01,NA,NA,NA,0.25,0.007450000000000002,0.2191,0.324,0.2191,0.5245,0.6863,0.84535,1.0871,0.64035,0.7455,1.0341,16911,127944,131918.854303256,2.7123001744475563,2.79656358672265,38142,38357.0228423346,205855,4717177,0.659742,0.7,1,-0.1,123.56154285714285,284.431517683773,243.55409428197783,195.53141904375653,259.4225791481262,123.82522417582418,230.19700798837934,225.00405105178098,200.7806013025773,234.3552869778691,173.72140341643262,172.43460294075888,171.3687596701902,152.81078605346156,124.03855812942179,120.19323819238909,115.44548518386391,NA,NA,NA,NA,NA,NA,NA,NA,NA,NA,NA,NA,NA,NA,NA,NA,NA,NA,NA,NA,NA,NA,NA,NA,NA,NA
2025-06-01,NA,NA,NA,0,0.01785,0.212,0.31755,0.212,0.5175,0.66955,0.8433,1.0554000000000001,0.62145,0.7316,1.014,17995,126877,135445.781589744,2.6896807136980443,2.87133134053999,39757,36763.570104772,206868,4717177,0.749602,0.8,1.1,0.1,123.61645714285714,286.47461835435723,244.19913792814128,195.78699206895723,260.29372343542383,124.47087582417582,230.59072534001578,225.8302524018473,201.51548774541277,235.0067059471069,174.0066685584771,173.18023214056043,172.32497423049566,153.01153692876736,123.96970597449244,120.4448020949964,115.18280109290504,NA,NA,NA,NA,NA,NA,NA,NA,NA,NA,NA,NA,NA,NA,NA,NA,NA,NA,NA,NA,NA,NA,NA,NA,NA,NA
2025-07-01,NA,NA,NA,0,0.11421739130434783,0.3216086956521739,0.4331304347826087,0.3216086956521739,0.6409565217391304,0.7740869565217392,0.9591739130434782,1.1345217391304347,0.7280434782608696,0.8456086956521739,1.0857826086956521,11664,129154,137257.419315027,2.7379511093181366,2.90973646558158,39805,38328.8190630144,209441,4717177,0.747775,0.8,1,0.2,123.6696,288.4518125516969,244.8233737147511,196.03432080302247,261.136766294099,125.0957,230.97174213192204,226.62980209545984,202.2266681739632,235.637111401208,174.28273159916526,173.9018087855297,173.2503431598235,153.2058119693859,123.90307485681886,120.68825103300347,114.9285906822997,1335.15735435292,163.284529290657,42802.9073441414,20259.8164781195,23093.7464971531,1601.11578560929,678.498049166684,8215.04983301479,24943.9727701643,6687.33186227813,7366.65122454577,3660.71759494146,10557.4912242502,17517.4590034187,7345.01260033065,6397.08342171894,36502.2540386565,12666.1659846816,7969.71086728786,16137.8492193711,2005.24047097728,2527.49716127882,624.154381727956,9678.9528139271,-4616.64242669795,201992.636722233
2025-08-01,NA,NA,NA,0,NA,NA,NA,NA,NA,NA,NA,NA,NA,NA,NA,12055,132105,138130.36139961,2.800509711634734,2.92824206934804,37865,37408.9828205635,209090,4717177,0.637713,0.6,0.7,0.2,123.91389347826087,288.9534538987145,245.9142031346131,196.83495472686616,261.9192226097535,125.27580326086957,230.62106044833806,227.53201396973225,202.32736171105935,236.6354545285106,174.18454943416822,174.60092058393968,173.35439260345052,153.2502175754454,124.00101935891277,121.75037246656862,115.29799054019364,NA,NA,NA,NA,NA,NA,NA,NA,NA,NA,NA,NA,NA,NA,NA,NA,NA,NA,NA,NA,NA,NA,NA,NA,NA,NA
2025-09-01,NA,NA,NA,0,NA,NA,NA,NA,NA,NA,NA,NA,NA,NA,NA,15199,133233,139809.644529992,2.8244223186876387,2.96384139348581,37372,35406.6126413522,213750,4717177,0.651364,0.6,0.7,0.2,124.15818695652173,289.455095245732,247.0050325544751,197.63558865070982,262.701678925408,125.45590652173912,230.27037876475407,228.43422584400466,202.42805524815552,237.63379765581317,174.08636726917118,175.30003238234963,173.45844204707754,153.29462318150485,124.0989638610067,122.81249390013379,115.66739039808756,NA,NA,NA,NA,NA,NA,NA,NA,NA,NA,NA,NA,NA,NA,NA,NA,NA,NA,NA,NA,NA,NA,NA,NA,NA,NA
2025-10-01,NA,NA,NA,0,NA,NA,NA,NA,NA,NA,NA,NA,NA,NA,NA,16008,135212,139895.770389037,2.866375376628861,2.96566718588336,34995,36095.7869665338,219696,4717177,0.571715,0.5,0.6,0.1,124.3946,289.94055461381356,248.06067392853507,198.41039567378436,263.458894714751,125.6302,229.93100939354375,229.30733410942958,202.5255006066357,238.599936166106,173.99135227078693,175.9765921872625,173.55913505703916,153.3375963486592,124.19374886303306,123.84035335197103,116.02487413153331,1316.40910468838,166.443468573237,42804.263121948,20623.3889898808,22816.1928012902,1549.22394933317,683.803990330917,8267.69541999473,25377.3283608194,6814.59970551293,7302.94642133917,3691.98910464633,10497.9663964839,17705.472378411,7451.18016358335,6381.53403666188,36412.9164249659,12688.6041488078,7959.83537182518,16088.3797925135,2007.16620027766,2489.78660662268,628.770101196498,9695.75756101578,-4627.85241216247,202449.837691272
2025-11-01,NA,NA,NA,0,NA,NA,NA,NA,NA,NA,NA,NA,NA,NA,NA,17626,138860,139351.610785734,2.9437097653957016,2.95413148130193,32670,36865.0864347563,225884,4717177,0.447609,0.4,0.5,0,125.14661956521739,291.8919066049913,248.41056261037758,198.78435706997513,264.62808611785096,126.09685108695652,231.54284008276002,229.60153363364884,202.25876271612444,239.16247986869442,175.74010612192384,176.2762115294382,173.6766692884273,153.4550750669968,124.49298553966052,124.55084907777102,116.32931100659047,NA,NA,NA,NA,NA,NA,NA,NA,NA,NA,NA,NA,NA,NA,NA,NA,NA,NA,NA,NA,NA,NA,NA,NA,NA,NA
2025-12-01,NA,NA,NA,0,NA,NA,NA,NA,NA,NA,NA,NA,NA,NA,NA,15094,147275,139931.914093931,3.1221003579047384,2.96643340061081,35940,43380.1186143866,231624,4717177,0.455268,0.5,0.6,0.1,125.87438043478261,293.78031175774396,248.74916456054777,199.146255195321,265.75956166923805,126.54844891304349,233.10267623361446,229.88624285063523,202.00062927369416,239.7068770002316,177.43244855850796,176.5661657315437,173.79041209299643,153.56876414925904,124.78256942026775,125.23842558660972,116.62392733729097,NA,NA,NA,NA,NA,NA,NA,NA,NA,NA,NA,NA,NA,NA,NA,NA,NA,NA,NA,NA,NA,NA,NA,NA,NA,NA
2026-01-01,NA,NA,NA,0,NA,NA,NA,NA,NA,NA,NA,NA,NA,NA,NA,17950,152280,138640.838730506,3.2282019521421392,2.93906373940401,48904,50414.3271879038,236319,4717177,0.40904,0.5,0.6,0.1,126.6264,295.7316637489217,249.09905324239028,199.52021659151177,266.928753072338,127.0151,234.71450692283074,230.1804423748545,201.7338913831829,240.26942070282,179.18120240964487,176.8657850737194,173.90794632438457,153.68624286759666,125.0818060968952,125.94892131240971,116.92836421234813,1265.44369042905,166.641214959574,43438.0008692238,19931.6066183694,23867.3875935654,1569.34127037842,690.916121386893,8294.63001073517,25178.4642740244,6724.04132817081,7441.03290215606,3671.35842678367,10482.9491888992,17868.3671899227,7551.62233626218,6372.71113379021,36488.369774043,12772.9135387639,8008.25050413898,16165.842947022,1964.57189112555,2508.20617768326,633.845644816186,9740.20072080323,-4627.32036962512,203331.517668815
2026-02-01,NA,NA,NA,0,NA,NA,NA,NA,NA,NA,NA,NA,NA,NA,NA,15229,151076,140189.017679832,3.2026782119899253,2.97188377031076,48145,45811.5404482857,235556,4717177,0.352301,0.4,0.5,0.1,127.33716111111112,296.9844276145929,250.21061680636146,199.99122927147155,267.8428869209664,126.84473777777778,236.50644480407507,230.56137627732505,202.16189732531564,241.47025156633214,181.35537807224534,177.6589653949435,NA,153.96937974219483,125.77666765037922,126.31656690163356,116.49525460086537,NA,NA,NA,NA,NA,NA,NA,NA,NA,NA,NA,NA,NA,NA,NA,NA,NA,NA,NA,NA,NA,NA,NA,NA,NA,NA
2026-03-01,NA,NA,NA,0,NA,NA,NA,NA,NA,NA,NA,NA,NA,NA,NA,11979,146255,141722.004740479,3.100477255782431,3.00438174655051,48843,45121.9205735423,234815,4717177,0.417106,0.4,0.5,0.3,127.97913888888888,298.11595626745725,251.2146097028516,200.41666007917718,268.6685562035986,126.69086222222222,238.12496934197316,230.90544560858882,202.54848333756456,242.55487299143988,183.31914963846512,178.37538633024266,NA,154.22511627408994,126.40428453739705,126.64863388544867,116.10405882275191,NA,NA,NA,NA,NA,NA,NA,NA,NA,NA,NA,NA,NA,NA,NA,NA,NA,NA,NA,NA,NA,NA,NA,NA,NA,NA
2026-04-01,NA,NA,NA,0,NA,NA,NA,NA,NA,NA,NA,NA,NA,NA,NA,9782,142902,142053.813222575,3.029396607335277,3.01141579428915,48435,47149.6249559139,230609,4717177,0.449646,0.3,0.4,0.6,128.6899,299.3687201331285,252.32617326682276,200.88767275913696,269.582690052227,126.5205,239.9169072232175,231.28637951105938,202.9764892796973,243.755703854952,185.4933253010656,179.16856665146676,NA,154.5082531486881,127.09914609088106,127.01627947467253,115.67094921126915,NA,NA,NA,NA,NA,NA,NA,NA,NA,NA,NA,NA,NA,NA,NA,NA,NA,NA,NA,NA,NA,NA,NA,NA,NA,NA
2026-05-01,NA,NA,NA,0,NA,NA,NA,NA,NA,NA,NA,NA,NA,NA,NA,NA,140275,144640.120683416,2.9737065198104715,3.0662432358043,44717,45338.7078465679,225475,4717177,0.515477,0.3,0.4,0.6,NA,NA,NA,NA,NA,NA,NA,NA,NA,NA,NA,NA,NA,NA,NA,NA,NA,NA,NA,NA,NA,NA,NA,NA,NA,NA,NA,NA,NA,NA,NA,NA,NA,NA,NA,NA,NA,NA,NA,NA,NA,NA,NA
2026-06-01,NA,NA,NA,0,NA,NA,NA,NA,NA,NA,NA,NA,NA,NA,NA,NA,137751,147042.959652137,2.920199941617624,3.11718130678872,47244,43519.2401732443,225791,4717177,0.458667,0.3,0.5,0.5,NA,NA,NA,NA,NA,NA,NA,NA,NA,NA,NA,NA,NA,NA,NA,NA,NA,NA,NA,NA,NA,NA,NA,NA,NA,NA,NA,NA,NA,NA,NA,NA,NA,NA,NA,NA,NA,NA,NA,NA,NA,NA,NA
2026-07-01,NA,NA,NA,0,NA,NA,NA,NA,NA,NA,NA,NA,NA,NA,NA,NA,139276,148002.247058813,2.952528599202447,3.13751735537617,45156,43244.1468281439,227200,4717177,0.415877,0.3,0.5,0.4,NA,NA,NA,NA,NA,NA,NA,NA,NA,NA,NA,NA,NA,NA,NA,NA,NA,NA,NA,NA,NA,NA,NA,NA,NA,NA,NA,NA,NA,NA,NA,NA,NA,NA,NA,NA,NA,NA,NA,NA,NA,NA,NA
