date,total_return_index,price,total_assets,market_cap,folder,country_code,country,ticker,monthly_return,monthly_log_return
2000-03-31,54.40245,54.40245,,174.8134,SW_ALLN,SW,Switzerland,ALLN,,
2000-04-28,54.20292,54.20292,,174.1723,SW_ALLN,SW,Switzerland,ALLN,-0.0036676657025557224,-0.0036744080793131625
2000-05-31,51.12846,51.12846,,400.7101,SW_ALLN,SW,Switzerland,ALLN,-0.056721298409753595,-0.05839349219858814
2000-06-30,54.49517,54.49517,,427.0961,SW_ALLN,SW,Switzerland,ALLN,0.06584806192089498,0.06377078455408475
2000-07-31,52.87226,52.87226,,414.3769,SW_ALLN,SW,Switzerland,ALLN,-0.029780804427254837,-0.030233258195908722
2000-08-31,52.32165,52.32165,,410.0615,SW_ALLN,SW,Switzerland,ALLN,-0.010413967551226255,-0.01046857234383321
2000-09-29,48.99944,48.99944,,384.0243,SW_ALLN,SW,Switzerland,ALLN,-0.06349589510269649,-0.06560137387502836
2000-10-31,50.93645,50.93645,,399.2053,SW_ALLN,SW,Switzerland,ALLN,0.039531268112452,0.03876990781779659
2000-11-30,52.66561,52.66561,,412.7573,SW_ALLN,SW,Switzerland,ALLN,0.03394739916111145,0.03338390357475935
2000-12-29,51.25131,51.25131,,401.6729,SW_ALLN,SW,Switzerland,ALLN,-0.026854336254721112,-0.027221502198996262
2001-01-31,50.03469,50.03469,,392.1379,SW_ALLN,SW,Switzerland,ALLN,-0.023738320054648376,-0.024024613807260838
2001-02-28,49.36709,49.36709,,386.9057,SW_ALLN,SW,Switzerland,ALLN,-0.013342742805041885,-0.013432557004346242
2001-03-30,48.58729,48.58729,,380.7942,SW_ALLN,SW,Switzerland,ALLN,-0.01579594827242181,-0.01592203378614807
2001-04-30,50.54624,50.54624,,396.1471,SW_ALLN,SW,Switzerland,ALLN,0.04031815727940358,0.03952658683012329
2001-05-31,50.57806,50.57806,,396.3965,SW_ALLN,SW,Switzerland,ALLN,0.000629522591591547,0.0006293245253653017
2001-06-29,51.94139,51.94139,,407.0814,SW_ALLN,SW,Switzerland,ALLN,0.026954968221398756,0.02659808209938686
2001-07-31,51.38531,51.38531,,366.5719,SW_ALLN,SW,Switzerland,ALLN,-0.010705912953041907,-0.010763633576757354
2001-08-31,53.05813,53.05813,,378.4393,SW_ALLN,SW,Switzerland,ALLN,0.032554440169768384,0.03203577101973114
2001-09-28,51.95978,51.95978,,370.67,SW_ALLN,SW,Switzerland,ALLN,-0.020700880336340433,-0.02091814720028371
2001-10-31,50.73054,50.73054,,361.9009,SW_ALLN,SW,Switzerland,ALLN,-0.023657528957974905,-0.02394186165631542
2001-11-30,50.78252,50.78252,,362.2717,SW_ALLN,SW,Switzerland,ALLN,0.0010246293455580258,0.0010241047712090715
2001-12-28,49.50153,49.50153,,353.1334,SW_ALLN,SW,Switzerland,ALLN,-0.025225018372463492,-0.02554862269427724
2002-01-31,49.92187,49.92187,,356.132,SW_ALLN,SW,Switzerland,ALLN,0.008491454708571489,0.008455605107586039
2002-02-28,50.5598,50.5598,,360.6829,SW_ALLN,SW,Switzerland,ALLN,0.012778567790028728,0.012697610839111908
2002-03-28,51.77397,49.94665,,350.6647,SW_ALLN,SW,Switzerland,ALLN,0.024014533285337203,0.023730719178063287
2002-04-30,51.39912,49.58503,,348.1258,SW_ALLN,SW,Switzerland,ALLN,-0.007240124719043117,-0.007266461620647246
2002-05-31,50.81385,49.02041,,344.1617,SW_ALLN,SW,Switzerland,ALLN,-0.011386770824092007,-0.011452096471209986
2002-06-28,50.41353,48.63422,,341.4504,SW_ALLN,SW,Switzerland,ALLN,-0.00787816707452793,-0.007909363789399493
2002-07-31,51.00894,49.20862,,345.4831,SW_ALLN,SW,Switzerland,ALLN,0.011810519913999284,0.011741320048371822
2002-08-30,51.64074,49.81812,,349.7623,SW_ALLN,SW,Switzerland,ALLN,0.012386064089941806,0.012309984372776505
2002-09-30,49.26869,47.52979,,333.6964,SW_ALLN,SW,Switzerland,ALLN,-0.04593369498578059,-0.04702210783766926
2002-10-31,48.49402,46.78246,,328.4496,SW_ALLN,SW,Switzerland,ALLN,-0.015723373201114166,-0.01584829664243899
2002-11-29,46.45896,44.81923,,314.6661,SW_ALLN,SW,Switzerland,ALLN,-0.041965174262723504,-0.04287114912788427
2002-12-30,50.186,48.41472,,339.9093,SW_ALLN,SW,Switzerland,ALLN,0.08022220041085726,0.0771667610954905
2003-01-31,50.47325,48.69183,,341.8548,SW_ALLN,SW,Switzerland,ALLN,0.005723707806958078,0.005707389628807969
2003-02-28,52.94293,51.07435,,358.582,SW_ALLN,SW,Switzerland,ALLN,0.04893047307236986,0.04777104797295128
2003-03-31,52.73707,50.87576,,352.8047,SW_ALLN,SW,Switzerland,ALLN,-0.003888337876275294,-0.0038959171154700025
2003-04-30,54.18684,49.51656,,343.3791,SW_ALLN,SW,Switzerland,ALLN,0.02749052990619294,0.027119450709470593
2003-05-30,54.91711,50.18389,,348.0068,SW_ALLN,SW,Switzerland,ALLN,0.013476888484362792,0.013386882983765867
2003-06-30,54.91456,50.18155,,347.9906,SW_ALLN,SW,Switzerland,ALLN,-4.643361604428353e-05,-4.643469411800571e-05
2003-07-31,55.55187,50.76394,,352.0293,SW_ALLN,SW,Switzerland,ALLN,0.011605483135984418,0.011538656059940783
2003-08-29,55.83772,51.02515,,353.8407,SW_ALLN,SW,Switzerland,ALLN,0.005145641361847808,0.005132447789575174
2003-09-30,54.41768,49.72751,,344.842,SW_ALLN,SW,Switzerland,ALLN,-0.025431554153715452,-0.025760525614115688
2003-10-31,54.1815,49.51168,,343.3453,SW_ALLN,SW,Switzerland,ALLN,-0.00434013357423535,-0.004349579294322138
2003-11-28,58.54098,53.49542,,471.6505,SW_ALLN,SW,Switzerland,ALLN,0.080460673846239,0.07738750004722775
2003-12-30,60.32243,55.12333,,486.0032,SW_ALLN,SW,Switzerland,ALLN,0.03043081957288729,0.029976986220422178
2004-01-30,63.74972,58.25523,,513.6161,SW_ALLN,SW,Switzerland,ALLN,0.05681617932168859,0.055260783837862815
2004-02-27,63.10095,57.66238,,508.3891,SW_ALLN,SW,Switzerland,ALLN,-0.010176829011954935,-0.010228966970680348
2004-03-31,69.582,60.95383,,537.4087,SW_ALLN,SW,Switzerland,ALLN,0.1027092302096877,0.09777008830127415
2004-04-30,69.77791,61.12545,,538.9218,SW_ALLN,SW,Switzerland,ALLN,0.002815527004110363,0.0028115708320214736
2004-05-28,71.9315,63.01199,,555.5548,SW_ALLN,SW,Switzerland,ALLN,0.03086349247204434,0.030396793234862787
2004-06-30,71.08765,62.27278,1137.7462,549.0374,SW_ALLN,SW,Switzerland,ALLN,-0.0117312999172825,-0.01180065456320271
2004-07-30,69.06219,60.49847,1137.7462,533.394,SW_ALLN,SW,Switzerland,ALLN,-0.028492431526432438,-0.028906219692087867
2004-08-31,68.45983,59.97081,1137.7462,528.7417,SW_ALLN,SW,Switzerland,ALLN,-0.008721993901438796,-0.008760253117128651
2004-09-30,72.06473,63.1287,1137.7462,556.5837,SW_ALLN,SW,Switzerland,ALLN,0.052657156758934454,0.05131759301332427
2004-10-29,76.15792,66.71434,1137.7462,588.1971,SW_ALLN,SW,Switzerland,ALLN,0.05679879741449123,0.05524433627537952
2004-11-30,74.6536,65.39656,1137.7462,576.5786,SW_ALLN,SW,Switzerland,ALLN,-0.019752640303201674,-0.01995033131314669
2004-12-30,75.23065,65.90205,1213.8369,581.0354,SW_ALLN,SW,Switzerland,ALLN,0.0077297009119452476,0.007699979832305507
2005-01-31,76.0231,66.59623,1213.8369,587.1558,SW_ALLN,SW,Switzerland,ALLN,0.01053360565142003,0.01047851376715957
2005-02-28,77.69219,68.05835,1213.8369,600.0468,SW_ALLN,SW,Switzerland,ALLN,0.021955037350489537,0.021717496049027306
2005-03-31,75.35769,66.01334,1213.8369,582.0166,SW_ALLN,SW,Switzerland,ALLN,-0.030048065320336437,-0.030508760589078844
2005-04-29,79.5784,67.03189,1213.8369,590.9968,SW_ALLN,SW,Switzerland,ALLN,0.05600901513833545,0.05449672231044688
2005-05-31,81.28928,68.47303,1213.8369,709.4054,SW_ALLN,SW,Switzerland,ALLN,0.02149930131794564,0.02127145129874743
2005-06-30,80.31063,67.64867,1317.2365,700.8648,SW_ALLN,SW,Switzerland,ALLN,-0.012039102818969472,-0.012112159769482522
2005-07-29,81.23086,68.42382,1317.2365,708.8956,SW_ALLN,SW,Switzerland,ALLN,0.011458383529054705,0.01139323345651953
2005-08-31,85.27203,71.82784,1317.2365,744.1626,SW_ALLN,SW,Switzerland,ALLN,0.04974919630298125,0.04855127497385276
2005-09-30,83.90833,70.67915,1317.2365,732.2617,SW_ALLN,SW,Switzerland,ALLN,-0.01599234825299689,-0.016121605794464283
2005-10-31,81.09441,68.30888,1317.2365,707.7048,SW_ALLN,SW,Switzerland,ALLN,-0.03353564538824705,-0.03411086191221001
2005-11-30,83.67446,70.48216,1317.2365,730.2208,SW_ALLN,SW,Switzerland,ALLN,0.03181538653527416,0.03131976204061524
2005-12-30,83.33651,70.19748,1459.3169,727.2715,SW_ALLN,SW,Switzerland,ALLN,-0.0040388668179034415,-0.004047045068493969
2006-01-31,84.80648,71.4357,1459.3169,740.0998,SW_ALLN,SW,Switzerland,ALLN,0.01763896760255479,0.017485206505124213
2006-02-28,91.16336,76.79034,1459.3169,795.5758,SW_ALLN,SW,Switzerland,ALLN,0.07495747966428978,0.07228110699669325
2006-03-31,94.31755,79.44722,1459.3169,823.1021,SW_ALLN,SW,Switzerland,ALLN,0.03459931709406061,0.03401421851945939
2006-04-28,94.97384,77.12784,1459.3169,799.0724,SW_ALLN,SW,Switzerland,ALLN,0.006958302033926778,0.0069342047697777505
2006-05-31,90.64885,73.61553,1459.3169,762.6836,SW_ALLN,SW,Switzerland,ALLN,-0.045538750460126676,-0.046608234293796076
2006-06-30,93.34468,75.8048,1456.8844,785.3653,SW_ALLN,SW,Switzerland,ALLN,0.029739263101517643,0.029305627575657366
2006-07-31,93.38724,75.83936,1456.8844,785.7234,SW_ALLN,SW,Switzerland,ALLN,0.0004559445701672882,0.00045584065902570304
2006-08-31,95.17854,77.29407,1456.8844,800.7947,SW_ALLN,SW,Switzerland,ALLN,0.019181421359063533,0.01899977701877764
2006-09-29,95.04899,77.18886,1456.8844,799.7047,SW_ALLN,SW,Switzerland,ALLN,-0.0013611261530172003,-0.001362053326648432
2006-10-31,94.09665,76.41547,1456.8844,791.6921,SW_ALLN,SW,Switzerland,ALLN,-0.010019464699204117,-0.010069997359114968
2006-11-30,94.61448,76.836,1456.8844,796.0489,SW_ALLN,SW,Switzerland,ALLN,0.005503171473160817,0.00548808435106617
2006-12-29,97.65864,79.30815,1506.3472,821.6613,SW_ALLN,SW,Switzerland,ALLN,0.03217435639872468,0.03166760278769148
2007-01-31,103.31142,83.89874,1506.3472,869.2215,SW_ALLN,SW,Switzerland,ALLN,0.05788305059337295,0.05626978913479255
2007-02-28,104.6511,84.9867,1506.3472,880.4931,SW_ALLN,SW,Switzerland,ALLN,0.012967395085654587,0.012884038258574416
2007-03-30,110.86471,90.03274,1506.3472,932.7719,SW_ALLN,SW,Switzerland,ALLN,0.05937453118027425,0.05767866904288618
2007-04-30,111.19934,87.43744,1506.3472,905.8836,SW_ALLN,SW,Switzerland,ALLN,0.003018363553199288,0.0030138174395149433
2007-05-31,106.5958,83.81762,1506.3472,868.381,SW_ALLN,SW,Switzerland,ALLN,-0.041398986720604714,-0.04228033521627676
2007-06-29,99.42748,78.18108,1562.937,809.9844,SW_ALLN,SW,Switzerland,ALLN,-0.06724767767585582,-0.06961557712342875
2007-07-31,97.39016,76.57911,1562.937,793.3874,SW_ALLN,SW,Switzerland,ALLN,-0.0204905122809107,-0.020703355356460233
2007-08-31,100.42453,78.96507,1562.937,818.1069,SW_ALLN,SW,Switzerland,ALLN,0.031156843771485754,0.030681321273955627
2007-09-28,98.54576,77.48777,1562.937,803.0236,SW_ALLN,SW,Switzerland,ALLN,-0.01870827774847439,-0.018885491297446218
2007-10-31,96.43827,75.83063,1562.937,785.8503,SW_ALLN,SW,Switzerland,ALLN,-0.021385902346280572,-0.021617894290024735
2007-11-30,94.84471,74.57759,1562.937,763.2294,SW_ALLN,SW,Switzerland,ALLN,-0.016524145445578786,-0.01666219198370491
2007-12-28,95.4339,75.04088,1610.6881,895.9697,SW_ALLN,SW,Switzerland,ALLN,0.006212154584056329,0.00619293869210071
2008-01-31,99.88172,78.53825,1610.6881,937.7276,SW_ALLN,SW,Switzerland,ALLN,0.04660628979848891,0.045552824682311824
2008-02-29,104.90059,82.48466,1610.6881,984.8467,SW_ALLN,SW,Switzerland,ALLN,0.05024813349229462,0.049026453862532716
2008-03-31,108.17265,85.05752,1610.6881,1015.566,SW_ALLN,SW,Switzerland,ALLN,0.031192007595000293,0.030715422026109798
2008-04-30,104.66748,79.36214,1610.6881,947.5646,SW_ALLN,SW,Switzerland,ALLN,-0.03240347721905679,-0.0329400939061499
2008-05-30,103.08275,78.16055,1610.6881,933.2179,SW_ALLN,SW,Switzerland,ALLN,-0.01514061483089102,-0.015256404174173989
2008-06-30,102.17154,77.46965,1724.6314,924.9686,SW_ALLN,SW,Switzerland,ALLN,-0.008839597313808678,-0.00887889832899168
2008-07-31,96.12609,72.8858,1724.6314,870.2386,SW_ALLN,SW,Switzerland,ALLN,-0.05916960828817874,-0.06099239824408501
2008-08-29,99.62886,75.54171,1724.6314,901.9495,SW_ALLN,SW,Switzerland,ALLN,0.03643932672180883,0.035791114491317215
2008-09-30,101.21322,76.74301,1724.6314,916.2929,SW_ALLN,SW,Switzerland,ALLN,0.015902620987533256,0.015777499078106806
2008-10-31,100.45038,76.16461,1724.6314,909.3868,SW_ALLN,SW,Switzerland,ALLN,-0.007536960092762723,-0.007565506502368833
2008-11-28,87.32877,66.21539,1724.6314,790.5956,SW_ALLN,SW,Switzerland,ALLN,-0.13062777861069308,-0.13998391241098146
2008-12-30,90.24435,68.42608,1918.2112,816.9907,SW_ALLN,SW,Switzerland,ALLN,0.033386248311982225,0.03284102955575752
2009-01-30,95.69813,72.5613,1918.2112,866.3642,SW_ALLN,SW,Switzerland,ALLN,0.060433478660991025,0.05867776666294141
2009-02-27,92.1883,69.90004,1918.2112,831.3205,SW_ALLN,SW,Switzerland,ALLN,-0.036676056261496504,-0.03736553357552348
2009-03-31,99.79092,75.66458,1918.2112,899.8781,SW_ALLN,SW,Switzerland,ALLN,0.08246838264725564,0.07924397275179315
2009-04-30,104.61507,76.05835,1918.2112,904.5612,SW_ALLN,SW,Switzerland,ALLN,0.048342574655088955,0.04721041669671728
2009-05-29,112.99215,82.14875,1918.2112,976.9942,SW_ALLN,SW,Switzerland,ALLN,0.08007527022636407,0.07703073336160957
2009-06-30,110.82959,80.5765,1997.0809,958.2955,SW_ALLN,SW,Switzerland,ALLN,-0.019139028684736048,-0.019324550851367493
2009-07-31,112.00843,81.43356,1997.0809,968.4884,SW_ALLN,SW,Switzerland,ALLN,0.01063650961805429,0.010580339898414687
2009-08-31,111.52733,81.08378,1997.0809,964.3285,SW_ALLN,SW,Switzerland,ALLN,-0.004295212422850692,-0.004304463347022401
2009-09-30,109.76156,79.80001,1997.0809,949.0607,SW_ALLN,SW,Switzerland,ALLN,-0.015832621474933584,-0.01595929626816988
2009-10-30,107.73977,78.33011,1997.0809,935.2423,SW_ALLN,SW,Switzerland,ALLN,-0.018419836598532413,-0.018591594223341244
2009-11-30,106.71196,77.58286,1997.0809,926.3204,SW_ALLN,SW,Switzerland,ALLN,-0.009539745629677743,-0.009585540483240902
2009-12-30,108.56873,78.93279,2070.6631,942.4382,SW_ALLN,SW,Switzerland,ALLN,0.017399830347038847,0.01725018665502838
2010-01-29,109.4501,79.57357,2070.6631,950.089,SW_ALLN,SW,Switzerland,ALLN,0.008118083356045469,0.008085308974651234
2010-02-26,112.08378,81.48833,2070.6631,972.9508,SW_ALLN,SW,Switzerland,ALLN,0.024062837768078715,0.02377788974245034
2010-03-31,124.38417,87.08199,2070.6631,1039.7376,SW_ALLN,SW,Switzerland,ALLN,0.10974281916616291,0.1041282940340399
2010-04-30,118.83549,83.19733,2070.6631,993.3558,SW_ALLN,SW,Switzerland,ALLN,-0.04460921353577396,-0.045634821714992634
2010-05-31,115.94802,81.1758,2070.6631,1132.488,SW_ALLN,SW,Switzerland,ALLN,-0.024298044296362953,-0.024598112459421558
2010-06-30,125.49913,87.86257,2425.0212,1225.7756,SW_ALLN,SW,Switzerland,ALLN,0.08237406727600871,0.079156839047158
2010-07-30,125.90642,88.14772,2425.0212,1229.7537,SW_ALLN,SW,Switzerland,ALLN,0.0032453611431411122,0.0032401063247858275
2010-08-31,137.94756,96.57779,2425.0212,1347.362,SW_ALLN,SW,Switzerland,ALLN,0.09563563160639466,0.09133468033722916
2010-09-30,139.28312,97.51282,2425.0212,1360.4067,SW_ALLN,SW,Switzerland,ALLN,0.00968165004150845,0.009635083189139937
2010-10-29,138.70608,97.10883,2425.0212,1354.7706,SW_ALLN,SW,Switzerland,ALLN,-0.00414292844674935,-0.004151534151577145
2010-11-30,141.41097,99.00254,2425.0212,1381.1899,SW_ALLN,SW,Switzerland,ALLN,0.019500875520380934,0.019313169806286494
2010-12-30,153.33684,107.3519,2590.4337,1497.6723,SW_ALLN,SW,Switzerland,ALLN,0.08433482918616564,0.08096673833598562
2011-01-31,149.2582,104.49642,2590.4337,1457.8353,SW_ALLN,SW,Switzerland,ALLN,-0.026599217774410988,-0.026959377981720135
2011-02-28,156.8139,109.7862,2590.4337,1531.6333,SW_ALLN,SW,Switzerland,ALLN,0.05062167438706888,0.04938205980946922
2011-03-31,158.96448,107.17271,2590.4337,1495.1723,SW_ALLN,SW,Switzerland,ALLN,0.013714217936037665,0.013621029090669654
2011-04-29,160.64967,108.30885,2590.4337,1511.0227,SW_ALLN,SW,Switzerland,ALLN,0.010601047479285697,0.010545250367599558
2011-05-31,165.89898,111.8479,2590.4337,1560.3962,SW_ALLN,SW,Switzerland,ALLN,0.03267551063130103,0.03215301749063805
2011-06-30,164.6849,111.02938,2827.2745,1548.977,SW_ALLN,SW,Switzerland,ALLN,-0.007318188454202623,-0.007345097760623231
2011-07-29,178.60737,120.41581,2827.2745,1679.9275,SW_ALLN,SW,Switzerland,ALLN,0.08454005194161707,0.08115598185376492
2011-08-31,175.35542,118.22336,2827.2745,1649.3406,SW_ALLN,SW,Switzerland,ALLN,-0.018207255389293242,-0.018375047270694226
2011-09-30,167.72436,113.07855,2827.2745,1577.5651,SW_ALLN,SW,Switzerland,ALLN,-0.04351767399034501,-0.04449296804603755
2011-10-31,168.91444,113.8809,2827.2745,1588.7587,SW_ALLN,SW,Switzerland,ALLN,0.007095451131845287,0.007070396862878467
2011-11-30,165.34498,111.47439,2827.2745,1555.1854,SW_ALLN,SW,Switzerland,ALLN,-0.021131763512935997,-0.02135823541051406
2011-12-30,162.99878,109.89261,3041.7855,1533.1178,SW_ALLN,SW,Switzerland,ALLN,-0.01418972623178505,-0.014291363007999072
2012-01-31,168.42486,113.55083,3041.7855,1584.1539,SW_ALLN,SW,Switzerland,ALLN,0.033289083513385664,0.03274699949968448
2012-02-29,175.00164,117.98485,3041.7855,1646.0612,SW_ALLN,SW,Switzerland,ALLN,0.039048748504229236,0.03830562969231399
2012-03-30,178.00844,120.01201,3041.7855,1674.3431,SW_ALLN,SW,Switzerland,ALLN,0.017181553270015026,0.017035619590158056
2012-04-30,178.73437,116.08313,3041.7855,1619.5295,SW_ALLN,SW,Switzerland,ALLN,0.004078065062532943,0.004069772293195827
2012-05-31,175.6315,114.06791,3041.7855,1818.4249,SW_ALLN,SW,Switzerland,ALLN,-0.017360231275048155,-0.017512687112239435
2012-06-29,177.16295,115.06254,3152.8968,1834.281,SW_ALLN,SW,Switzerland,ALLN,0.008719677278848037,0.00868188045143213
2012-07-31,182.01873,118.21623,3152.8968,1884.5559,SW_ALLN,SW,Switzerland,ALLN,0.02740855240895468,0.027039663338901142
2012-08-31,177.57389,115.32944,3152.8968,1838.5357,SW_ALLN,SW,Switzerland,ALLN,-0.024419684721456947,-0.024722789885194853
2012-09-28,175.77779,114.16291,3152.8968,1819.9395,SW_ALLN,SW,Switzerland,ALLN,-0.010114662690556608,-0.010166163460811894
2012-10-31,179.46649,116.55862,3152.8968,1858.1309,SW_ALLN,SW,Switzerland,ALLN,0.02098501750420212,0.02076786474009164
2012-11-30,180.14202,116.99736,3152.8968,1865.1251,SW_ALLN,SW,Switzerland,ALLN,0.0037641010307829514,0.0037570345296296694
2012-12-28,179.96914,116.88508,3254.2265,1863.3352,SW_ALLN,SW,Switzerland,ALLN,-0.0009596872512032117,-0.0009601480458493603
2013-01-31,172.1542,111.80949,3254.2265,1782.4222,SW_ALLN,SW,Switzerland,ALLN,-0.043423778098845234,-0.04439480493265274
2013-02-28,173.79689,112.87638,3254.2265,1799.43,SW_ALLN,SW,Switzerland,ALLN,0.009541968769858578,0.009496731725169938
2013-03-28,174.65764,113.43541,3254.2265,1808.3419,SW_ALLN,SW,Switzerland,ALLN,0.004952620268406482,0.004940396388189395
2013-04-30,178.10377,111.11309,3254.2265,1771.3204,SW_ALLN,SW,Switzerland,ALLN,0.019730771582623152,0.01953864302659746
2013-05-31,175.06505,109.21733,3254.2265,1741.099,SW_ALLN,SW,Switzerland,ALLN,-0.01706151419478652,-0.017208738814202557
2013-06-28,173.00497,107.93211,3383.6067,1720.6152,SW_ALLN,SW,Switzerland,ALLN,-0.011767511562130961,-0.011837296731760795
2013-07-31,167.24244,104.33706,3383.6067,1663.3235,SW_ALLN,SW,Switzerland,ALLN,-0.033308465068951465,-0.033875826215843965
2013-08-30,166.23262,103.70706,3383.6067,1653.2803,SW_ALLN,SW,Switzerland,ALLN,-0.006038060674072865,-0.0060563634752320294
2013-09-30,164.64659,102.71759,3383.6067,1637.5063,SW_ALLN,SW,Switzerland,ALLN,-0.009541027507116162,-0.009586834708084637
2013-10-31,162.46611,101.35727,3383.6067,1615.8202,SW_ALLN,SW,Switzerland,ALLN,-0.013243396052113887,-0.013331871836406464
2013-11-29,163.71226,102.1347,3383.6067,1628.2139,SW_ALLN,SW,Switzerland,ALLN,0.007670215037462347,0.007640948496609382
2013-12-30,161.63202,100.83691,3261.6452,1607.5247,SW_ALLN,SW,Switzerland,ALLN,-0.012706684276424851,-0.012788104646361886
2014-01-31,165.39707,103.18579,3261.6452,1644.9703,SW_ALLN,SW,Switzerland,ALLN,0.02329396118417626,0.02302679777797981
2014-02-28,162.21868,101.2029,3261.6452,1613.3593,SW_ALLN,SW,Switzerland,ALLN,-0.019216724939565166,-0.019403766290164104
2014-03-31,167.83037,104.70385,3261.6452,1669.1709,SW_ALLN,SW,Switzerland,ALLN,0.03459336495648957,0.03400846541814342
2014-04-30,170.34182,101.65776,3261.6452,1620.6107,SW_ALLN,SW,Switzerland,ALLN,0.014964216547934894,0.01485335723971503
2014-05-30,168.12516,100.33489,3261.6452,1599.5216,SW_ALLN,SW,Switzerland,ALLN,-0.01301301113255704,-0.0130984221406691
2014-06-30,173.85022,103.75153,3384.7702,1653.9892,SW_ALLN,SW,Switzerland,ALLN,0.034052369080273426,0.03348542188328547
2014-07-31,171.48084,102.33752,3384.7702,1631.4472,SW_ALLN,SW,Switzerland,ALLN,-0.013628858220599338,-0.013722583663579068
2014-08-29,174.90107,104.37866,3384.7702,1663.9868,SW_ALLN,SW,Switzerland,ALLN,0.01994526035678401,0.019748959539212987
2014-09-30,171.77633,102.51386,3384.7702,1634.2584,SW_ALLN,SW,Switzerland,ALLN,-0.01786575691046377,-0.01802727621361309
2014-10-31,176.89393,105.56797,3384.7702,1682.9466,SW_ALLN,SW,Switzerland,ALLN,0.02979223039635337,0.029357063831926936
2014-11-28,185.35013,110.61452,3384.7702,1763.3978,SW_ALLN,SW,Switzerland,ALLN,0.0478037884058542,0.04669634356652473
2014-12-30,191.05199,114.01732,3416.5278,1817.6446,SW_ALLN,SW,Switzerland,ALLN,0.030762643651774058,0.03029895898782483
2015-01-30,233.25589,139.20405,3416.5278,2219.1672,SW_ALLN,SW,Switzerland,ALLN,0.22090269774211735,0.19959050132420422
2015-02-27,229.64484,137.04902,3416.5278,2184.8121,SW_ALLN,SW,Switzerland,ALLN,-0.015481066737478733,-0.015602149739455026
2015-03-31,227.99575,136.06487,3416.5278,2169.1229,SW_ALLN,SW,Switzerland,ALLN,-0.007181045304566869,-0.007206953115014775
2015-04-30,222.13177,127.45967,3416.5278,2031.9403,SW_ALLN,SW,Switzerland,ALLN,-0.02571968995036089,-0.026056224085198396
2015-05-29,221.35035,127.01129,3416.5278,2024.7923,SW_ALLN,SW,Switzerland,ALLN,-0.003517821876627525,-0.0035240239614972306
2015-06-30,215.54174,123.6783,3892.8944,1971.6583,SW_ALLN,SW,Switzerland,ALLN,-0.026241702351046614,-0.02659216049951529
2015-07-31,226.48177,129.95571,3892.8944,2071.7317,SW_ALLN,SW,Switzerland,ALLN,0.050755969586215643,0.04950987614911169
2015-08-31,210.40015,120.72805,3892.8944,1924.6258,SW_ALLN,SW,Switzerland,ALLN,-0.07100624478517636,-0.0736532622416735
2015-09-30,203.83019,116.95819,3892.8944,1864.6434,SW_ALLN,SW,Switzerland,ALLN,-0.03122602336547764,-0.03172394854651268
2015-10-30,209.9584,120.47457,3892.8944,1920.7044,SW_ALLN,SW,Switzerland,ALLN,0.030065271488978196,0.02962217061137558
2015-11-30,206.23252,118.33665,3892.8944,1886.62,SW_ALLN,SW,Switzerland,ALLN,-0.01774580107297452,-0.017905145747893987
2015-12-30,215.54829,123.68206,3828.9596,1971.8409,SW_ALLN,SW,Switzerland,ALLN,0.04517119802444358,0.04418069785949502
2016-01-29,212.26887,121.80032,3828.9596,1941.8407,SW_ALLN,SW,Switzerland,ALLN,-0.015214316940301509,-0.015331242134204183
2016-02-29,214.02563,122.80835,3828.9596,1957.9115,SW_ALLN,SW,Switzerland,ALLN,0.008276107561132395,0.00824204837225738
2016-03-31,222.29176,127.55148,3828.9596,2033.5303,SW_ALLN,SW,Switzerland,ALLN,0.03862215006679337,0.0378949790510366
2016-04-29,221.28926,121.80368,3828.9596,1941.8942,SW_ALLN,SW,Switzerland,ALLN,-0.004509838781248554,-0.004520038782625871
2016-05-31,223.68551,123.12264,3828.9596,1962.9222,SW_ALLN,SW,Switzerland,ALLN,0.010828586981582289,0.010770377672927005
2016-06-30,226.64205,124.75,3636.5088,1988.8669,SW_ALLN,SW,Switzerland,ALLN,0.013217396155879912,0.013130808516227768
2016-07-29,240.39409,132.3195,3636.5088,2109.546,SW_ALLN,SW,Switzerland,ALLN,0.06067735444503786,0.058907717669098254
2016-08-31,240.43862,132.34401,3636.5088,2109.9368,SW_ALLN,SW,Switzerland,ALLN,0.00018523749897503272,0.00018522034462790566
2016-09-30,245.54058,135.15227,3636.5088,2154.7084,SW_ALLN,SW,Switzerland,ALLN,0.0212193864696113,0.020997390213626076
2016-10-31,243.67387,134.12479,3636.5088,2138.3274,SW_ALLN,SW,Switzerland,ALLN,-0.007602450071593103,-0.007631496002275794
2016-11-30,249.39341,137.27298,3636.5088,2188.5184,SW_ALLN,SW,Switzerland,ALLN,0.023472110489319187,0.023200876592416233
2016-12-30,256.21441,141.02744,3721.8009,2248.3752,SW_ALLN,SW,Switzerland,ALLN,0.027350361823915037,0.026983023521302957
2017-01-31,255.44162,140.60207,3721.8009,2241.5936,SW_ALLN,SW,Switzerland,ALLN,-0.003016184764939589,-0.003020742617398442
2017-02-28,267.88299,147.45014,3721.8009,2350.7712,SW_ALLN,SW,Switzerland,ALLN,0.048705336272139244,0.04755639030922131
2017-03-31,277.88472,152.95537,3721.8009,2438.5401,SW_ALLN,SW,Switzerland,ALLN,0.03733618920708626,0.03665607073590986
2017-04-28,296.93069,158.0455,3721.8009,2519.691,SW_ALLN,SW,Switzerland,ALLN,0.06853910499289051,0.06629239313534804
2017-05-31,308.62202,164.26837,3721.8009,2618.9012,SW_ALLN,SW,Switzerland,ALLN,0.03937393605221473,0.03861854732264514
2017-06-30,297.82011,158.5189,3652.9699,2527.2384,SW_ALLN,SW,Switzerland,ALLN,-0.035000451361182905,-0.03562764537505627
2017-07-31,289.47119,154.07507,3652.9699,2456.3912,SW_ALLN,SW,Switzerland,ALLN,-0.028033432665107827,-0.028433870859240918
2017-08-31,283.11856,150.6938,3652.9699,2402.4842,SW_ALLN,SW,Switzerland,ALLN,-0.02194563818250783,-0.022190025811628485
2017-09-29,278.67896,148.33076,3652.9699,2364.8107,SW_ALLN,SW,Switzerland,ALLN,-0.015681063085373093,-0.015805311565638577
2017-10-31,269.98544,143.70351,3652.9699,2291.0393,SW_ALLN,SW,Switzerland,ALLN,-0.031195465922508214,-0.0316924066577035
2017-11-30,266.16794,141.6716,3652.9699,2258.6449,SW_ALLN,SW,Switzerland,ALLN,-0.014139651382681917,-0.01424056867293583
2017-12-29,264.52875,140.79911,3724.6833,2244.7351,SW_ALLN,SW,Switzerland,ALLN,-0.006158480243713793,-0.006177521901874303
2018-01-31,262.65432,139.80142,3724.6833,2228.829,SW_ALLN,SW,Switzerland,ALLN,-0.007085921662579264,-0.007111146034729585
2018-02-28,255.35941,135.91861,3724.6833,2166.926,SW_ALLN,SW,Switzerland,ALLN,-0.027773805509842653,-0.028166791213738322
2018-03-29,251.2217,133.71625,3724.6833,2131.8142,SW_ALLN,SW,Switzerland,ALLN,-0.01620347572074987,-0.016336187581753144
2018-04-30,255.9374,136.22625,3724.6833,2171.8307,SW_ALLN,SW,Switzerland,ALLN,0.01877106953738461,0.018597067113558838
2018-05-31,257.83196,137.23465,3724.6833,2187.9075,SW_ALLN,SW,Switzerland,ALLN,0.007402435126714568,0.007375171565636463
2018-06-29,261.94043,139.42144,3764.638,2222.7711,SW_ALLN,SW,Switzerland,ALLN,0.01593468086733707,0.015809056604663883
2018-07-31,260.31153,133.12305,3764.638,2122.357,SW_ALLN,SW,Switzerland,ALLN,-0.006218589470896041,-0.00623800543351875
2018-08-31,278.66755,142.5103,3764.638,2272.0163,SW_ALLN,SW,Switzerland,ALLN,0.0705155856907298,0.06814038820432422
2018-09-28,271.61615,138.90422,3764.638,2214.5252,SW_ALLN,SW,Switzerland,ALLN,-0.025303986775640053,-0.02562963790653563
2018-10-31,264.94968,135.495,3764.638,2160.1725,SW_ALLN,SW,Switzerland,ALLN,-0.024543717301051537,-0.0248499351985019
2018-11-30,274.93558,140.60178,3764.638,2241.5889,SW_ALLN,SW,Switzerland,ALLN,0.03768979830434227,0.036996894516245306
2018-12-28,265.76116,135.90999,4091.947,2166.7886,SW_ALLN,SW,Switzerland,ALLN,-0.03336934419328341,-0.03393880498331866
2019-01-31,277.01335,141.66435,4091.947,2258.5293,SW_ALLN,SW,Switzerland,ALLN,0.042339482563968245,0.04146768927593129
2019-02-28,276.42906,141.36554,4091.947,2253.7655,SW_ALLN,SW,Switzerland,ALLN,-0.002109248525386964,-0.00211147612298038
2019-03-29,296.6537,151.7084,4091.947,2418.6599,SW_ALLN,SW,Switzerland,ALLN,0.07316394303840568,0.07061124138882338
2019-04-30,289.23993,142.29758,4091.947,2268.6249,SW_ALLN,SW,Switzerland,ALLN,-0.024991328272662705,-0.02530891394452166
2019-05-31,297.35663,146.29076,4091.947,2332.2874,SW_ALLN,SW,Switzerland,ALLN,0.028062169701119632,0.027675641567308694
2019-06-28,307.73706,151.39763,4226.427,2413.7053,SW_ALLN,SW,Switzerland,ALLN,0.034909024897141094,0.03431352420391444
2019-07-31,320.33324,157.59458,4226.427,2512.5022,SW_ALLN,SW,Switzerland,ALLN,0.04093163169882752,0.04011611187458454
2019-08-30,353.79792,174.05822,4226.427,2774.9791,SW_ALLN,SW,Switzerland,ALLN,0.10446833428838032,0.099364073741727
2019-09-30,358.32433,176.28508,4226.427,2810.4815,SW_ALLN,SW,Switzerland,ALLN,0.012793772218898214,0.012712623315901265
2019-10-31,355.30227,174.79832,4226.427,2786.7783,SW_ALLN,SW,Switzerland,ALLN,-0.008433867719783272,-0.008469634022963218
2019-11-29,353.27186,173.79942,4226.427,2770.853,SW_ALLN,SW,Switzerland,ALLN,-0.005714599008894594,-0.005730989804187278
2019-12-30,360.33067,177.27214,4369.9795,2826.218,SW_ALLN,SW,Switzerland,ALLN,0.019981240509787446,0.019784235469979983
2020-01-31,380.54096,187.21502,4369.9795,2984.7355,SW_ALLN,SW,Switzerland,ALLN,0.05608817589687831,0.05457168170049382
2020-02-28,393.04385,193.36607,4369.9795,3082.8007,SW_ALLN,SW,Switzerland,ALLN,0.03285556960806546,0.03232736391315682
2020-03-31,343.34868,168.9175,4369.9795,2693.0215,SW_ALLN,SW,Switzerland,ALLN,-0.12643670674404395,-0.13517469266735926
2020-04-30,357.98888,169.7334,4369.9795,2706.0292,SW_ALLN,SW,Switzerland,ALLN,0.04263945328113672,0.04175543388004318
2020-05-29,367.91917,174.44165,4369.9795,2781.092,SW_ALLN,SW,Switzerland,ALLN,0.027739101840258407,0.027361342838153335
2020-06-30,371.58402,176.17926,4530.0421,2808.7944,SW_ALLN,SW,Switzerland,ALLN,0.009961019427174644,0.009911735481816562
2020-07-31,356.10623,168.84077,4530.0421,2691.7983,SW_ALLN,SW,Switzerland,ALLN,-0.0416535404294297,-0.04254591756939441
2020-08-31,366.15649,173.60591,4530.0421,2767.7679,SW_ALLN,SW,Switzerland,ALLN,0.0282226458099315,0.02783172510975102
2020-09-30,387.82121,183.87781,4530.0421,2931.531,SW_ALLN,SW,Switzerland,ALLN,0.05916792571394813,0.05748362412763442
2020-10-30,383.5353,181.84573,4530.0421,2899.1339,SW_ALLN,SW,Switzerland,ALLN,-0.011051252199434924,-0.01111277094636407
2020-11-30,373.59863,177.13445,4530.0421,2824.0228,SW_ALLN,SW,Switzerland,ALLN,-0.025908097637948768,-0.02624962418295685
2020-12-30,395.53908,187.53709,4596.9164,2989.8702,SW_ALLN,SW,Switzerland,ALLN,0.05872732991552998,0.0570675546325986
2021-01-29,379.12737,179.75579,4596.9164,2865.8145,SW_ALLN,SW,Switzerland,ALLN,-0.041492006301880546,-0.04237737673140217
2021-02-26,353.45267,167.58264,4596.9164,2671.74,SW_ALLN,SW,Switzerland,ALLN,-0.06772051302969762,-0.07012263052768279
2021-03-31,362.77246,172.00144,4596.9164,2742.1881,SW_ALLN,SW,Switzerland,ALLN,0.02636785853110135,0.026026219069717978
2021-04-30,367.5165,168.31447,4596.9164,2683.4074,SW_ALLN,SW,Switzerland,ALLN,0.013077177909260218,0.012992409836550901
2021-05-31,367.94075,168.50876,4596.9164,2686.505,SW_ALLN,SW,Switzerland,ALLN,0.0011543699398530727,0.0011537041671900957
2021-06-30,362.78193,166.14614,4548.3189,2648.8381,SW_ALLN,SW,Switzerland,ALLN,-0.01402079003209078,-0.01412000982704232
2021-07-30,380.71934,174.36107,4548.3189,2779.8074,SW_ALLN,SW,Switzerland,ALLN,0.04944405582714673,0.04826055330954285
2021-08-31,389.29139,178.28689,4548.3189,2842.396,SW_ALLN,SW,Switzerland,ALLN,0.02251540465477797,0.022265674498378057
2021-09-30,373.73421,171.16204,4548.3189,2728.8058,SW_ALLN,SW,Switzerland,ALLN,-0.03996281551461989,-0.040783261431453284
2021-10-29,399.59309,183.00484,4548.3189,3036.5665,SW_ALLN,SW,Switzerland,ALLN,0.06919056192367301,0.0669018780117858
2021-11-30,399.38515,182.90961,4548.3189,3034.9864,SW_ALLN,SW,Switzerland,ALLN,-0.0005203793689225744,-0.0005205148132567042
2021-12-30,426.30064,195.23631,5609.8544,3239.5212,SW_ALLN,SW,Switzerland,ALLN,0.06739231541282886,0.06521858554087277
2022-01-31,419.59729,192.16632,5609.8544,3188.5814,SW_ALLN,SW,Switzerland,ALLN,-0.015724466188931863,-0.01584940709085846
2022-02-28,422.06139,193.29483,5609.8544,3207.3064,SW_ALLN,SW,Switzerland,ALLN,0.005872535544736213,0.005855359420003948
2022-03-31,423.4633,193.93687,5609.8544,3217.9598,SW_ALLN,SW,Switzerland,ALLN,0.0033215784082973876,0.0033160741519144537
2022-04-29,406.49302,179.80179,5609.8544,2983.4189,SW_ALLN,SW,Switzerland,ALLN,-0.04007497225851686,-0.04090009367253626
2022-05-31,385.53269,170.53052,5609.8544,2829.5824,SW_ALLN,SW,Switzerland,ALLN,-0.05156381283004563,-0.0529407694981908
2022-06-30,356.83605,157.8373,5734.7551,2618.966,SW_ALLN,SW,Switzerland,ALLN,-0.07443373997675784,-0.07734955577306533
2022-07-29,365.55956,161.69592,5734.7551,2682.9914,SW_ALLN,SW,Switzerland,ALLN,0.024446829293172545,0.024152788173017338
2022-08-31,353.71369,156.4562,5734.7551,2596.0498,SW_ALLN,SW,Switzerland,ALLN,-0.032404760526574594,-0.0329414201907516
2022-09-30,323.92813,143.28132,5734.7551,2377.4413,SW_ALLN,SW,Switzerland,ALLN,-0.08420810627940345,-0.0879661303809812
2022-10-31,327.57415,144.89405,5734.7551,2404.201,SW_ALLN,SW,Switzerland,ALLN,0.011255644886413396,0.011192771462908847
2022-11-30,330.81192,146.32619,5734.7551,2427.9643,SW_ALLN,SW,Switzerland,ALLN,0.009884082733634614,0.00983555469597815
2022-12-30,344.34445,152.31196,5761.4226,2527.2851,SW_ALLN,SW,Switzerland,ALLN,0.040907020520905,0.04009246818068211
2023-01-31,355.15264,157.09268,5761.4226,2606.6108,SW_ALLN,SW,Switzerland,ALLN,0.03138772818902713,0.030905204356672534
2023-02-28,350.6818,155.11512,5761.4226,2573.7974,SW_ALLN,SW,Switzerland,ALLN,-0.012588502791363254,-0.01266840930310984
2023-03-31,350.99645,155.2543,5761.4226,2576.1068,SW_ALLN,SW,Switzerland,ALLN,0.0008972521528063382,0.0008968498627125981
2023-04-28,379.62378,160.72399,5761.4226,2666.8644,SW_ALLN,SW,Switzerland,ALLN,0.08156016962564738,0.07840460020841562
2023-05-31,365.72022,154.83754,5761.4226,2569.1916,SW_ALLN,SW,Switzerland,ALLN,-0.036624576047369906,-0.03731209481387533
2023-06-30,365.59814,154.78585,5826.9912,2568.3339,SW_ALLN,SW,Switzerland,ALLN,-0.00033380708345842613,-0.00033386280944440726
2023-07-31,394.87,167.17889,5826.9912,2773.9693,SW_ALLN,SW,Switzerland,ALLN,0.08006566991834263,0.07702184476749695
2023-08-31,381.08273,161.34168,5826.9912,2677.1135,SW_ALLN,SW,Switzerland,ALLN,-0.03491597234532884,-0.03554010614416944
2023-09-29,356.48256,150.92653,5826.9912,2504.2969,SW_ALLN,SW,Switzerland,ALLN,-0.06455335826947617,-0.06673117206140407
2023-10-31,358.0135,151.57469,5826.9912,2515.0517,SW_ALLN,SW,Switzerland,ALLN,0.004294571942032865,0.004285376585297251
2023-11-30,355.9925,150.71905,5826.9912,2500.8542,SW_ALLN,SW,Switzerland,ALLN,-0.005645038525083579,-0.005661031972542821
2023-12-29,382.59818,161.98328,6165.9195,2687.7596,SW_ALLN,SW,Switzerland,ALLN,0.07473663068744418,0.07207563685416545
2024-01-31,389.95704,165.09885,6165.9195,2739.4557,SW_ALLN,SW,Switzerland,ALLN,0.019233912717514734,0.019051279141613253
2024-02-29,376.08794,159.22699,6165.9195,2642.025,SW_ALLN,SW,Switzerland,ALLN,-0.035565712571825836,-0.03621358018789989
2024-03-28,375.76075,159.08847,6165.9195,2639.7265,SW_ALLN,SW,Switzerland,ALLN,-0.0008699826960684165,-0.0008703613506453614
2024-04-30,374.74997,151.63082,6165.9195,2515.9831,SW_ALLN,SW,Switzerland,ALLN,-0.002689956308635111,-0.002693580742277477
2024-05-31,385.92587,156.1528,6165.9195,2591.0155,SW_ALLN,SW,Switzerland,ALLN,0.029822283908388147,0.029386247460055578
2024-06-28,394.78411,159.73701,5965.7307,2650.4876,SW_ALLN,SW,Switzerland,ALLN,0.02295321637805725,0.02269375413300383
2024-07-31,406.65957,164.54204,5965.7307,2730.2166,SW_ALLN,SW,Switzerland,ALLN,0.030080896619673947,0.02963733956485852
2024-08-30,423.24343,171.25218,5965.7307,2841.5568,SW_ALLN,SW,Switzerland,ALLN,0.04078069526311645,0.039971100064815565
2024-09-30,416.87706,168.67623,5965.7307,2798.8145,SW_ALLN,SW,Switzerland,ALLN,-0.015041863733123995,-0.015156139965154502
2024-10-31,403.89533,163.42358,5965.7307,2711.6582,SW_ALLN,SW,Switzerland,ALLN,-0.03114042782781079,-0.03163559795227855
2024-11-29,429.452,173.76428,5965.7307,2883.2396,SW_ALLN,SW,Switzerland,ALLN,0.06327547783233833,0.06135421708632533
2024-12-30,435.04599,176.02772,6250.5784,2920.7964,SW_ALLN,SW,Switzerland,ALLN,0.01302587949293521,0.012941772317251422
2025-01-31,445.63529,180.31234,6250.5784,2991.8904,SW_ALLN,SW,Switzerland,ALLN,0.02434064499709554,0.024049132427846537
2025-02-28,453.85887,183.63976,6250.5784,3047.1017,SW_ALLN,SW,Switzerland,ALLN,0.01845361035029347,0.018285408617768145
2025-03-31,475.05605,192.21653,6250.5784,3189.4145,SW_ALLN,SW,Switzerland,ALLN,0.04670434225511566,0.04564650638936193
2025-04-30,499.93802,194.68756,6250.5784,3230.4159,SW_ALLN,SW,Switzerland,ALLN,0.05237691426095914,0.05105133366532696
2025-05-30,517.87417,201.67232,6250.5784,3346.3126,SW_ALLN,SW,Switzerland,ALLN,0.03587674728159307,0.035248166954410576
2025-06-30,511.81105,199.3112,6435.2255,3307.135,SW_ALLN,SW,Switzerland,ALLN,-0.0117077088436367,-0.011776783735283425
2025-07-31,509.14994,198.2749,6435.2255,3289.9399,SW_ALLN,SW,Switzerland,ALLN,-0.005199399270492511,-0.005212963183440217
2025-08-29,497.46926,193.72617,6435.2255,3214.4636,SW_ALLN,SW,Switzerland,ALLN,-0.02294153270449173,-0.023208785029294538
2025-09-30,512.29974,199.50151,6435.2255,3310.2928,SW_ALLN,SW,Switzerland,ALLN,0.029811852093132307,0.029376117684991564
2025-10-31,532.62069,207.41496,6435.2255,3441.5993,SW_ALLN,SW,Switzerland,ALLN,0.0396661337364721,0.03889963636025178
2025-11-28,556.65923,216.77613,6435.2255,3596.9275,SW_ALLN,SW,Switzerland,ALLN,0.0451325689206703,0.04414373758186597
2025-12-30,563.19952,219.32307,6449.3883,3639.1884,SW_ALLN,SW,Switzerland,ALLN,0.011749180912710377,0.011680695198724307
2026-01-30,633.28831,246.61728,6449.3883,4092.0764,SW_ALLN,SW,Switzerland,ALLN,0.12444753148937338,0.1172918319150193
2026-02-27,667.06684,259.77143,6449.3883,4310.3409,SW_ALLN,SW,Switzerland,ALLN,0.05333831284521895,0.05196446630423854
2026-03-31,624.92847,243.36176,6449.3883,4038.0582,SW_ALLN,SW,Switzerland,ALLN,-0.06316963679381815,-0.06525305560327067
2026-04-30,616.77885,232.68246,6449.3883,3860.8584,SW_ALLN,SW,Switzerland,ALLN,-0.013040884503149441,-0.013126663408789468
2020-06-30,19.72156,19.72156,,174.8624,SW_CHAM,SW,Switzerland,CHAM,,
2020-07-31,17.64563,17.64563,,156.456,SW_CHAM,SW,Switzerland,CHAM,-0.10526195696486484,-0.11122429289538587
2020-08-31,17.89847,17.89847,,158.6979,SW_CHAM,SW,Switzerland,CHAM,0.01432876015194684,0.014227073677849126
2020-09-30,17.2397,17.2397,,152.8569,SW_CHAM,SW,Switzerland,CHAM,-0.03680593927860876,-0.03750037064116041
2020-10-30,15.95598,15.95598,,141.4746,SW_CHAM,SW,Switzerland,CHAM,-0.07446301269743671,-0.07738118309663423
2020-11-30,16.67908,16.67908,,147.8861,SW_CHAM,SW,Switzerland,CHAM,0.045318432336967085,0.044321558938764286
2020-12-30,17.97038,17.97038,354.0516,159.3355,SW_CHAM,SW,Switzerland,CHAM,0.07742033733275444,0.074569607392763
2021-01-29,16.93888,16.93888,354.0516,150.1896,SW_CHAM,SW,Switzerland,CHAM,-0.057400010461659545,-0.05911327559123308
2021-02-26,17.64985,17.64985,354.0516,156.4935,SW_CHAM,SW,Switzerland,CHAM,0.04197266879510342,0.041115713423933685
2021-03-31,17.10981,17.10981,354.0516,151.7051,SW_CHAM,SW,Switzerland,CHAM,-0.030597427173602143,-0.03107530153436085
2021-04-30,17.30506,17.30506,354.0516,153.4363,SW_CHAM,SW,Switzerland,CHAM,0.011411582010554255,0.011346961062044272
2021-05-31,16.61431,16.61431,354.0516,147.3118,SW_CHAM,SW,Switzerland,CHAM,-0.03991607079085546,-0.04073457208218227
2021-06-30,16.99761,16.99761,354.0516,150.7103,SW_CHAM,SW,Switzerland,CHAM,0.02307047358572234,0.022808373732345358
2021-07-30,17.21281,17.21281,354.0516,152.6184,SW_CHAM,SW,Switzerland,CHAM,0.01266060346131015,0.01258112812215223
2021-08-31,17.18138,17.18138,354.0516,152.3398,SW_CHAM,SW,Switzerland,CHAM,-0.0018259656616206321,-0.001827634769050714
2021-09-30,17.20872,17.20872,354.0516,152.5822,SW_CHAM,SW,Switzerland,CHAM,0.001591257512493005,0.0015899928037312592
2021-10-29,17.48755,17.48755,354.0516,155.0544,SW_CHAM,SW,Switzerland,CHAM,0.016202832052587324,0.016072967078341743
2021-11-30,17.96434,17.96434,354.0516,159.2819,SW_CHAM,SW,Switzerland,CHAM,0.027264539629622275,0.02689948261611244
2021-12-30,18.07386,18.07386,434.7951,160.2529,SW_CHAM,SW,Switzerland,CHAM,0.006096522332576626,0.006078013727622447
2022-01-31,17.98025,17.98025,434.7951,175.3653,SW_CHAM,SW,Switzerland,CHAM,-0.005179303148303616,-0.00519276223141582
2022-02-28,18.9021,18.9021,434.7951,184.3562,SW_CHAM,SW,Switzerland,CHAM,0.05127014362981597,0.04999909371936213
2022-03-31,18.84573,18.84573,434.7951,183.8065,SW_CHAM,SW,Switzerland,CHAM,-0.0029822083260591103,-0.0029866639699529813
2022-04-29,19.0625,19.0625,434.7951,185.9207,SW_CHAM,SW,Switzerland,CHAM,0.011502340317939508,0.011436691333257868
2022-05-31,18.47252,18.47252,434.7951,180.1665,SW_CHAM,SW,Switzerland,CHAM,-0.030949770491803363,-0.031438831997065105
2022-06-30,19.00449,19.00449,434.7951,185.3549,SW_CHAM,SW,Switzerland,CHAM,0.02879791170885193,0.02839104466717093
2022-07-29,19.87727,19.87727,434.7951,193.8673,SW_CHAM,SW,Switzerland,CHAM,0.045924936686014606,0.04490160081723362
2022-08-31,20.09248,20.09248,434.7951,195.9663,SW_CHAM,SW,Switzerland,CHAM,0.01082693951432967,0.01076874785297892
2022-09-30,20.3501,20.3501,434.7951,198.4789,SW_CHAM,SW,Switzerland,CHAM,0.012821712401853924,0.012740210173495525
2022-10-31,19.80421,19.80421,434.7951,193.1547,SW_CHAM,SW,Switzerland,CHAM,-0.02682492960722549,-0.027191284520088493
2022-11-30,19.7683,19.7683,434.7951,192.8045,SW_CHAM,SW,Switzerland,CHAM,-0.0018132508188916097,-0.0018148967481136581
2022-12-30,19.95044,19.95044,871.2183,194.5809,SW_CHAM,SW,Switzerland,CHAM,0.009213741191705926,0.0091715536172639
2023-01-31,19.96261,19.96261,871.2183,194.6996,SW_CHAM,SW,Switzerland,CHAM,0.0006100116087666141,0.0006098256273152518
2023-02-28,19.06246,19.06246,871.2183,185.9203,SW_CHAM,SW,Switzerland,CHAM,-0.04509179911845196,-0.04614006785304819
2023-03-31,18.12307,18.12307,871.2183,176.7582,SW_CHAM,SW,Switzerland,CHAM,-0.049279578816165515,-0.05053524369234687
2023-04-28,18.54117,18.54117,871.2183,180.836,SW_CHAM,SW,Switzerland,CHAM,0.02307004276869229,0.02280795263024938
2023-05-31,18.60929,18.60929,871.2183,181.5005,SW_CHAM,SW,Switzerland,CHAM,0.00367398605373892,0.003667253452261111
2023-06-30,18.734,18.734,871.2183,182.7168,SW_CHAM,SW,Switzerland,CHAM,0.006701491566846407,0.0066791363920022905
2023-07-31,18.02397,18.02397,871.2183,175.7917,SW_CHAM,SW,Switzerland,CHAM,-0.03790060851926991,-0.0386375161057843
2023-08-31,18.28678,18.28678,871.2183,178.3549,SW_CHAM,SW,Switzerland,CHAM,0.014581138339666566,0.01447585573486314
2023-09-29,17.57364,17.57364,871.2183,171.3995,SW_CHAM,SW,Switzerland,CHAM,-0.038997570922819635,-0.03977834235928428
2023-10-31,18.40104,18.40104,871.2183,179.4693,SW_CHAM,SW,Switzerland,CHAM,0.04708187945126885,0.046007132700043356
2023-11-30,18.57749,18.57749,871.2183,181.1902,SW_CHAM,SW,Switzerland,CHAM,0.009589131918630756,0.009543448007004905
2023-12-29,18.79394,18.79394,921.575,183.3013,SW_CHAM,SW,Switzerland,CHAM,0.011651197228473631,0.01158384468374778
2024-01-31,18.43961,18.43961,921.575,179.8455,SW_CHAM,SW,Switzerland,CHAM,-0.018853417644198123,-0.019033409217360048
2024-02-29,18.33206,18.33206,921.575,178.7965,SW_CHAM,SW,Switzerland,CHAM,-0.005832552857679696,-0.005849628623341755
2024-03-28,17.47096,17.47096,921.575,170.398,SW_CHAM,SW,Switzerland,CHAM,-0.046972353352541796,-0.04811136562546943
2024-04-30,18.87732,18.87732,921.575,184.1146,SW_CHAM,SW,Switzerland,CHAM,0.08049700760576406,0.0774211275077193
2024-05-31,18.98328,18.98328,921.575,185.148,SW_CHAM,SW,Switzerland,CHAM,0.0056130849082389744,0.005597390250055182
2024-06-28,19.11028,19.11028,921.575,186.3867,SW_CHAM,SW,Switzerland,CHAM,0.006690097812390716,0.006667818420360892
2024-07-31,17.75709,17.75709,921.575,173.1887,SW_CHAM,SW,Switzerland,CHAM,-0.07080953287968561,-0.07344153737192038
2024-08-30,19.57168,19.57168,921.575,324.1354,SW_CHAM,SW,Switzerland,CHAM,0.10218960426511314,0.09729875061804814
2024-09-30,21.24386,21.24386,921.575,351.8292,SW_CHAM,SW,Switzerland,CHAM,0.08543875640721699,0.08198428903678912
2024-10-31,21.11952,21.11952,921.575,349.7699,SW_CHAM,SW,Switzerland,CHAM,-0.005852985286101453,-0.005870181135345718
2024-11-29,23.62679,23.62679,921.575,391.294,SW_CHAM,SW,Switzerland,CHAM,0.11871813374546392,0.11218350639831957
2024-12-30,22.64125,22.64125,930.8539,374.972,SW_CHAM,SW,Switzerland,CHAM,-0.04171281837270324,-0.04260777388039539
2025-01-31,22.19554,22.19554,930.8539,367.5904,SW_CHAM,SW,Switzerland,CHAM,-0.019685750565891835,-0.019882096030945644
2025-02-28,22.82167,22.82167,930.8539,377.96,SW_CHAM,SW,Switzerland,CHAM,0.02820972141249989,0.027819155382063605
2025-03-31,22.90284,22.90284,930.8539,379.3043,SW_CHAM,SW,Switzerland,CHAM,0.003556707287415861,0.00355039716180523
2025-04-30,23.8818,23.66664,930.8539,1123.6673,SW_CHAM,SW,Switzerland,CHAM,0.04274404397009257,0.0418557422302161
2025-05-30,24.65426,24.43214,930.8539,1160.0125,SW_CHAM,SW,Switzerland,CHAM,0.03234513311391951,0.03183304246162225
2025-06-30,24.4113,24.19137,930.8539,1148.5809,SW_CHAM,SW,Switzerland,CHAM,-0.00985468637063125,-0.009903565181036736
2025-07-31,24.90095,24.6766,930.8539,1171.6193,SW_CHAM,SW,Switzerland,CHAM,0.020058333640568193,0.019859815504597256
2025-08-29,24.70564,24.48305,930.8539,1162.4298,SW_CHAM,SW,Switzerland,CHAM,-0.007843475851323056,-0.00787439770403679
2025-09-30,26.02842,25.79392,930.8539,1224.6682,SW_CHAM,SW,Switzerland,CHAM,0.053541620455896055,0.05215746032169031
2025-10-31,25.48197,25.25239,930.8539,1198.9572,SW_CHAM,SW,Switzerland,CHAM,-0.020994359242704763,-0.0212178747140935
2025-11-28,25.33999,25.11169,930.8539,1192.2768,SW_CHAM,SW,Switzerland,CHAM,-0.005571782715386608,-0.00558736299694761
2025-12-30,25.27787,25.05013,1906.9453,1189.3542,SW_CHAM,SW,Switzerland,CHAM,-0.0024514611094953453,-0.002454470860144989
2026-01-30,27.74892,27.49892,1906.9453,1305.6199,SW_CHAM,SW,Switzerland,CHAM,0.09775546752950293,0.09326761111638483
2026-02-27,29.43444,29.16925,1906.9453,1384.9255,SW_CHAM,SW,Switzerland,CHAM,0.060741823465561895,0.05896849681281033
2026-03-31,27.61346,27.36468,1906.9453,1299.2463,SW_CHAM,SW,Switzerland,CHAM,-0.06186562407846041,-0.06386208232425804
2026-04-30,29.2535,28.98995,1906.9453,1376.4123,SW_CHAM,SW,Switzerland,CHAM,0.05939277439335733,0.057695889634345694
2022-05-31,65.04271,65.04271,,662.562,SW_EPIC,SW,Switzerland,EPIC,,
2022-06-30,65.11539,65.11539,1552.7589,672.6469,SW_EPIC,SW,Switzerland,EPIC,0.0011174196155112615,0.0011167957669032285
2022-07-29,67.25314,67.25314,1552.7589,694.7301,SW_EPIC,SW,Switzerland,EPIC,0.032830180392070085,0.032302782036657304
2022-08-31,69.25278,69.25278,1552.7589,715.3865,SW_EPIC,SW,Switzerland,EPIC,0.0297330355132861,0.0292995798242642
2022-09-30,64.16511,64.16511,1552.7589,662.8305,SW_EPIC,SW,Switzerland,EPIC,-0.07346520962768577,-0.07630368364081783
2022-10-31,59.61471,59.61471,1552.7589,615.8244,SW_EPIC,SW,Switzerland,EPIC,-0.07091704510441887,-0.07355724932644707
2022-11-30,61.64857,61.64857,1552.7589,636.8344,SW_EPIC,SW,Switzerland,EPIC,0.03411674735983783,0.033547678184352385
2022-12-30,64.30724,64.30724,1583.0732,664.2987,SW_EPIC,SW,Switzerland,EPIC,0.04312622336576499,0.042222188222504224
2023-01-31,64.00072,64.00072,1583.0732,661.1323,SW_EPIC,SW,Switzerland,EPIC,-0.00476649285523667,-0.004777888809215553
2023-02-28,62.77032,62.77032,1583.0732,648.4222,SW_EPIC,SW,Switzerland,EPIC,-0.019224783721183192,-0.019411983003204937
2023-03-31,63.53143,63.53143,1583.0732,656.2845,SW_EPIC,SW,Switzerland,EPIC,0.01212531655087945,0.012052393782772907
2023-04-28,66.44342,66.44342,1583.0732,686.3656,SW_EPIC,SW,Switzerland,EPIC,0.045835423506129125,0.04481601435939301
2023-05-31,68.89494,65.80081,1583.0732,679.7274,SW_EPIC,SW,Switzerland,EPIC,0.03689635482339715,0.03623197711964958
2023-06-30,66.45493,63.47039,1609.3675,655.6539,SW_EPIC,SW,Switzerland,EPIC,-0.03541638907008271,-0.03605876202662883
2023-07-31,68.70323,65.61771,1609.3675,677.836,SW_EPIC,SW,Switzerland,EPIC,0.033831951971057705,0.03327224060635754
2023-08-31,67.17748,64.16048,1609.3675,662.7827,SW_EPIC,SW,Switzerland,EPIC,-0.022207835061029857,-0.022458141818181968
2023-09-29,68.40469,65.33258,1609.3675,674.8905,SW_EPIC,SW,Switzerland,EPIC,0.018268175585032465,0.018103317212791865
2023-10-31,69.66349,66.53484,1609.3675,687.31,SW_EPIC,SW,Switzerland,EPIC,0.018402246980433468,0.018234974641612167
2023-11-30,71.43041,68.22241,1609.3675,704.7427,SW_EPIC,SW,Switzerland,EPIC,0.02536364457192719,0.025047324864657803
2023-12-29,73.97454,70.65228,1699.9995,729.8434,SW_EPIC,SW,Switzerland,EPIC,0.03561690322091127,0.034997290914330396
2024-01-31,76.32878,72.90079,1699.9995,753.0707,SW_EPIC,SW,Switzerland,EPIC,0.03182500357555429,0.031329082501996286
2024-02-29,75.89886,72.49018,1699.9995,748.8291,SW_EPIC,SW,Switzerland,EPIC,-0.005632475718857277,-0.005648397925996409
2024-03-28,77.04365,73.58356,1699.9995,760.1237,SW_EPIC,SW,Switzerland,EPIC,0.015083098744829604,0.014970479827090256
2024-04-30,78.84626,75.30521,1699.9995,777.9086,SW_EPIC,SW,Switzerland,EPIC,0.023397255971128184,0.023127736098498133
2024-05-31,80.25177,73.48367,1699.9995,759.0919,SW_EPIC,SW,Switzerland,EPIC,0.017825956487980354,0.01766893739013087
2024-06-28,81.66679,74.77935,1676.8605,772.4764,SW_EPIC,SW,Switzerland,EPIC,0.017632259076653556,0.017478614237898774
2024-07-31,81.47179,74.6008,1676.8605,770.6319,SW_EPIC,SW,Switzerland,EPIC,-0.002387751496048862,-0.002390606720602293
2024-08-30,84.33554,77.22303,1676.8605,797.7198,SW_EPIC,SW,Switzerland,EPIC,0.03515020352443465,0.03454654036603529
2024-09-30,83.98577,76.90276,1676.8605,794.4114,SW_EPIC,SW,Switzerland,EPIC,-0.004147361835828534,-0.004155985994190113
2024-10-31,88.30816,80.86062,1676.8605,835.2964,SW_EPIC,SW,Switzerland,EPIC,0.05146574235135315,0.05018513584039634
2024-11-29,89.84099,82.26418,1676.8605,849.7952,SW_EPIC,SW,Switzerland,EPIC,0.01735773908096383,0.017208814388657744
2024-12-30,94.03066,86.10051,1745.0469,889.4248,SW_EPIC,SW,Switzerland,EPIC,0.04663428130077363,0.04557956934097443
2025-01-31,89.57193,82.01781,1745.0469,847.2502,SW_EPIC,SW,Switzerland,EPIC,-0.047417831588122406,-0.048578909652767344
2025-02-28,91.77482,84.03492,1745.0469,868.0871,SW_EPIC,SW,Switzerland,EPIC,0.0245935305848608,0.02429597841447031
2025-03-31,92.51113,84.70914,1745.0469,875.0518,SW_EPIC,SW,Switzerland,EPIC,0.008023006746294747,0.007990993541780041
2025-04-30,95.62737,84.17185,1745.0469,869.5016,SW_EPIC,SW,Switzerland,EPIC,0.033685027952852886,0.0331301145489865
2025-05-30,98.12441,86.36976,1745.0469,892.2062,SW_EPIC,SW,Switzerland,EPIC,0.026112189428612265,0.02577708719234298
2025-06-30,101.42229,89.27258,1806.3525,922.1925,SW_EPIC,SW,Switzerland,EPIC,0.03360917023602994,0.033056726139225126
2025-07-31,102.34615,90.08577,1806.3525,930.5928,SW_EPIC,SW,Switzerland,EPIC,0.009109042992422989,0.009067805891481604
2025-08-29,101.5434,89.37918,1806.3525,923.2937,SW_EPIC,SW,Switzerland,EPIC,-0.00784348018953318,-0.007874402076542568
2025-09-30,99.22149,87.33542,1806.3525,902.1816,SW_EPIC,SW,Switzerland,EPIC,-0.022866183326538225,-0.023131669406017377
2025-10-31,102.49633,90.21795,1806.3525,931.9583,SW_EPIC,SW,Switzerland,EPIC,0.03300534994989479,0.03247236916561479
2025-11-28,102.41291,90.14453,1806.3525,931.1998,SW_EPIC,SW,Switzerland,EPIC,-0.000813882799511001,-0.0008142141819331734
2025-12-30,106.26463,93.53484,1850.9459,1048.065,SW_EPIC,SW,Switzerland,EPIC,0.03760971151000403,0.036919713565737436
2026-01-30,111.3286,97.99218,1850.9459,1098.0098,SW_EPIC,SW,Switzerland,EPIC,0.047654332396395604,0.04655369599153544
2026-02-27,113.04807,99.50567,1850.9459,1114.9686,SW_EPIC,SW,Switzerland,EPIC,0.015444997960991191,0.015326938051510483
2026-03-31,108.13538,95.18149,1850.9459,1066.5158,SW_EPIC,SW,Switzerland,EPIC,-0.043456646362914464,-0.04442916584191605
2026-04-30,112.62881,95.68862,1850.9459,1072.1982,SW_EPIC,SW,Switzerland,EPIC,0.04155374494453157,0.04071358379077465
2014-05-30,62.25845,62.25845,,498.0676,SW_HIAG,SW,Switzerland,HIAG,,
2014-06-30,62.62146,62.62146,,500.9717,SW_HIAG,SW,Switzerland,HIAG,0.005830694467979791,0.005813761756752008
2014-07-31,65.55355,65.55355,,524.4284,SW_HIAG,SW,Switzerland,HIAG,0.04682244712914718,0.04575933501401168
2014-08-29,64.87395,64.87395,,518.9916,SW_HIAG,SW,Switzerland,HIAG,-0.010367096823894473,-0.010421209491248388
2014-09-30,65.56408,65.56408,,524.5127,SW_HIAG,SW,Switzerland,HIAG,0.0106380141798057,0.010581828624200021
2014-10-31,67.58672,67.58672,,540.6938,SW_HIAG,SW,Switzerland,HIAG,0.03084981898624961,0.030383529037829243
2014-11-28,66.62673,66.62673,,533.0139,SW_HIAG,SW,Switzerland,HIAG,-0.014203825840342632,-0.014305665668220781
2014-12-30,69.40004,69.40004,,555.2003,SW_HIAG,SW,Switzerland,HIAG,0.041624585207768794,0.04078159550368389
2015-01-30,81.88474,81.88474,,655.0779,SW_HIAG,SW,Switzerland,HIAG,0.17989470899440385,0.1654252048306105
2015-02-27,84.83541,84.83541,,678.6833,SW_HIAG,SW,Switzerland,HIAG,0.03603443083534241,0.03540037768208964
2015-03-31,86.76531,86.76531,,694.1225,SW_HIAG,SW,Switzerland,HIAG,0.022748755501977413,0.022493861011159945
2015-04-30,92.37496,89.25029,,714.0023,SW_HIAG,SW,Switzerland,HIAG,0.06465314305913283,0.0626490588453519
2015-05-29,89.1071,86.09296,,688.7437,SW_HIAG,SW,Switzerland,HIAG,-0.0353760369693259,-0.03601692920230516
2015-06-30,93.27738,90.12217,1198.1398,720.9774,SW_HIAG,SW,Switzerland,HIAG,0.04680075998433342,0.04573861768078681
2015-07-31,90.57937,87.51543,1198.1398,700.1234,SW_HIAG,SW,Switzerland,HIAG,-0.028924590291879992,-0.02935115180302545
2015-08-31,85.69146,82.79286,1198.1398,662.3429,SW_HIAG,SW,Switzerland,HIAG,-0.053962729040839985,-0.05547331222944505
2015-09-30,84.49969,81.6414,1198.1398,653.1312,SW_HIAG,SW,Switzerland,HIAG,-0.013907686950368259,-0.014005304979346465
2015-10-30,85.38099,82.49289,1198.1398,659.9431,SW_HIAG,SW,Switzerland,HIAG,0.010429624061342624,0.010375610766609738
2015-11-30,87.75801,84.7895,1198.1398,678.316,SW_HIAG,SW,Switzerland,HIAG,0.027840155050907756,0.02745966374734911
2015-12-30,87.19394,84.24452,1206.3509,673.9561,SW_HIAG,SW,Switzerland,HIAG,-0.006427561427156392,-0.006448307144132552
2016-01-29,84.79011,81.92199,1206.3509,655.376,SW_HIAG,SW,Switzerland,HIAG,-0.027568773701475147,-0.027955924449304226
2016-02-29,86.61673,83.68683,1206.3509,669.4947,SW_HIAG,SW,Switzerland,HIAG,0.021542842673514695,0.021314075339278066
2016-03-31,90.09787,87.05022,1206.3509,696.4017,SW_HIAG,SW,Switzerland,HIAG,0.04019015725945785,0.03940353995815191
2016-04-29,92.94378,86.59267,1206.3509,692.7413,SW_HIAG,SW,Switzerland,HIAG,0.031586873252386516,0.031098270295379513
2016-05-31,91.88614,85.6073,1206.3509,684.8584,SW_HIAG,SW,Switzerland,HIAG,-0.011379352120174269,-0.01144459234738947
2016-06-30,96.01109,89.45037,1188.1874,715.603,SW_HIAG,SW,Switzerland,HIAG,0.04489197173806625,0.0439135037458642
2016-07-29,97.69139,91.01586,1188.1874,728.1269,SW_HIAG,SW,Switzerland,HIAG,0.0175011032579675,0.017349722617039907
2016-08-31,100.73757,93.85389,1188.1874,750.8311,SW_HIAG,SW,Switzerland,HIAG,0.031181662989952397,0.030705390279491304
2016-09-30,102.77485,95.75195,1188.1874,766.0156,SW_HIAG,SW,Switzerland,HIAG,0.020223636524089317,0.020021854758288722
2016-10-31,101.84134,94.88223,1188.1874,759.0578,SW_HIAG,SW,Switzerland,HIAG,-0.009083058744430161,-0.00912456122664806
2016-11-30,101.47741,94.54317,1188.1874,756.3454,SW_HIAG,SW,Switzerland,HIAG,-0.0035734997202511165,-0.003579899922339241
2016-12-30,104.74917,97.59136,1243.5507,780.7309,SW_HIAG,SW,Switzerland,HIAG,0.032241264336565045,0.03173242300818561
2017-01-31,105.70043,98.47762,1243.5507,791.3548,SW_HIAG,SW,Switzerland,HIAG,0.009081313007062386,0.009040325842060186
2017-02-28,109.74642,102.24714,1243.5507,821.6462,SW_HIAG,SW,Switzerland,HIAG,0.038277895369015935,0.03756347084804272
2017-03-31,110.68689,103.12333,1243.5507,828.6872,SW_HIAG,SW,Switzerland,HIAG,0.00856948226648302,0.008532972683865086
2017-04-28,125.40737,113.45673,1243.5507,911.7252,SW_HIAG,SW,Switzerland,HIAG,0.13299208244083816,0.12486199388450434
2017-05-31,126.09387,114.07781,1243.5507,916.7162,SW_HIAG,SW,Switzerland,HIAG,0.005474159931748712,0.005459231175089443
2017-06-30,125.22645,113.29305,1237.4406,910.4099,SW_HIAG,SW,Switzerland,HIAG,-0.006879160739534762,-0.006902931242573199
2017-07-31,115.89201,104.84813,1237.4406,842.5475,SW_HIAG,SW,Switzerland,HIAG,-0.07454048246197187,-0.07746488910513052
2017-08-31,110.17391,99.67493,1237.4406,800.9763,SW_HIAG,SW,Switzerland,HIAG,-0.04933989841059783,-0.05059869190140348
2017-09-29,112.07279,101.39286,1237.4406,814.7813,SW_HIAG,SW,Switzerland,HIAG,0.01723529645085664,0.01708845358124645
2017-10-31,109.98821,99.50693,1237.4406,799.6262,SW_HIAG,SW,Switzerland,HIAG,-0.01860023293789692,-0.018775392679018527
2017-11-30,108.61477,98.26438,1237.4406,789.6412,SW_HIAG,SW,Switzerland,HIAG,-0.012487156577964176,-0.01256577629443906
2017-12-29,114.17258,103.29255,1194.4592,830.0471,SW_HIAG,SW,Switzerland,HIAG,0.05116992836241341,0.04990376137784764
2018-01-31,117.39853,106.21109,1194.4592,854.9992,SW_HIAG,SW,Switzerland,HIAG,0.028255032863407248,0.027863222707623626
2018-02-28,117.44616,106.25418,1194.4592,855.3461,SW_HIAG,SW,Switzerland,HIAG,0.0004057120647082968,0.00040562978582217747
2018-03-29,116.04201,104.98383,1194.4592,845.1199,SW_HIAG,SW,Switzerland,HIAG,-0.01195569101620697,-0.012027735090284498
2018-04-30,118.04345,103.5687,1194.4592,833.728,SW_HIAG,SW,Switzerland,HIAG,0.017247546815157833,0.017100496311753505
2018-05-31,120.0137,105.29736,1194.4592,847.6437,SW_HIAG,SW,Switzerland,HIAG,0.01669088797387741,0.016553125904018678
2018-06-29,117.58132,103.16324,1270.214,830.464,SW_HIAG,SW,Switzerland,HIAG,-0.02026751945819516,-0.020475723622053927
2018-07-31,122.01239,107.05096,1270.214,861.7603,SW_HIAG,SW,Switzerland,HIAG,0.03768515270963091,0.03699241764356349
2018-08-31,129.1922,113.35037,1270.214,912.4704,SW_HIAG,SW,Switzerland,HIAG,0.05884492550305764,0.0571786210553359
2018-09-28,125.64878,110.24145,1270.214,887.4436,SW_HIAG,SW,Switzerland,HIAG,-0.02742750723340892,-0.027810663577121905
2018-10-31,118.8705,104.29434,1270.214,839.5694,SW_HIAG,SW,Switzerland,HIAG,-0.0539462460359742,-0.05545588917246831
2018-11-30,114.4659,100.42984,1270.214,808.4602,SW_HIAG,SW,Switzerland,HIAG,-0.03705376859691856,-0.03775770321521093
2018-12-28,117.87331,103.41942,1419.4072,832.5264,SW_HIAG,SW,Switzerland,HIAG,0.02976790467728807,0.029333441584970248
2019-01-31,116.1895,101.94208,1419.4072,820.6338,SW_HIAG,SW,Switzerland,HIAG,-0.014284913183484904,-0.014387924740023239
2019-02-28,124.98308,109.65738,1419.4072,882.7419,SW_HIAG,SW,Switzerland,HIAG,0.0756830866816709,0.07295588925112322
2019-03-29,133.63635,117.24956,1419.4072,943.859,SW_HIAG,SW,Switzerland,HIAG,0.06923553172157382,0.06694393679328035
2019-04-30,134.01293,114.20562,1419.4072,919.3553,SW_HIAG,SW,Switzerland,HIAG,0.002817945865776883,0.002813982899529561
2019-05-31,140.07934,119.37541,1419.4072,960.972,SW_HIAG,SW,Switzerland,HIAG,0.04526734845660041,0.04427268854000222
2019-06-28,123.72426,105.43763,1458.8775,848.773,SW_HIAG,SW,Switzerland,HIAG,-0.11675583280161084,-0.12415359655932201
2019-07-31,136.35175,116.19877,1458.8775,935.4001,SW_HIAG,SW,Switzerland,HIAG,0.10206155203514666,0.09718256401223009
2019-08-30,127.7886,108.90126,1458.8775,876.6552,SW_HIAG,SW,Switzerland,HIAG,-0.06280190756627624,-0.06486060773925356
2019-09-30,121.87219,103.8593,1458.8775,836.0674,SW_HIAG,SW,Switzerland,HIAG,-0.04629841785573985,-0.04740446344482429
2019-10-31,112.58889,95.94809,1458.8775,772.3821,SW_HIAG,SW,Switzerland,HIAG,-0.07617242292929993,-0.07922982965515359
2019-11-29,111.88062,95.34451,1458.8775,767.5233,SW_HIAG,SW,Switzerland,HIAG,-0.006290762791959392,-0.00631063301662436
2019-12-30,116.76653,99.50827,1500.5857,801.0416,SW_HIAG,SW,Switzerland,HIAG,0.043670744763480984,0.042744061139123005
2020-01-31,119.17897,101.56415,1500.5857,817.5914,SW_HIAG,SW,Switzerland,HIAG,0.02066037245433261,0.020449841782527713
2020-02-28,118.95865,101.37639,1500.5857,816.0799,SW_HIAG,SW,Switzerland,HIAG,-0.001848648297598121,-0.001850359156705224
2020-03-31,102.98258,87.76161,1500.5857,706.4809,SW_HIAG,SW,Switzerland,HIAG,-0.13429935528017511,-0.14421610602252655
2020-04-30,98.14232,83.63675,1500.5857,673.2758,SW_HIAG,SW,Switzerland,HIAG,-0.047000764595332534,-0.04814117763185861
2020-05-29,102.23807,87.12714,1500.5857,701.3735,SW_HIAG,SW,Switzerland,HIAG,0.041732761157470044,0.040885443218515144
2020-06-30,101.6043,86.58704,1583.7182,697.0256,SW_HIAG,SW,Switzerland,HIAG,-0.00619896287165822,-0.006218256215807967
2020-07-31,96.55536,82.28434,1583.7182,662.3889,SW_HIAG,SW,Switzerland,HIAG,-0.04969218822431731,-0.050969334472775324
2020-08-31,102.29295,87.17391,1583.7182,701.7499,SW_HIAG,SW,Switzerland,HIAG,0.05942280159278579,0.05772423301615843
2020-09-30,97.12853,82.77279,1583.7182,666.321,SW_HIAG,SW,Switzerland,HIAG,-0.0504865682336858,-0.051805602683128525
2020-10-30,102.18709,87.08369,1583.7182,734.3768,SW_HIAG,SW,Switzerland,HIAG,0.05208109296001906,0.05077019590741164
2020-11-30,108.37114,92.35373,1583.7182,778.819,SW_HIAG,SW,Switzerland,HIAG,0.06051694005573505,0.05875646854493788
2020-12-30,118.4121,100.91062,1558.7032,850.9793,SW_HIAG,SW,Switzerland,HIAG,0.09265344998677683,0.08860909577815577
2021-01-29,112.41732,95.80188,1558.7032,807.8972,SW_HIAG,SW,Switzerland,HIAG,-0.050626414023566824,-0.05195289505895412
2021-02-26,107.29134,91.43352,1558.7032,771.0589,SW_HIAG,SW,Switzerland,HIAG,-0.045597777993640065,-0.04667008003018538
2021-03-31,115.54491,98.46721,1558.7032,830.374,SW_HIAG,SW,Switzerland,HIAG,0.07692671188560052,0.07411134747036884
2021-04-30,115.61473,96.54401,1558.7032,814.1557,SW_HIAG,SW,Switzerland,HIAG,0.0006042672065778021,0.0006040847106631596
2021-05-31,108.96056,90.98745,1558.7032,767.2972,SW_HIAG,SW,Switzerland,HIAG,-0.057554690479318604,-0.05927738837736447
2021-06-30,111.38581,93.01266,1678.1535,784.3757,SW_HIAG,SW,Switzerland,HIAG,0.022258053739812045,0.022013958676003472
2021-07-30,114.20671,95.36825,1678.1535,804.2405,SW_HIAG,SW,Switzerland,HIAG,0.025325488049150913,0.02501011149850326
2021-08-31,112.39998,93.85954,1678.1535,791.5175,SW_HIAG,SW,Switzerland,HIAG,-0.015819823546269762,-0.01594629253960413
2021-09-30,110.79586,92.52002,1678.1535,780.2214,SW_HIAG,SW,Switzerland,HIAG,-0.014271532788528885,-0.014374350529461757
2021-10-29,109.80365,91.69147,1678.1535,773.2342,SW_HIAG,SW,Switzerland,HIAG,-0.00895529851025123,-0.008995638212599289
2021-11-30,106.06896,88.57283,1678.1535,896.3216,SW_HIAG,SW,Switzerland,HIAG,-0.03401243947719401,-0.03460432215811613
2021-12-30,109.95643,91.81906,1839.9022,929.1721,SW_HIAG,SW,Switzerland,HIAG,0.036650401776353814,0.03599474779514654
2022-01-31,108.578,90.668,1839.9022,917.5239,SW_HIAG,SW,Switzerland,HIAG,-0.012536147272151243,-0.012615387709391572
2022-02-28,110.03886,91.88789,1839.9022,929.8687,SW_HIAG,SW,Switzerland,HIAG,0.013454475123874099,0.013364767424362111
2022-03-31,121.86469,101.76304,1839.9022,1029.8013,SW_HIAG,SW,Switzerland,HIAG,0.10746957938313795,0.10207775473429695
2022-04-29,117.93488,98.48146,1839.9022,996.593,SW_HIAG,SW,Switzerland,HIAG,-0.032247322829935365,-0.032778723142192434
2022-05-31,111.12057,90.22367,1839.9022,913.0275,SW_HIAG,SW,Switzerland,HIAG,-0.057780276708637945,-0.05951677970311118
2022-06-30,103.47987,84.01985,1943.4372,850.2473,SW_HIAG,SW,Switzerland,HIAG,-0.0687604464231959,-0.07123872698693252
2022-07-29,108.57932,88.16032,1943.4372,892.1472,SW_HIAG,SW,Switzerland,HIAG,0.049279632840667276,0.048103864758588126
2022-08-31,107.27518,87.10143,1943.4372,881.4317,SW_HIAG,SW,Switzerland,HIAG,-0.012010942783579726,-0.012083656987487479
2022-09-30,107.41471,87.21472,1943.4372,882.5781,SW_HIAG,SW,Switzerland,HIAG,0.0013006736506990801,0.0012998285074838994
2022-10-31,100.30219,81.43975,1943.4372,824.1377,SW_HIAG,SW,Switzerland,HIAG,-0.06621551182328755,-0.06850960808818576
2022-11-30,102.1565,82.94535,1943.4372,839.3737,SW_HIAG,SW,Switzerland,HIAG,0.018487233429300032,0.018318421927027758
2022-12-30,102.27606,83.04242,2024.7789,840.3561,SW_HIAG,SW,Switzerland,HIAG,0.0011703611615512255,0.0011696768228239265
2023-01-31,102.05122,82.85987,2024.7789,838.5087,SW_HIAG,SW,Switzerland,HIAG,-0.002198363918203383,-0.0022007838674316838
2023-02-28,99.85706,81.07833,2024.7789,820.4803,SW_HIAG,SW,Switzerland,HIAG,-0.021500575887284823,-0.021735080687093806
2023-03-31,98.95463,80.34561,2024.7789,813.0654,SW_HIAG,SW,Switzerland,HIAG,-0.009037217799122144,-0.009078301158719977
2023-04-28,103.85473,84.32422,2024.7789,853.3273,SW_HIAG,SW,Switzerland,HIAG,0.049518653144375424,0.0483316334835176
2023-05-31,102.25341,80.19474,2024.7789,811.5387,SW_HIAG,SW,Switzerland,HIAG,-0.015418845150336424,-0.015538951746078599
2023-06-30,99.20304,77.80241,2103.6708,787.3293,SW_HIAG,SW,Switzerland,HIAG,-0.02983147456891655,-0.030285485017512208
2023-07-31,101.25278,79.40997,2103.6708,803.5971,SW_HIAG,SW,Switzerland,HIAG,0.020662068420483903,0.02045150341727716
2023-08-31,99.66273,78.16294,2103.6708,790.9776,SW_HIAG,SW,Switzerland,HIAG,-0.01570376635584725,-0.0158283767851032
2023-09-29,104.12901,81.66572,2103.6708,826.4245,SW_HIAG,SW,Switzerland,HIAG,0.04481394398889127,0.043838825535285376
2023-10-31,103.39409,81.08934,2103.6708,820.5917,SW_HIAG,SW,Switzerland,HIAG,-0.007057783416936192,-0.007082807382313568
2023-11-30,106.2591,83.3363,2103.6708,843.33,SW_HIAG,SW,Switzerland,HIAG,0.027709610868474233,0.02733264742814008
2023-12-29,109.58653,85.94592,2158.6383,869.7383,SW_HIAG,SW,Switzerland,HIAG,0.031314306257063995,0.030834014305207966
2024-01-31,103.61544,81.26294,2158.6383,822.3485,SW_HIAG,SW,Switzerland,HIAG,-0.05448744476168732,-0.05602811203121526
2024-02-29,94.83385,74.37577,2158.6383,752.653,SW_HIAG,SW,Switzerland,HIAG,-0.08475175128339951,-0.0885599404317505
2024-03-28,103.78267,81.3941,2158.6383,823.6758,SW_HIAG,SW,Switzerland,HIAG,0.09436314143103974,0.09017258807103691
2024-04-30,100.47743,75.71337,2158.6383,766.189,SW_HIAG,SW,Switzerland,HIAG,-0.03184770636561962,-0.03236587594564263
2024-05-31,99.68552,75.11664,2158.6383,760.1504,SW_HIAG,SW,Switzerland,HIAG,-0.007881471490662095,-0.007912694450541552
2024-06-28,101.16754,76.2334,2103.5069,771.4515,SW_HIAG,SW,Switzerland,HIAG,0.014866953595667809,0.014757523700677748
2024-07-31,104.02073,78.38337,2103.5069,793.2084,SW_HIAG,SW,Switzerland,HIAG,0.02820262309432442,0.02781225178785551
2024-08-30,111.23268,83.81784,2103.5069,848.203,SW_HIAG,SW,Switzerland,HIAG,0.06933185337191916,0.0670340173313844
2024-09-30,116.99772,88.16201,2103.5069,892.1643,SW_HIAG,SW,Switzerland,HIAG,0.051828653233923605,0.05053022389552895
2024-10-31,116.06232,87.45715,2103.5069,885.0314,SW_HIAG,SW,Switzerland,HIAG,-0.007995027595409598,-0.008027159205199398
2024-11-29,117.72209,88.70785,2103.5069,897.6879,SW_HIAG,SW,Switzerland,HIAG,0.014300679152372542,0.014199388977004282
2024-12-30,120.46878,90.77758,2167.2977,918.6328,SW_HIAG,SW,Switzerland,HIAG,0.02333198467679254,0.023063955024713197
2025-01-31,123.1507,92.7985,2167.2977,939.0837,SW_HIAG,SW,Switzerland,HIAG,0.022262365402887063,0.022018176450533535
2025-02-28,129.35276,97.47197,2167.2977,986.3774,SW_HIAG,SW,Switzerland,HIAG,0.05036154889903166,0.04913443718546793
2025-03-31,131.56776,99.14106,2167.2977,1003.2679,SW_HIAG,SW,Switzerland,HIAG,0.01712371657164491,0.01697875821419534
2025-04-30,146.92973,107.08887,2167.2977,1083.6965,SW_HIAG,SW,Switzerland,HIAG,0.11676089947871748,0.1104324412013141
2025-05-30,149.08364,108.65873,2167.2977,1099.5829,SW_HIAG,SW,Switzerland,HIAG,0.014659456598742793,0.014553045457275026
2025-06-30,162.43234,118.38785,2238.6747,1198.0377,SW_HIAG,SW,Switzerland,HIAG,0.08953832895413605,0.08575405509959075
2025-07-31,159.97147,116.59426,2238.6747,1179.8873,SW_HIAG,SW,Switzerland,HIAG,-0.01515012342985389,-0.015266058999023164
2025-08-29,155.19621,113.11384,2238.6747,1144.6669,SW_HIAG,SW,Switzerland,HIAG,-0.02985069775254301,-0.030305299486412994
2025-09-30,163.88146,119.44403,2238.6747,1208.7258,SW_HIAG,SW,Switzerland,HIAG,0.05596302899407135,0.05445317424890967
2025-10-31,163.75975,119.35533,2238.6747,1207.8282,SW_HIAG,SW,Switzerland,HIAG,-0.0007426709525287789,-0.0007429468692193096
2025-11-28,169.91481,123.84141,2238.6747,1253.2255,SW_HIAG,SW,Switzerland,HIAG,0.03758591473179451,0.036896779074251776
2025-12-30,174.94607,127.50841,2278.7892,1290.3341,SW_HIAG,SW,Switzerland,HIAG,0.02961048539559319,0.029180561198577617
2026-01-30,186.25194,135.74863,2278.7892,1373.7218,SW_HIAG,SW,Switzerland,HIAG,0.06462488697231095,0.06262251831243414
2026-02-27,205.09001,149.47865,2278.7892,1512.6641,SW_HIAG,SW,Switzerland,HIAG,0.10114294648420863,0.09634868263191758
2026-03-31,200.63739,146.23338,2278.7892,1479.8233,SW_HIAG,SW,Switzerland,HIAG,-0.02171056503434754,-0.021949706957981003
2026-04-30,209.4765,148.65521,2278.7892,1504.3313,SW_HIAG,SW,Switzerland,HIAG,0.04405514844466407,0.04311231224601179
2016-06-30,52.94945,52.94945,1051.9068,677.7529,SW_IREN,SW,Switzerland,IREN,,
2016-07-29,55.67214,55.67214,1051.9068,712.6034,SW_IREN,SW,Switzerland,IREN,0.05142055299913406,0.050142157432742106
2016-08-31,54.49728,54.49728,1051.9068,697.5651,SW_IREN,SW,Switzerland,IREN,-0.02110319452422693,-0.021329050101655495
2016-09-30,53.09881,53.09881,1051.9068,679.6648,SW_IREN,SW,Switzerland,IREN,-0.02566128070978957,-0.025996274716225433
2016-10-31,52.69188,52.69188,1051.9068,674.4561,SW_IREN,SW,Switzerland,IREN,-0.0076636369063638465,-0.007693153471207699
2016-11-30,51.48895,51.48895,1051.9068,659.0586,SW_IREN,SW,Switzerland,IREN,-0.022829513769483945,-0.02309414243848822
2016-12-30,53.12997,53.12997,1025.0822,680.0636,SW_IREN,SW,Switzerland,IREN,0.03187130442551256,0.031373954269016006
2017-01-31,54.01291,54.01291,1025.0822,691.3653,SW_IREN,SW,Switzerland,IREN,0.016618492349986136,0.016481916254742053
2017-02-28,56.38629,56.38629,1025.0822,721.7445,SW_IREN,SW,Switzerland,IREN,0.04394097633325078,0.0430029517829609
2017-03-31,54.22623,54.22623,1025.0822,694.0958,SW_IREN,SW,Switzerland,IREN,-0.038308248334834594,-0.039061304127803134
2017-04-28,55.85136,55.85136,1025.0822,714.8974,SW_IREN,SW,Switzerland,IREN,0.02996944467649687,0.029529136438894432
2017-05-31,57.19772,54.97061,1025.0822,703.6239,SW_IREN,SW,Switzerland,IREN,0.024106127406745337,0.0238201612927073
2017-06-30,56.13705,53.95125,1054.6569,690.576,SW_IREN,SW,Switzerland,IREN,-0.018543920981465623,-0.018718015101791764
2017-07-31,53.40873,51.32916,1054.6569,657.0133,SW_IREN,SW,Switzerland,IREN,-0.04860105759030808,-0.04982180659936051
2017-08-31,52.81269,50.75633,1054.6569,649.6811,SW_IREN,SW,Switzerland,IREN,-0.01115997328526619,-0.011222713006245992
2017-09-29,52.29562,50.25939,1054.6569,643.3202,SW_IREN,SW,Switzerland,IREN,-0.00979063933308455,-0.00983888279014957
2017-10-31,51.09687,49.10732,1054.6569,628.5736,SW_IREN,SW,Switzerland,IREN,-0.02292256980603724,-0.023189377066440527
2017-11-30,54.19011,52.08012,1054.6569,666.6255,SW_IREN,SW,Switzerland,IREN,0.060536780432930426,0.05877517658330985
2017-12-29,55.69445,53.52588,1057.8917,685.1312,SW_IREN,SW,Switzerland,IREN,0.027760416061159532,0.02738208156440091
2018-01-31,55.70633,53.5373,1057.8917,685.2774,SW_IREN,SW,Switzerland,IREN,0.0002133067118894605,0.00021328396524740873
2018-02-28,57.40043,55.16543,1057.8917,706.1175,SW_IREN,SW,Switzerland,IREN,0.030411265649702646,0.029958009586234194
2018-03-29,57.13945,54.91462,1057.8917,702.9071,SW_IREN,SW,Switzerland,IREN,-0.004546655835156677,-0.004557023311632108
2018-04-30,56.33989,52.11844,1057.8917,667.1161,SW_IREN,SW,Switzerland,IREN,-0.013993134340635094,-0.01409196126037209
2018-05-31,56.44272,52.21357,1057.8917,668.3336,SW_IREN,SW,Switzerland,IREN,0.0018251721826223477,0.001823508579807709
2018-06-29,55.6196,51.45212,1175.9504,658.5872,SW_IREN,SW,Switzerland,IREN,-0.014583280182103309,-0.014690661472181819
2018-07-31,55.43447,51.28086,1175.9504,656.3951,SW_IREN,SW,Switzerland,IREN,-0.003328502901854713,-0.00333405469049145
2018-08-31,57.85406,53.51915,1175.9504,685.0452,SW_IREN,SW,Switzerland,IREN,0.04364775202144089,0.04272203024917838
2018-09-28,57.77395,53.44505,1175.9504,684.0967,SW_IREN,SW,Switzerland,IREN,-0.0013846910657608902,-0.0013856506363428532
2018-10-31,57.98155,53.63709,1175.9504,686.5547,SW_IREN,SW,Switzerland,IREN,0.0035933149801943287,0.0035868744478838948
2018-11-30,56.81695,52.55976,1175.9504,672.7649,SW_IREN,SW,Switzerland,IREN,-0.020085699675155277,-0.020290159789493036
2018-12-28,59.30472,54.86112,1263.8058,702.2223,SW_IREN,SW,Switzerland,IREN,0.04378570127400372,0.04285420141137363
2019-01-31,58.70953,54.31052,1263.8058,695.1747,SW_IREN,SW,Switzerland,IREN,-0.010036132031312262,-0.010086833520858715
2019-02-28,58.46036,54.08003,1263.8058,692.2243,SW_IREN,SW,Switzerland,IREN,-0.004244115052530639,-0.004253146872601153
2019-03-29,64.82452,59.96733,1263.8058,767.5819,SW_IREN,SW,Switzerland,IREN,0.10886282602433517,0.10333500912567074
2019-04-30,63.19432,58.45928,1263.8058,748.2787,SW_IREN,SW,Switzerland,IREN,-0.025147891569424763,-0.02546950315036829
2019-05-31,64.90896,57.94402,1263.8058,741.6834,SW_IREN,SW,Switzerland,IREN,0.02713281826594538,0.026771249036224735
2019-06-28,68.64593,61.27999,1305.7,784.3839,SW_IREN,SW,Switzerland,IREN,0.05757248305934981,0.05597617148950166
2019-07-31,68.94731,61.54904,1305.7,787.8277,SW_IREN,SW,Switzerland,IREN,0.004390354970789989,0.004380745478194687
2019-08-30,73.50364,65.61646,1305.7,839.8907,SW_IREN,SW,Switzerland,IREN,0.06608423156755494,0.06399233910189787
2019-09-30,74.54209,66.54348,1305.7,851.7566,SW_IREN,SW,Switzerland,IREN,0.014127871762541266,0.01402900349295911
2019-10-31,78.24222,69.84657,1305.7,894.0361,SW_IREN,SW,Switzerland,IREN,0.04963813061855382,0.048445467262139164
2019-11-29,77.71338,69.37448,1305.7,887.9933,SW_IREN,SW,Switzerland,IREN,-0.006759010672243271,-0.006781956236198435
2019-12-30,83.80839,74.81548,1442.4682,957.6381,SW_IREN,SW,Switzerland,IREN,0.0784293515479575,0.07550567848722248
2020-01-31,90.80811,81.0641,1442.4682,1037.6205,SW_IREN,SW,Switzerland,IREN,0.08352051626334789,0.08021547699114868
2020-02-28,89.16717,79.59924,1442.4682,1018.8702,SW_IREN,SW,Switzerland,IREN,-0.018070412433426886,-0.018235676287489958
2020-03-31,86.04826,76.815,1442.4682,983.232,SW_IREN,SW,Switzerland,IREN,-0.0349782324593233,-0.035604620860586585
2020-04-30,89.39763,77.5816,1442.4682,993.0445,SW_IREN,SW,Switzerland,IREN,0.03892431991071077,0.03818587010971065
2020-05-29,91.97661,79.8197,1442.4682,1021.6922,SW_IREN,SW,Switzerland,IREN,0.028848415780149628,0.0284401338334024
2020-06-30,94.5803,82.07925,1456.9818,1050.6144,SW_IREN,SW,Switzerland,IREN,0.028308175306743788,0.027914903534293333
2020-07-31,88.60967,76.89778,1456.9818,984.2916,SW_IREN,SW,Switzerland,IREN,-0.06312762805785133,-0.06520821526100523
2020-08-31,90.19208,78.27104,1456.9818,1001.8693,SW_IREN,SW,Switzerland,IREN,0.017858208929115937,0.017700624467808436
2020-09-30,94.95271,82.40244,1456.9818,1054.7513,SW_IREN,SW,Switzerland,IREN,0.05278323772996463,0.051437359853089386
2020-10-30,94.95194,82.40177,1456.9818,1054.7427,SW_IREN,SW,Switzerland,IREN,-8.10929988204201e-06,-8.109332762592056e-06
2020-11-30,95.13915,82.56423,1456.9818,1056.8222,SW_IREN,SW,Switzerland,IREN,0.00197162901568948,0.0019696879062148015
2020-12-30,97.0591,84.23042,1433.9316,1078.1493,SW_IREN,SW,Switzerland,IREN,0.02018044096462912,0.019979514557204814
2021-01-29,93.86067,81.45474,1433.9316,1042.6206,SW_IREN,SW,Switzerland,IREN,-0.03295342734478268,-0.03350862268733581
2021-02-26,93.09357,80.78902,1433.9316,1034.0995,SW_IREN,SW,Switzerland,IREN,-0.008172752229448133,-0.008206332254922627
2021-03-31,95.76796,83.10994,1433.9316,1063.8072,SW_IREN,SW,Switzerland,IREN,0.028727977668060234,0.02832306589598783
2021-04-30,104.22185,88.16472,1433.9316,1128.5084,SW_IREN,SW,Switzerland,IREN,0.08827472152481897,0.08459361796212525
2021-05-31,104.33192,88.25783,1433.9316,1129.7002,SW_IREN,SW,Switzerland,IREN,0.0010561125138346394,0.001055555219356302
2021-06-30,110.49171,93.4686,1593.5065,1196.3981,SW_IREN,SW,Switzerland,IREN,0.059040320546195346,0.057363140064622724
2021-07-30,113.28727,95.83346,1593.5065,1226.6683,SW_IREN,SW,Switzerland,IREN,0.025301083674060365,0.024986309626989237
2021-08-31,109.09551,92.28751,1593.5065,1181.2801,SW_IREN,SW,Switzerland,IREN,-0.0370011564406133,-0.037703068057643556
2021-09-30,115.38574,97.60862,1593.5065,1249.3904,SW_IREN,SW,Switzerland,IREN,0.0576580099400974,0.05605703915955205
2021-10-29,113.97808,96.41784,1593.5065,1234.1483,SW_IREN,SW,Switzerland,IREN,-0.012199601094554646,-0.012274627043495958
2021-11-30,117.5368,99.42828,1593.5065,1272.682,SW_IREN,SW,Switzerland,IREN,0.031222845655936693,0.03074532683492175
2021-12-30,119.39591,101.00096,1759.5789,1292.8123,SW_IREN,SW,Switzerland,IREN,0.01581725893507402,0.015693469726075545
2022-01-31,122.36314,103.51104,1759.5789,1324.9413,SW_IREN,SW,Switzerland,IREN,0.024852023825606695,0.024548235169045075
2022-02-28,122.86123,103.93239,1759.5789,1330.3346,SW_IREN,SW,Switzerland,IREN,0.004070588577573364,0.00406232614627233
2022-03-31,130.12873,110.08021,1759.5789,1409.0267,SW_IREN,SW,Switzerland,IREN,0.05915210192832987,0.05746868418899241
2022-04-29,129.673,109.69469,1759.5789,1404.0921,SW_IREN,SW,Switzerland,IREN,-0.0035021474504515204,-0.003508294324536407
2022-05-31,124.63529,103.05721,1759.5789,1319.1323,SW_IREN,SW,Switzerland,IREN,-0.03884933640773336,-0.03962410436862113
2022-06-30,123.99071,102.52423,1758.6926,1312.3101,SW_IREN,SW,Switzerland,IREN,-0.005171729451586282,-0.00518514913298342
2022-07-29,129.53746,107.11067,1758.6926,1371.0166,SW_IREN,SW,Switzerland,IREN,0.04473520637150963,0.04376346227579437
2022-08-31,134.44869,111.17162,1758.6926,1422.9967,SW_IREN,SW,Switzerland,IREN,0.037913588856844926,0.037212533548975864
2022-09-30,121.79932,100.71223,1758.6926,1289.1166,SW_IREN,SW,Switzerland,IREN,-0.09408325213135216,-0.09880786693098563
2022-10-31,124.03095,102.5575,1758.6926,1312.736,SW_IREN,SW,Switzerland,IREN,0.018322187677238366,0.018156358897750097
2022-11-30,126.93094,104.95541,1758.6926,1343.4293,SW_IREN,SW,Switzerland,IREN,0.023381180261861978,0.02311202779418736
2022-12-30,124.31251,102.79032,1617.6634,1315.7161,SW_IREN,SW,Switzerland,IREN,-0.02062877656149087,-0.020844521972704134
2023-01-31,121.07581,100.11398,1617.6634,1281.459,SW_IREN,SW,Switzerland,IREN,-0.026036800318809394,-0.026381758721567068
2023-02-28,119.70919,98.98397,1617.6634,1266.9948,SW_IREN,SW,Switzerland,IREN,-0.011287308340121704,-0.011351493446684673
2023-03-31,120.54719,99.67688,1617.6634,1275.8641,SW_IREN,SW,Switzerland,IREN,0.007000297972110436,0.006975909637186266
2023-04-28,122.37598,101.18906,1617.6634,1295.22,SW_IREN,SW,Switzerland,IREN,0.015170739359416041,0.015056814464657259
2023-05-31,123.35617,99.52373,1617.6634,1273.9038,SW_IREN,SW,Switzerland,IREN,0.008009660065643631,0.007977753001712388
2023-06-30,116.48134,93.97712,1602.6724,1202.9072,SW_IREN,SW,Switzerland,IREN,-0.055731545491401024,-0.05734477348884217
2023-07-31,120.96021,97.59068,1602.6724,1249.1606,SW_IREN,SW,Switzerland,IREN,0.03845139487578009,0.03773056003774385
2023-08-31,122.52498,98.85313,1602.6724,1265.32,SW_IREN,SW,Switzerland,IREN,0.012936237461889322,0.01285327902277746
2023-09-29,119.15984,96.13813,1602.6724,1230.5681,SW_IREN,SW,Switzerland,IREN,-0.027464930008558208,-0.027849142451884846
2023-10-31,121.63971,98.1389,1602.6724,1256.1779,SW_IREN,SW,Switzerland,IREN,0.020811290112507708,0.02059769361041962
2023-11-30,122.28573,98.6601,1602.6724,1262.8493,SW_IREN,SW,Switzerland,IREN,0.005310930123066049,0.0052968768689544594
2023-12-29,130.28859,105.11681,1737.9772,1345.4952,SW_IREN,SW,Switzerland,IREN,0.0654439401882787,0.06339155755275455
2024-01-31,131.28482,105.92056,1737.9772,1355.7832,SW_IREN,SW,Switzerland,IREN,0.0076463334202940825,0.007617248381421366
2024-02-29,122.04927,98.46933,1737.9772,1260.4074,SW_IREN,SW,Switzerland,IREN,-0.07034743239926744,-0.0729443458594517
2024-03-28,123.81357,99.89276,1737.9772,1278.6273,SW_IREN,SW,Switzerland,IREN,0.014455637465099036,0.014352150855558724
2024-04-30,127.86599,100.61103,1737.9772,1287.8212,SW_IREN,SW,Switzerland,IREN,0.03273001497331829,0.032205795834991474
2024-05-31,125.55764,98.79471,1737.9772,1264.5723,SW_IREN,SW,Switzerland,IREN,-0.01805288489926049,-0.018217826354097442
2024-06-28,133.31531,104.89882,1773.2543,1342.7048,SW_IREN,SW,Switzerland,IREN,0.06178572645997482,0.05995213830063801
2024-07-31,145.55297,114.52799,1773.2543,1465.9582,SW_IREN,SW,Switzerland,IREN,0.09179485836997991,0.08782300103952008
2024-08-30,148.70048,117.0046,1773.2543,1497.6588,SW_IREN,SW,Switzerland,IREN,0.021624498627544453,0.0213940060942609
2024-09-30,147.81787,116.31012,1773.2543,1488.7695,SW_IREN,SW,Switzerland,IREN,-0.005935488574078551,-0.005953173600623933
2024-10-31,148.73926,117.03511,1773.2543,1498.0495,SW_IREN,SW,Switzerland,IREN,0.006233278831578426,0.006213932302334425
2024-11-29,149.45332,117.59696,1773.2543,1505.2412,SW_IREN,SW,Switzerland,IREN,0.004800749983561836,0.004789263132356436
2024-12-30,151.30323,119.05256,2209.9355,1523.8728,SW_IREN,SW,Switzerland,IREN,0.01237784480130677,0.012301865610288704
2025-01-31,150.44366,118.37622,2209.9355,1515.2156,SW_IREN,SW,Switzerland,IREN,-0.00568110806358868,-0.005697306938844795
2025-02-28,150.44092,118.37406,2209.9355,1515.188,SW_IREN,SW,Switzerland,IREN,-1.8212798066685743e-05,-1.8212963921706242e-05
2025-03-31,156.16818,122.88054,2209.9355,1572.8709,SW_IREN,SW,Switzerland,IREN,0.03806982834191652,0.03736305448673692
2025-04-30,165.35984,130.11297,2209.9355,1665.4461,SW_IREN,SW,Switzerland,IREN,0.058857444583140905,0.05719044432215587
2025-05-30,170.32744,131.26917,2209.9355,1680.2454,SW_IREN,SW,Switzerland,IREN,0.0300411514670067,0.029598754324038353
2025-06-30,176.39148,135.94265,2380.7594,1740.066,SW_IREN,SW,Switzerland,IREN,0.03560224940855106,0.03498314097530356
2025-07-31,175.4751,135.23641,2380.7594,1731.0261,SW_IREN,SW,Switzerland,IREN,-0.005195148881340539,-0.005208690588441013
2025-08-29,177.56687,136.84851,2380.7594,1751.6609,SW_IREN,SW,Switzerland,IREN,0.01192060867895206,0.011850117865933596
2025-09-30,179.14795,138.06703,2380.7594,1767.258,SW_IREN,SW,Switzerland,IREN,0.008904138480336998,0.008864730396562753
2025-10-31,184.13414,141.90982,2380.7594,1816.4457,SW_IREN,SW,Switzerland,IREN,0.027832805231653435,0.02745251298028026
2025-11-28,191.46291,147.55801,2380.7594,1888.7425,SW_IREN,SW,Switzerland,IREN,0.03980125575843774,0.039029594659033884
2025-12-30,201.57834,155.35384,2457.2021,1988.5291,SW_IREN,SW,Switzerland,IREN,0.052832321414105765,0.05148398154899857
2026-01-30,219.4667,169.14017,2457.2021,2164.9942,SW_IREN,SW,Switzerland,IREN,0.08874147887119221,0.08502242262921075
2026-02-27,220.66312,170.06223,2457.2021,2176.7966,SW_IREN,SW,Switzerland,IREN,0.005451487628874929,0.005436682054089125
2026-03-31,216.12869,166.56761,2457.2021,2132.0654,SW_IREN,SW,Switzerland,IREN,-0.02054910671071808,-0.0207631773216137
2026-04-30,224.84579,173.28577,2457.2021,2218.0578,SW_IREN,SW,Switzerland,IREN,0.040332914616749704,0.03954077213735304
2000-01-31,59.04295,59.04295,817.1692,708.5153,SW_ISN,SW,Switzerland,ISN,,
2000-02-29,58.81529,58.81529,817.1692,705.7835,SW_ISN,SW,Switzerland,ISN,-0.003855837149058461,-0.0038632900534107117
2000-03-31,59.36061,59.36061,817.1692,712.3273,SW_ISN,SW,Switzerland,ISN,0.009271738692438802,0.009229019971445616
2000-04-28,62.18533,60.5811,817.1692,726.9732,SW_ISN,SW,Switzerland,ISN,0.047585764364618255,0.04648824475097564
2000-05-31,61.6559,60.06533,817.1692,720.7839,SW_ISN,SW,Switzerland,ISN,-0.008513744318796701,-0.00855019326541343
2000-06-30,62.9159,61.29282,804.3826,735.5139,SW_ISN,SW,Switzerland,ISN,0.020436000447645597,0.020229987384107733
2000-07-31,62.31535,60.70777,804.3826,728.4932,SW_ISN,SW,Switzerland,ISN,-0.009545281876282452,-0.009591130068540217
2000-08-31,62.44869,60.83767,804.3826,638.7955,SW_ISN,SW,Switzerland,ISN,0.0021397617120018086,0.0021374756823680317
2000-09-29,60.65545,59.09069,804.3826,620.4522,SW_ISN,SW,Switzerland,ISN,-0.028715414206446854,-0.029135768365633606
2000-10-31,59.508,57.97284,804.3826,608.7148,SW_ISN,SW,Switzerland,ISN,-0.018917508649264003,-0.019098733909514984
2000-11-30,57.42704,55.94557,804.3826,587.4285,SW_ISN,SW,Switzerland,ISN,-0.03496941587685698,-0.03559548475351801
2000-12-29,56.8313,55.3652,803.6924,581.3346,SW_ISN,SW,Switzerland,ISN,-0.01037385872578489,-0.010428042252133734
2001-01-31,55.44746,54.01706,803.6924,567.1791,SW_ISN,SW,Switzerland,ISN,-0.024349962080754795,-0.02465132457550698
2001-02-28,56.02999,54.58456,803.6924,573.1378,SW_ISN,SW,Switzerland,ISN,0.010505981698710753,0.010451177387522182
2001-03-30,56.80989,55.34433,803.6924,581.1155,SW_ISN,SW,Switzerland,ISN,0.01391933141519397,0.013823347186976146
2001-04-30,56.65001,55.18858,803.6924,579.4801,SW_ISN,SW,Switzerland,ISN,-0.0028142987074961656,-0.0028182662918304056
2001-05-31,59.10042,52.64118,803.6924,552.7323,SW_ISN,SW,Switzerland,ISN,0.04325524390904789,0.0423458669892792
2001-06-29,59.27386,52.79567,777.3262,554.3545,SW_ISN,SW,Switzerland,ISN,0.0029346661157398923,0.002930368389342737
2001-07-31,67.22094,59.87419,777.3262,628.679,SW_ISN,SW,Switzerland,ISN,0.13407394085689717,0.1258164067574102
2001-08-31,67.5251,60.1451,777.3262,631.5235,SW_ISN,SW,Switzerland,ISN,0.004524780522259908,0.004514574478032014
2001-09-28,68.50346,61.01654,777.3262,640.6736,SW_ISN,SW,Switzerland,ISN,0.014488834522274008,0.014384874330879286
2001-10-31,70.21141,62.53781,777.3262,656.647,SW_ISN,SW,Switzerland,ISN,0.02493231728733103,0.024626578495369644
2001-11-30,64.93571,57.83871,777.3262,607.3064,SW_ISN,SW,Switzerland,ISN,-0.07514020869257576,-0.07811312992360776
2001-12-28,65.21388,58.08648,822.2776,609.9081,SW_ISN,SW,Switzerland,ISN,0.004283775444974713,0.004274626198515176
2002-01-31,64.07199,57.06939,822.2776,597.8663,SW_ISN,SW,Switzerland,ISN,-0.017509922734240013,-0.01766503476477424
2002-02-28,63.92859,56.94167,822.2776,597.8875,SW_ISN,SW,Switzerland,ISN,-0.0022381074787906075,-0.0022406157846047753
2002-03-28,64.04052,57.04136,822.2776,598.9343,SW_ISN,SW,Switzerland,ISN,0.0017508598265658648,0.0017493288582465178
2002-04-30,62.43936,55.6152,822.2776,583.9595,SW_ISN,SW,Switzerland,ISN,-0.025002295421711174,-0.02532016226573932
2002-05-31,64.33348,57.3023,822.2776,601.6742,SW_ISN,SW,Switzerland,ISN,0.03033535257247988,0.029884334272068113
2002-06-28,65.84022,58.64437,869.2802,614.2025,SW_ISN,SW,Switzerland,ISN,0.023420775621029843,0.023150717770087568
2002-07-31,63.94713,56.95818,869.2802,599.7779,SW_ISN,SW,Switzerland,ISN,-0.028752789708175297,-0.02917424959081445
2002-08-30,60.67048,54.03964,869.2802,567.4162,SW_ISN,SW,Switzerland,ISN,-0.05123998528159124,-0.05259939463008081
2002-09-30,57.00761,50.77709,869.2802,533.1595,SW_ISN,SW,Switzerland,ISN,-0.0603731831361809,-0.06227248588113833
2002-10-31,54.12076,48.20575,869.2802,506.1604,SW_ISN,SW,Switzerland,ISN,-0.05063973037985636,-0.051966921623288566
2002-11-29,47.20732,42.04791,869.2802,441.1492,SW_ISN,SW,Switzerland,ISN,-0.12774099994161192,-0.13666888075881198
2002-12-30,46.33562,41.27148,782.6916,434.0823,SW_ISN,SW,Switzerland,ISN,-0.018465356643842634,-0.018637969550104293
2003-01-31,42.43224,37.79471,782.6916,396.8444,SW_ISN,SW,Switzerland,ISN,-0.08424145398291849,-0.0880025451067733
2003-02-28,39.1215,34.8458,782.6916,366.4778,SW_ISN,SW,Switzerland,ISN,-0.0780241627592605,-0.08123626266619562
2003-03-31,36.02282,32.08579,782.6916,337.6206,SW_ISN,SW,Switzerland,ISN,-0.0792065743900412,-0.0825195614675044
2003-04-30,35.00005,31.1748,782.6916,325.8724,SW_ISN,SW,Switzerland,ISN,-0.02839228022681184,-0.02880313646247708
2003-05-30,34.61836,30.83483,782.6916,322.387,SW_ISN,SW,Switzerland,ISN,-0.010905412992267105,-0.010965312895404623
2003-06-30,32.55934,29.00084,722.2504,302.366,SW_ISN,SW,Switzerland,ISN,-0.05947768756232252,-0.06131990650579271
2003-07-31,27.69285,24.66623,722.2504,258.9954,SW_ISN,SW,Switzerland,ISN,-0.14946525328830373,-0.16189001352842322
2003-08-29,27.70868,24.68033,722.2504,259.1434,SW_ISN,SW,Switzerland,ISN,0.0005716276945133547,0.0005714643776374564
2003-09-30,27.6931,24.66645,722.2504,258.9977,SW_ISN,SW,Switzerland,ISN,-0.0005622786794606816,-0.0005624368173985419
2003-10-31,27.62545,24.6062,722.2504,258.365,SW_ISN,SW,Switzerland,ISN,-0.002442846774106222,-0.0024458353924369713
2003-11-28,28.61401,25.48671,722.2504,267.6104,SW_ISN,SW,Switzerland,ISN,0.0357843944623526,0.03515900872535396
2003-12-30,28.71337,25.57521,821.9662,268.4372,SW_ISN,SW,Switzerland,ISN,0.0034724248715927164,0.003466409924627439
2004-01-30,28.41034,25.3053,821.9662,265.7057,SW_ISN,SW,Switzerland,ISN,-0.01055362014281147,-0.010609704536462936
2004-02-27,27.80106,24.76261,821.9662,260.0074,SW_ISN,SW,Switzerland,ISN,-0.02144571307488763,-0.021679013945438082
2004-03-31,26.94388,23.99911,821.9662,251.9906,SW_ISN,SW,Switzerland,ISN,-0.0308326373167066,-0.03131796509779512
2004-04-30,29.33159,26.12586,821.9662,274.3215,SW_ISN,SW,Switzerland,ISN,0.08861789764503092,0.08490890785748599
2004-05-28,30.2517,25.95716,821.9662,272.5502,SW_ISN,SW,Switzerland,ISN,0.031369250695240325,0.030887289019115617
2004-06-30,30.86703,26.48513,808.2797,278.0939,SW_ISN,SW,Switzerland,ISN,0.02034034450956468,0.02013624272817095
2004-07-30,30.42997,26.11012,808.2797,274.1562,SW_ISN,SW,Switzerland,ISN,-0.014159444559453838,-0.014260645933875205
2004-08-31,30.54143,26.20575,808.2797,275.1604,SW_ISN,SW,Switzerland,ISN,0.003662836341935094,0.003656144492688861
2004-09-30,30.85725,26.47674,808.2797,278.0058,SW_ISN,SW,Switzerland,ISN,0.010340707687884976,0.01028760831317104
2004-10-29,31.8465,27.32556,808.2797,286.9184,SW_ISN,SW,Switzerland,ISN,0.032058916462095466,0.03155575502487583
2004-11-30,32.96487,28.28516,808.2797,296.9942,SW_ISN,SW,Switzerland,ISN,0.035117516838585106,0.03451496311104478
2004-12-30,32.43775,27.83287,790.5656,292.0067,SW_ISN,SW,Switzerland,ISN,-0.01599035579391017,-0.016119580955464324
2005-01-31,32.8665,28.20076,790.5656,296.1079,SW_ISN,SW,Switzerland,ISN,0.01321762452697861,0.013131033908205667
2005-02-28,33.79659,28.99881,790.5656,304.4875,SW_ISN,SW,Switzerland,ISN,0.028299027885536843,0.027906007891807194
2005-03-31,36.07467,30.95349,790.5656,325.0117,SW_ISN,SW,Switzerland,ISN,0.0674056169572137,0.0652310471834323
2005-04-29,37.12685,31.85631,790.5656,334.4912,SW_ISN,SW,Switzerland,ISN,0.029166725572264518,0.028749470522192695
2005-05-31,37.29998,30.72261,790.5656,322.5874,SW_ISN,SW,Switzerland,ISN,0.004663201968386765,0.004652362925456697
2005-06-30,36.91702,30.40718,749.4075,319.2754,SW_ISN,SW,Switzerland,ISN,-0.010267029633795999,-0.01032009913916917
2005-07-29,38.15867,31.42988,749.4075,330.0137,SW_ISN,SW,Switzerland,ISN,0.03363353813498482,0.03308030140579381
2005-08-31,39.39261,32.44624,749.4075,340.6855,SW_ISN,SW,Switzerland,ISN,0.03233708093075571,0.03182524253666618
2005-09-30,36.85214,30.35374,749.4075,318.7143,SW_ISN,SW,Switzerland,ISN,-0.0644910301703796,-0.06666454504071527
2005-10-31,36.88777,30.38309,749.4075,319.0224,SW_ISN,SW,Switzerland,ISN,0.0009668366613175827,0.0009663695757921114
2005-11-30,37.12785,30.58083,749.4075,321.0987,SW_ISN,SW,Switzerland,ISN,0.0065083901791840315,0.006487302058180041
2005-12-30,37.44597,30.84286,748.5349,323.85,SW_ISN,SW,Switzerland,ISN,0.008568231125691383,0.008531732172834698
2006-01-31,39.08771,32.1951,748.5349,338.0485,SW_ISN,SW,Switzerland,ISN,0.04384290218680409,0.042909001305109384
2006-02-28,40.25737,33.1585,748.5349,348.1643,SW_ISN,SW,Switzerland,ISN,0.029923983779044594,0.02948499736176388
2006-03-31,42.07302,34.65399,748.5349,363.8669,SW_ISN,SW,Switzerland,ISN,0.04510105851425461,0.04411358745318705
2006-04-28,43.32081,35.68174,748.5349,374.6583,SW_ISN,SW,Switzerland,ISN,0.029657723643323086,0.029226439872886128
2006-05-31,43.17908,33.06047,748.5349,347.135,SW_ISN,SW,Switzerland,ISN,-0.0032716378110198008,-0.003277001319502778
2006-06-30,43.21853,33.09068,715.8683,347.4521,SW_ISN,SW,Switzerland,ISN,0.000913636881564095,0.000913219769428438
2006-07-31,44.86099,34.34824,715.8683,360.6565,SW_ISN,SW,Switzerland,ISN,0.03800360632349142,0.0372992590377496
2006-08-31,45.77366,35.04704,715.8683,367.9939,SW_ISN,SW,Switzerland,ISN,0.020344401672811818,0.020140219004521065
2006-09-29,47.7588,36.56698,715.8683,383.9532,SW_ISN,SW,Switzerland,ISN,0.04336860980747437,0.04245452662943054
2006-10-31,48.08722,36.81844,715.8683,386.5936,SW_ISN,SW,Switzerland,ISN,0.006876638441501992,0.006853102201907646
2006-11-30,49.04055,37.54836,715.8683,394.2578,SW_ISN,SW,Switzerland,ISN,0.019825017956954127,0.019631061557025927
2006-12-29,49.87863,38.19005,737.0418,400.9955,SW_ISN,SW,Switzerland,ISN,0.017089531010561654,0.016945147616951314
2007-01-31,52.374,40.10065,737.0418,421.0568,SW_ISN,SW,Switzerland,ISN,0.0500288400062312,0.048817630464831
2007-02-28,51.032,39.07314,737.0418,410.2679,SW_ISN,SW,Switzerland,ISN,-0.02562340092412274,-0.025957398041613608
2007-03-30,50.66797,38.79441,737.0418,407.3413,SW_ISN,SW,Switzerland,ISN,-0.007133367298949644,-0.007158931408125217
2007-04-30,51.91116,38.28998,737.0418,402.0448,SW_ISN,SW,Switzerland,ISN,0.024536013580177096,0.02423984042664754
2007-05-31,51.24112,37.79575,737.0418,396.8554,SW_ISN,SW,Switzerland,ISN,-0.012907436474160816,-0.012991461245026488
2007-06-29,51.14947,37.72815,719.2594,396.1456,SW_ISN,SW,Switzerland,ISN,-0.001788602591044075,-0.0017902040505263683
2007-07-31,50.51255,37.25835,719.2594,391.2127,SW_ISN,SW,Switzerland,ISN,-0.012452132935101834,-0.012530310404524844
2007-08-31,51.07084,37.67016,719.2594,395.5366,SW_ISN,SW,Switzerland,ISN,0.011052500814153987,0.010991868278718474
2007-09-28,51.44562,37.94659,719.2594,398.4392,SW_ISN,SW,Switzerland,ISN,0.007338434221955348,0.0073116389240402875
2007-10-31,50.13349,36.97876,719.2594,388.277,SW_ISN,SW,Switzerland,ISN,-0.025505183920419228,-0.025836079618110457
2007-11-30,51.24953,37.80196,719.2594,396.9205,SW_ISN,SW,Switzerland,ISN,0.022261366603442134,0.022017199402011873
2007-12-28,51.49973,37.9865,733.6092,399.3049,SW_ISN,SW,Switzerland,ISN,0.004881995990987598,0.004870117692741911
2008-01-31,52.91563,39.03088,733.6092,409.8243,SW_ISN,SW,Switzerland,ISN,0.027493348023378106,0.027122193424112234
2008-02-29,54.77843,40.40489,733.6092,424.2514,SW_ISN,SW,Switzerland,ISN,0.03520320933531362,0.03459774496768572
2008-03-31,56.18046,41.43904,733.6092,435.1099,SW_ISN,SW,Switzerland,ISN,0.025594563407530968,0.02527250628052588
2008-04-30,56.0653,38.89246,733.6092,408.3708,SW_ISN,SW,Switzerland,ISN,-0.0020498230167570464,-0.002051926779342663
2008-05-30,56.31905,39.06849,733.6092,410.2191,SW_ISN,SW,Switzerland,ISN,0.004525972392906086,0.004515760979313227
2008-06-30,56.53166,39.21597,750.2557,411.7677,SW_ISN,SW,Switzerland,ISN,0.003775099189350817,0.0037679913852335543
2008-07-31,55.39496,38.42745,750.2557,403.4882,SW_ISN,SW,Switzerland,ISN,-0.02010731685572309,-0.020312220309484066
2008-08-29,57.09353,39.60575,750.2557,415.8603,SW_ISN,SW,Switzerland,ISN,0.030662897852079096,0.030202185373872186
2008-09-30,56.99671,39.53858,750.2557,415.1551,SW_ISN,SW,Switzerland,ISN,-0.001695813868927032,-0.0016972533889349115
2008-10-31,56.58864,39.25551,750.2557,412.1828,SW_ISN,SW,Switzerland,ISN,-0.007159536050414195,-0.007185288519413387
2008-11-28,52.28772,36.27195,750.2557,380.8555,SW_ISN,SW,Switzerland,ISN,-0.07600324022630689,-0.07904671408502889
2008-12-30,55.09889,38.22206,825.5342,401.3286,SW_ISN,SW,Switzerland,ISN,0.05376348404558473,0.05236802649934963
2009-01-30,54.21173,37.60664,825.5342,394.8697,SW_ISN,SW,Switzerland,ISN,-0.016101231803399174,-0.01623226507115541
2009-02-27,53.51067,37.12032,825.5342,389.7633,SW_ISN,SW,Switzerland,ISN,-0.012931887619155535,-0.013016232425300088
2009-03-31,53.37397,37.02549,825.5342,388.7676,SW_ISN,SW,Switzerland,ISN,-0.002554630693280324,-0.0025578993302300722
2009-04-30,57.29303,39.74414,825.5342,417.3134,SW_ISN,SW,Switzerland,ISN,0.07342642865052018,0.07085580189453017
2009-05-29,58.36259,37.76886,825.5342,396.573,SW_ISN,SW,Switzerland,ISN,0.018668239400150277,0.018496126548732623
2009-06-30,57.17073,36.99756,812.7504,388.4743,SW_ISN,SW,Switzerland,ISN,-0.02042164338491481,-0.02063304825285237
2009-07-31,57.85448,37.44004,812.7504,393.1204,SW_ISN,SW,Switzerland,ISN,0.011959791312792456,0.011888838171585502
2009-08-31,59.07101,38.2273,812.7504,401.3867,SW_ISN,SW,Switzerland,ISN,0.021027412224602138,0.020809387230149884
2009-09-30,59.66216,38.60986,812.7504,405.4035,SW_ISN,SW,Switzerland,ISN,0.010007446969334088,0.00995770406295035
2009-10-30,59.98004,38.81558,812.7504,407.5635,SW_ISN,SW,Switzerland,ISN,0.005328000193087323,0.005313856615804383
2009-11-30,59.06088,38.22075,812.7504,401.3178,SW_ISN,SW,Switzerland,ISN,-0.01532443126079952,-0.015443063903240942
2009-12-30,61.97274,40.10514,837.2088,422.0312,SW_ISN,SW,Switzerland,ISN,0.049302685635568055,0.048125834632915906
2010-01-29,64.20524,41.54988,837.2088,436.2737,SW_ISN,SW,Switzerland,ISN,0.036023903413016756,0.03539021636360575
2010-02-26,63.959,41.39053,837.2088,434.6005,SW_ISN,SW,Switzerland,ISN,-0.0038352009898257045,-0.003842574231087434
2010-03-31,68.8669,44.56663,837.2088,467.9496,SW_ISN,SW,Switzerland,ISN,0.07673509592082417,0.07393340312963027
2010-04-30,68.37396,44.24763,837.2088,464.6001,SW_ISN,SW,Switzerland,ISN,-0.007157865389613938,-0.007183605812618787
2010-05-31,68.00418,41.2298,837.2088,432.9129,SW_ISN,SW,Switzerland,ISN,-0.00540819926182412,-0.005422876513705552
2010-06-30,73.17116,44.36245,929.8453,465.8057,SW_ISN,SW,Switzerland,ISN,0.07598032944445476,0.0732321803870388
2010-07-30,70.45707,42.71695,929.8453,448.5279,SW_ISN,SW,Switzerland,ISN,-0.037092346219466776,-0.03779776609106062
2010-08-31,74.92806,45.42763,929.8453,476.9901,SW_ISN,SW,Switzerland,ISN,0.06345693909780814,0.06152486503852244
2010-09-30,72.8482,44.16665,929.8453,463.7498,SW_ISN,SW,Switzerland,ISN,-0.02775809222873238,-0.02815062917838033
2010-10-29,72.06705,43.69305,929.8453,458.777,SW_ISN,SW,Switzerland,ISN,-0.010722982860249308,-0.01078088835943532
2010-11-30,75.53188,45.79372,929.8453,480.8341,SW_ISN,SW,Switzerland,ISN,0.04807786637582656,0.04695788311567759
2010-12-30,80.57087,48.84878,984.8138,510.5945,SW_ISN,SW,Switzerland,ISN,0.06671341955211485,0.06458235100713608
2011-01-31,78.32617,47.48785,984.8138,498.6224,SW_ISN,SW,Switzerland,ISN,-0.02785994491557553,-0.028255395308577017
2011-02-28,82.34319,49.92331,984.8138,524.1947,SW_ISN,SW,Switzerland,ISN,0.05128579630537278,0.05001398290757329
2011-03-31,80.65975,48.90266,984.8138,513.478,SW_ISN,SW,Switzerland,ISN,-0.020444192166954034,-0.02065606738288379
2011-04-29,84.12549,47.81634,984.8138,502.0716,SW_ISN,SW,Switzerland,ISN,0.04296740319676173,0.04206992260289077
2011-05-31,90.84209,51.63401,984.8138,542.1571,SW_ISN,SW,Switzerland,ISN,0.07984024818161539,0.07681311184477409
2011-06-30,90.72193,51.56572,998.7829,541.44,SW_ISN,SW,Switzerland,ISN,-0.0013227348688256146,-0.0013236104547894433
2011-07-29,97.82651,55.6039,998.7829,583.841,SW_ISN,SW,Switzerland,ISN,0.07831160558422856,0.07539648970082091
2011-08-31,98.66942,56.08301,998.7829,588.8716,SW_ISN,SW,Switzerland,ISN,0.008616376072293708,0.00857946696759733
2011-09-30,92.88205,52.79351,998.7829,554.3318,SW_ISN,SW,Switzerland,ISN,-0.05865414025946436,-0.06044466203584843
2011-10-31,92.87956,52.79209,998.7829,554.317,SW_ISN,SW,Switzerland,ISN,-2.6808193833049998e-05,-2.6808553179100588e-05
2011-11-30,92.15514,52.38034,998.7829,549.9935,SW_ISN,SW,Switzerland,ISN,-0.00779956321929165,-0.00783013890090491
2011-12-30,92.5549,52.60756,1016.9559,552.3793,SW_ISN,SW,Switzerland,ISN,0.004337902367681279,0.0043285207903316
2012-01-31,93.95058,53.40086,1016.9559,560.709,SW_ISN,SW,Switzerland,ISN,0.01507948255575875,0.014966917364552362
2012-02-29,94.51114,53.71948,1016.9559,564.0545,SW_ISN,SW,Switzerland,ISN,0.005966541132582659,0.005948811812896245
2012-03-30,96.46288,54.82883,1016.9559,575.7027,SW_ISN,SW,Switzerland,ISN,0.020650898931067863,0.020440559980778403
2012-04-30,101.44197,54.26741,1016.9559,569.8078,SW_ISN,SW,Switzerland,ISN,0.051616642588319994,0.05032863971671276
2012-05-31,101.78862,54.45285,1016.9559,571.7549,SW_ISN,SW,Switzerland,ISN,0.0034172246457753186,0.003411399201098526
2012-06-29,101.47338,54.28421,1005.764,569.9842,SW_ISN,SW,Switzerland,ISN,-0.0030970063254613933,-0.0031018119741993613
2012-07-31,101.4647,54.27957,1005.764,569.9354,SW_ISN,SW,Switzerland,ISN,-8.553967552882291e-05,-8.554333425551338e-05
2012-08-31,101.17713,54.12573,1005.764,568.3201,SW_ISN,SW,Switzerland,ISN,-0.0028341876534399013,-0.0028382115680852457
2012-09-28,100.67127,53.85511,1005.764,565.4787,SW_ISN,SW,Switzerland,ISN,-0.004999746484210421,-0.005012287033838471
2012-10-31,100.50174,53.76443,1005.764,564.5264,SW_ISN,SW,Switzerland,ISN,-0.0016839958411174472,-0.0016854153559758172
2012-11-30,99.88986,53.43709,1005.764,561.0894,SW_ISN,SW,Switzerland,ISN,-0.006088252800399263,-0.006106861780710173
2012-12-28,100.57495,53.80359,1048.9918,565.0177,SW_ISN,SW,Switzerland,ISN,0.006858453901126715,0.006835041692911285
2013-01-31,98.89888,52.90696,1048.9918,555.523,SW_ISN,SW,Switzerland,ISN,-0.016664885242299365,-0.016805306700021568
2013-02-28,100.22099,53.61423,1048.9918,562.9494,SW_ISN,SW,Switzerland,ISN,0.013368301036371655,0.013279733756329602
2013-03-28,103.2565,55.23811,1048.9918,580.0001,SW_ISN,SW,Switzerland,ISN,0.030288166181555498,0.029838536104180406
2013-04-30,103.80899,52.25009,1048.9918,548.6259,SW_ISN,SW,Switzerland,ISN,0.005350655890912437,0.005336391989875739
2013-05-31,102.58719,51.63512,1048.9918,542.1688,SW_ISN,SW,Switzerland,ISN,-0.011769693549662619,-0.01183950470404067
2013-06-28,103.34286,52.01548,1033.8474,546.1625,SW_ISN,SW,Switzerland,ISN,0.007366124366989579,0.007339126969290325
2013-07-31,102.92158,51.80343,1033.8474,543.936,SW_ISN,SW,Switzerland,ISN,-0.004076527396280616,-0.004084859084699797
2013-08-30,105.84915,53.27696,1033.8474,559.4081,SW_ISN,SW,Switzerland,ISN,0.028444666317792633,0.0280476282919666
2013-09-30,106.50287,53.606,1033.8474,562.863,SW_ISN,SW,Switzerland,ISN,0.0061759589000007775,0.006156965826014964
2013-10-31,106.25815,53.48282,1033.8474,561.5696,SW_ISN,SW,Switzerland,ISN,-0.002297778454233179,-0.002300422398053455
2013-11-29,108.07255,54.39606,1033.8474,571.1586,SW_ISN,SW,Switzerland,ISN,0.01707539609902864,0.01693125010908962
2013-12-30,108.68641,54.70504,1058.8038,574.1495,SW_ISN,SW,Switzerland,ISN,0.005680073247091855,0.005664002457834071
2014-01-31,109.90044,55.3161,1058.8038,580.819,SW_ISN,SW,Switzerland,ISN,0.011170025764950742,0.011108101729176452
2014-02-28,110.1782,55.4559,1058.8038,582.2869,SW_ISN,SW,Switzerland,ISN,0.002527378416319337,0.0025241899666390085
2014-03-31,112.57695,56.66326,1058.8038,594.9642,SW_ISN,SW,Switzerland,ISN,0.021771548273614938,0.02153793281521872
2014-04-30,117.25694,55.70288,1058.8038,584.8803,SW_ISN,SW,Switzerland,ISN,0.04157147622137569,0.04073060751711082
2014-05-30,118.02868,56.0695,1058.8038,588.7297,SW_ISN,SW,Switzerland,ISN,0.006581614700161831,0.006560050440848089
2014-06-30,121.3341,57.63974,1074.6295,576.3974,SW_ISN,SW,Switzerland,ISN,0.028005227204100036,0.027620251848936753
2014-07-31,122.16058,58.03236,1074.6295,580.3236,SW_ISN,SW,Switzerland,ISN,0.006811605311284996,0.0067885111407626425
2014-08-29,124.69502,59.23634,1074.6295,592.3634,SW_ISN,SW,Switzerland,ISN,0.020746790822375072,0.020534507271753655
2014-09-30,124.30969,59.05329,1074.6295,590.5329,SW_ISN,SW,Switzerland,ISN,-0.003090179543657756,-0.003094964007574531
2014-10-31,123.94329,58.87923,1074.6295,588.7923,SW_ISN,SW,Switzerland,ISN,-0.0029474773849086366,-0.002951829750813253
2014-11-28,126.14805,59.9266,1074.6295,599.266,SW_ISN,SW,Switzerland,ISN,0.017788457931042334,0.017632094895131182
2014-12-30,124.64482,59.2125,1101.9612,592.0412,SW_ISN,SW,Switzerland,ISN,-0.011916395061199903,-0.011987964430971007
2015-01-30,150.06404,71.28789,1101.9612,712.8789,SW_ISN,SW,Switzerland,ISN,0.20393322402005953,0.18559388357120887
2015-02-27,151.35083,71.89918,1101.9612,718.9918,SW_ISN,SW,Switzerland,ISN,0.008574939072678589,0.008538383110741671
2015-03-31,161.3647,76.65627,1101.9612,766.5627,SW_ISN,SW,Switzerland,ISN,0.0661632975517874,0.06406650120849096
2015-04-30,168.06803,76.03858,1101.9612,760.3858,SW_ISN,SW,Switzerland,ISN,0.04154148955750547,0.04070181727446445
2015-05-29,171.04828,77.38693,1101.9612,773.8693,SW_ISN,SW,Switzerland,ISN,0.01773240276571353,0.017577017920558897
2015-06-30,170.05913,76.93941,1332.1562,769.3941,SW_ISN,SW,Switzerland,ISN,-0.005782870193140721,-0.005799655730647583
2015-07-31,166.60395,75.37619,1332.1562,753.7619,SW_ISN,SW,Switzerland,ISN,-0.020317521323318655,-0.020526761167622417
2015-08-31,163.20803,73.83978,1332.1562,738.3978,SW_ISN,SW,Switzerland,ISN,-0.020383190194470102,-0.020593794184540326
2015-09-30,164.63705,74.48631,1332.1562,744.8631,SW_ISN,SW,Switzerland,ISN,0.008755819183651647,0.008717709292843934
2015-10-30,170.54427,77.1589,1332.1562,771.589,SW_ISN,SW,Switzerland,ISN,0.0358802590303946,0.03525155707090671
2015-11-30,166.22468,75.2046,1332.1562,752.046,SW_ISN,SW,Switzerland,ISN,-0.025328262274657565,-0.025654543929534052
2015-12-30,164.72034,74.524,1300.5011,741.0653,SW_ISN,SW,Switzerland,ISN,-0.009050039982029245,-0.0090912403589523
2016-01-29,165.11864,74.7042,1300.5011,747.042,SW_ISN,SW,Switzerland,ISN,0.0024180377481008986,0.0024151189989754488
2016-02-29,177.63114,80.3652,1300.5011,803.652,SW_ISN,SW,Switzerland,ISN,0.07577884604669705,0.07304490720085562
2016-03-31,191.19184,86.50043,1300.5011,865.0043,SW_ISN,SW,Switzerland,ISN,0.07634190716785372,0.07356816885628359
2016-04-29,189.26377,81.992,1300.5011,819.92,SW_ISN,SW,Switzerland,ISN,-0.010084478500756222,-0.01013567131341391
2016-05-31,187.38427,81.17778,1300.5011,811.7778,SW_ISN,SW,Switzerland,ISN,-0.009930585235621181,-0.009980222387892949
2016-06-30,191.54866,82.98185,1231.8167,829.8185,SW_ISN,SW,Switzerland,ISN,0.02222379712021727,0.02198044737867054
2016-07-29,202.62845,87.78179,1231.8167,877.8179,SW_ISN,SW,Switzerland,ISN,0.057843213311959296,0.05623213087805301
2016-08-31,203.8019,88.29015,1231.8167,882.9015,SW_ISN,SW,Switzerland,ISN,0.005791141372299968,0.005774437172995541
2016-09-30,211.50825,91.62866,1231.8167,916.2866,SW_ISN,SW,Switzerland,ISN,0.03781294482534281,0.037115561207053296
2016-10-31,214.76575,93.03986,1231.8167,930.3986,SW_ISN,SW,Switzerland,ISN,0.01540129049339689,0.015283894451559536
2016-11-30,212.673,92.13325,1231.8167,921.3325,SW_ISN,SW,Switzerland,ISN,-0.009744337726103836,-0.009792124471822497
2016-12-30,215.5899,93.39689,1302.1633,933.9689,SW_ISN,SW,Switzerland,ISN,0.013715422267988941,0.013622217128890458
2017-01-31,216.51376,93.79712,1302.1633,937.9712,SW_ISN,SW,Switzerland,ISN,0.0042852656826688484,0.0042761100784950235
2017-02-28,217.36317,94.1651,1302.1633,941.651,SW_ISN,SW,Switzerland,ISN,0.0039231224842246615,0.003915447106959167
2017-03-31,214.94966,93.11953,1302.1633,931.1953,SW_ISN,SW,Switzerland,ISN,-0.011103583003505113,-0.011165687934016913
2017-04-28,212.81607,88.48517,1302.1633,884.8517,SW_ISN,SW,Switzerland,ISN,-0.009925998487273713,-0.009975589644315112
2017-05-31,212.13304,88.20118,1302.1633,882.0118,SW_ISN,SW,Switzerland,ISN,-0.003209485073190188,-0.0032146465170845807
2017-06-30,211.39299,87.89348,1282.6801,878.9348,SW_ISN,SW,Switzerland,ISN,-0.0034886126178175214,-0.0034947120165741315
2017-07-31,201.50482,83.78215,1282.6801,837.8215,SW_ISN,SW,Switzerland,ISN,-0.04677624362094501,-0.047905611303686604
2017-08-31,202.47492,84.1855,1282.6801,841.855,SW_ISN,SW,Switzerland,ISN,0.00481427689918279,0.004802725328289694
2017-09-29,201.81551,83.91133,1282.6801,839.1133,SW_ISN,SW,Switzerland,ISN,-0.0032567490334112215,-0.0032620637828851503
2017-10-31,203.06326,84.43012,1282.6801,844.3012,SW_ISN,SW,Switzerland,ISN,0.006182626895227417,0.0061635928707909115
2017-11-30,201.39945,83.73834,1282.6801,837.3834,SW_ISN,SW,Switzerland,ISN,-0.00819355505274566,-0.008227306715453983
2017-12-29,200.14079,83.21501,1207.2242,832.1501,SW_ISN,SW,Switzerland,ISN,-0.006249570194953313,-0.006269180505465847
2018-01-31,203.73596,84.70982,1207.2242,847.0982,SW_ISN,SW,Switzerland,ISN,0.01796320480197955,0.017803772879794413
2018-02-28,199.64378,83.00836,1207.2242,830.0836,SW_ISN,SW,Switzerland,ISN,-0.020085703083540185,-0.020290163267740993
2018-03-29,205.26888,85.34718,1207.2242,853.4718,SW_ISN,SW,Switzerland,ISN,0.02817568371025625,0.027786050982312512
2018-04-30,207.90316,82.68791,1207.2242,826.8791,SW_ISN,SW,Switzerland,ISN,0.012833314041563515,0.012751664877833892
2018-05-31,221.42756,88.06688,1207.2242,880.6688,SW_ISN,SW,Switzerland,ISN,0.0650514402955682,0.0630230987419573
2018-06-29,219.22874,87.19236,1196.9577,871.9236,SW_ISN,SW,Switzerland,ISN,-0.00993020019730162,-0.009979833487641159
2018-07-31,219.23472,87.19474,1196.9577,871.9474,SW_ISN,SW,Switzerland,ISN,2.7277445466378225e-05,2.7277073443627844e-05
2018-08-31,225.31616,89.61347,1196.9577,896.1347,SW_ISN,SW,Switzerland,ISN,0.02773940186116497,0.027361634761329395
2018-09-28,219.08412,87.13484,1196.9577,871.3484,SW_ISN,SW,Switzerland,ISN,-0.027659090231255457,-0.028048805798404464
2018-10-31,218.15644,86.76588,1196.9577,867.6588,SW_ISN,SW,Switzerland,ISN,-0.004234355278693869,-0.0042433455486471285
2018-11-30,214.91321,85.47597,1196.9577,854.7597,SW_ISN,SW,Switzerland,ISN,-0.014866533392275838,-0.014978147895085052
2018-12-28,217.84373,86.64151,1291.1573,867.1682,SW_ISN,SW,Switzerland,ISN,0.013635830017149742,0.013543698667138575
2019-01-31,219.63471,87.35382,1291.1573,873.5382,SW_ISN,SW,Switzerland,ISN,0.008221397971839739,0.008187786376736964
2019-02-28,225.88519,89.83978,1291.1573,898.3978,SW_ISN,SW,Switzerland,ISN,0.028458525521762867,0.028061104088032675
2019-03-29,228.64026,90.93554,1291.1573,909.3554,SW_ISN,SW,Switzerland,ISN,0.012196771288989883,0.0121229899972482
2019-04-30,229.25883,87.33886,1291.1573,873.3886,SW_ISN,SW,Switzerland,ISN,0.002705429043861285,0.00270177595799868
2019-05-31,234.72112,89.41978,1291.1573,894.1978,SW_ISN,SW,Switzerland,ISN,0.02382586528946362,0.023546458728334208
2019-06-28,235.13363,89.57693,1176.8886,895.7693,SW_ISN,SW,Switzerland,ISN,0.0017574473059773776,0.001755904802442092
2019-07-31,238.76895,90.96185,1176.8886,864.1376,SW_ISN,SW,Switzerland,ISN,0.015460655287803604,0.01534235711028131
2019-08-30,256.66979,97.78139,1176.8886,928.9232,SW_ISN,SW,Switzerland,ISN,0.0749713897054034,0.07229404699792956
2019-09-30,260.0784,99.07994,1176.8886,941.2594,SW_ISN,SW,Switzerland,ISN,0.013280137097552602,0.013192729086732495
2019-10-31,258.7806,98.58553,1176.8886,936.5625,SW_ISN,SW,Switzerland,ISN,-0.00499003377443108,-0.005002525566602708
2019-11-29,267.91144,102.06403,1176.8886,969.6082,SW_ISN,SW,Switzerland,ISN,0.0352840978033131,0.03467587968289189
2019-12-30,274.26289,104.48369,1237.3964,992.7472,SW_ISN,SW,Switzerland,ISN,0.023707274314228588,0.023430620822637995
2020-01-31,305.66776,116.44774,1237.3964,1106.2535,SW_ISN,SW,Switzerland,ISN,0.11450645036227813,0.10841166150068368
2020-02-28,318.34214,121.2762,1237.3964,1152.1239,SW_ISN,SW,Switzerland,ISN,0.04146456270036447,0.040627955888327245
2020-03-31,251.176,95.68846,1237.3964,909.0404,SW_ISN,SW,Switzerland,ISN,-0.21098727300130604,-0.23697282772302028
2020-04-30,259.57737,93.94942,1237.3964,892.5195,SW_ISN,SW,Switzerland,ISN,0.03344813994967666,0.03290091982859644
2020-05-29,280.5902,101.55464,1237.3964,964.7691,SW_ISN,SW,Switzerland,ISN,0.08095016141044975,0.07784043344109662
2020-06-30,294.24407,106.49642,1278.1505,1011.716,SW_ISN,SW,Switzerland,ISN,0.048661250464200334,0.04751435110803999
2020-07-31,286.87848,103.83058,1278.1505,986.3905,SW_ISN,SW,Switzerland,ISN,-0.025032246189362395,-0.025350881545944746
2020-08-31,293.64052,106.27798,1278.1505,1009.6408,SW_ISN,SW,Switzerland,ISN,0.023571095329283587,0.023297586656727712
2020-09-30,304.41759,110.17855,1278.1505,1046.6962,SW_ISN,SW,Switzerland,ISN,0.036701576471803055,0.03604411200922743
2020-10-30,290.799,105.24954,1278.1505,999.8706,SW_ISN,SW,Switzerland,ISN,-0.04473654101262692,-0.045768103262237035
2020-11-30,297.01619,107.49974,1278.1505,1021.2475,SW_ISN,SW,Switzerland,ISN,0.021379681498217007,0.021154342237592525
2020-12-30,313.18473,113.35165,1270.2021,1079.7879,SW_ISN,SW,Switzerland,ISN,0.05443656118543583,0.05300655903732467
2021-01-29,306.89346,111.07464,1270.2021,1055.2091,SW_ISN,SW,Switzerland,ISN,-0.020088048354081622,-0.02029255661311348
2021-02-26,297.62117,107.7187,1270.2021,1023.3276,SW_ISN,SW,Switzerland,ISN,-0.030213384149665456,-0.03067921534411181
2021-03-31,311.49597,112.74044,1270.2021,1071.0342,SW_ISN,SW,Switzerland,ISN,0.04661899555061888,0.04556496456254264
2021-04-30,319.99383,111.29885,1270.2021,1057.3391,SW_ISN,SW,Switzerland,ISN,0.02728080238084618,0.026915313613746526
2021-05-31,321.76406,111.91457,1270.2021,1063.1884,SW_ISN,SW,Switzerland,ISN,0.005532075415328963,0.005516829687295216
2021-06-30,318.80592,110.88568,1283.1753,1053.4139,SW_ISN,SW,Switzerland,ISN,-0.009193506571243404,-0.009236027665399837
2021-07-30,334.38046,116.30274,1283.1753,1104.8761,SW_ISN,SW,Switzerland,ISN,0.04885273146747093,0.04769693010913554
2021-08-31,329.67422,114.66584,1283.1753,1089.3255,SW_ISN,SW,Switzerland,ISN,-0.014074506626374106,-0.01417449176443573
2021-09-30,309.09557,107.50827,1283.1753,1021.3285,SW_ISN,SW,Switzerland,ISN,-0.0624211683885989,-0.06445443762052801
2021-10-29,311.45317,108.32828,1283.1753,1029.1186,SW_ISN,SW,Switzerland,ISN,0.007627414394842269,0.007598472743151002
2021-11-30,315.97049,109.89947,1283.1753,1044.045,SW_ISN,SW,Switzerland,ISN,0.014504010346081841,0.014399833303106811
2021-12-30,340.12736,118.30161,1378.9589,1120.5334,SW_ISN,SW,Switzerland,ISN,0.07645293077844073,0.07367131255463187
2022-01-31,337.28361,117.31251,1378.9589,1114.4688,SW_ISN,SW,Switzerland,ISN,-0.008360838716414909,-0.008395986575935543
2022-02-28,342.93866,119.27942,1378.9589,1133.1545,SW_ISN,SW,Switzerland,ISN,0.016766453608581866,0.016627448225115842
2022-03-31,359.5328,125.05112,1378.9589,1187.9857,SW_ISN,SW,Switzerland,ISN,0.048388070333044375,0.047253813475479786
2022-04-29,369.57651,123.63811,1378.9589,1174.562,SW_ISN,SW,Switzerland,ISN,0.027935448448653366,0.027552371723503357
2022-05-31,387.68623,129.69653,1378.9589,1232.117,SW_ISN,SW,Switzerland,ISN,0.04900127445870428,0.047838544340690244
2022-06-30,368.95194,123.42917,1469.0251,1172.5771,SW_ISN,SW,Switzerland,ISN,-0.048323330957614985,-0.04952993523808255
2022-07-29,394.05912,131.82852,1469.0251,1252.3709,SW_ISN,SW,Switzerland,ISN,0.06805000130911365,0.06583455714725114
2022-08-31,389.01837,130.14219,1469.0251,1236.3508,SW_ISN,SW,Switzerland,ISN,-0.012791862297210632,-0.012874382649035229
2022-09-30,385.46424,128.95319,1469.0251,1225.0553,SW_ISN,SW,Switzerland,ISN,-0.009136149534532234,-0.009178140099080937
2022-10-31,367.87535,123.069,1469.0251,1169.1555,SW_ISN,SW,Switzerland,ISN,-0.0456304065975095,-0.04670426809143943
2022-11-30,384.39611,128.59586,1469.0251,1221.6606,SW_ISN,SW,Switzerland,ISN,0.04490858112673224,0.04392939941460979
2022-12-30,365.07785,122.13313,1474.8527,1160.2647,SW_ISN,SW,Switzerland,ISN,-0.050256127722000166,-0.051562938866777014
2023-01-31,367.62639,122.98571,1474.8527,1168.3643,SW_ISN,SW,Switzerland,ISN,0.0069808124486325784,0.006956559382729912
2023-02-28,368.04692,123.1264,1474.8527,1169.7008,SW_ISN,SW,Switzerland,ISN,0.001143905909475107,0.0011432521476241074
2023-03-31,400.88102,134.11072,1474.8527,1274.0518,SW_ISN,SW,Switzerland,ISN,0.08921172333136207,0.08545424500905024
2023-04-28,412.59468,127.60387,1474.8527,1212.2368,SW_ISN,SW,Switzerland,ISN,0.029219791947246554,0.028801031659561334
2023-05-31,405.57473,125.4328,1474.8527,1191.6116,SW_ISN,SW,Switzerland,ISN,-0.017014155393375363,-0.017160559135373923
2023-06-30,395.22423,122.23169,1426.1581,1161.201,SW_ISN,SW,Switzerland,ISN,-0.02552057422315246,-0.0258518728517028
2023-07-31,406.76886,125.80211,1426.1581,1195.1201,SW_ISN,SW,Switzerland,ISN,0.029210329538753355,0.028791837848807695
2023-08-31,405.45277,125.39508,1426.1581,1191.2533,SW_ISN,SW,Switzerland,ISN,-0.003235473826585511,-0.0032407192894545397
2023-09-29,405.112,125.28969,1426.1581,1190.2521,SW_ISN,SW,Switzerland,ISN,-0.0008404678059048543,-0.0008408211969943325
2023-10-31,405.393,125.3766,1426.1581,1191.0777,SW_ISN,SW,Switzerland,ISN,0.0006936353403501627,0.0006933948865425523
2023-11-30,415.3889,128.46805,1426.1581,1220.4464,SW_ISN,SW,Switzerland,ISN,0.024657307846953413,0.024358222880513335
2023-12-29,428.33862,132.47303,1507.8091,1258.4938,SW_ISN,SW,Switzerland,ISN,0.03117493028821916,0.0306988611450485
2024-01-31,429.83798,132.93674,1507.8091,1262.899,SW_ISN,SW,Switzerland,ISN,0.003500408158386481,0.003494295988987693
2024-02-29,416.61796,128.84816,1507.8091,1224.0575,SW_ISN,SW,Switzerland,ISN,-0.03075582106541641,-0.031238708191115454
2024-03-28,430.658,133.19035,1507.8091,1265.3083,SW_ISN,SW,Switzerland,ISN,0.03370003539933819,0.03314463283757395
2024-04-30,425.19867,125.91685,1507.8091,1196.21,SW_ISN,SW,Switzerland,ISN,-0.01267671795252856,-0.01275775310983331
2024-05-31,413.56869,122.47279,1507.8091,1163.4915,SW_ISN,SW,Switzerland,ISN,-0.02735187294917929,-0.02773289935490752
2024-06-28,414.54792,122.76277,1525.987,1166.2463,SW_ISN,SW,Switzerland,ISN,0.0023677566113624593,0.0023649578925964533
2024-07-31,415.83476,123.14385,1525.987,1169.8666,SW_ISN,SW,Switzerland,ISN,0.0031042008364197127,0.0030993927526054717
2024-08-30,441.07928,130.61968,1525.987,1240.8869,SW_ISN,SW,Switzerland,ISN,0.060708056248111486,0.058936662718801165
2024-09-30,428.26814,126.82583,1525.987,1204.8454,SW_ISN,SW,Switzerland,ISN,-0.029044982570933686,-0.029475137789573967
2024-10-31,436.16442,129.16421,1525.987,1227.06,SW_ISN,SW,Switzerland,ISN,0.018437701202802526,0.018269787610008886
2024-11-29,446.78723,132.31001,1525.987,1256.9451,SW_ISN,SW,Switzerland,ISN,0.024355058580890265,0.024063203413371415
2024-12-30,455.86106,134.9971,1729.5148,1282.4725,SW_ISN,SW,Switzerland,ISN,0.02030906299627233,0.020105584337582406
2025-01-31,486.8205,144.16532,1729.5148,1369.5705,SW_ISN,SW,Switzerland,ISN,0.06791420175261287,0.06570740187331059
2025-02-28,498.39963,147.59433,1729.5148,1402.1461,SW_ISN,SW,Switzerland,ISN,0.023785214468166505,0.023506753120463332
2025-03-31,477.45228,141.39105,1729.5148,1343.215,SW_ISN,SW,Switzerland,ISN,-0.04202922462041159,-0.042938007343407865
2025-04-30,509.75582,144.78415,1729.5148,1375.4494,SW_ISN,SW,Switzerland,ISN,0.06765815423480648,0.0654676089968806
2025-05-30,525.17867,149.16465,1729.5148,1417.0641,SW_ISN,SW,Switzerland,ISN,0.030255368148616624,0.02980670175329657
2025-06-30,535.15741,151.99887,2017.9927,1443.9893,SW_ISN,SW,Switzerland,ISN,0.019000657433402734,0.01882239941545592
2025-07-31,571.36819,162.28369,2017.9927,1541.6951,SW_ISN,SW,Switzerland,ISN,0.06766379260262889,0.0654728900439197
2025-08-29,580.43774,164.85969,2017.9927,1566.167,SW_ISN,SW,Switzerland,ISN,0.015873389801416726,0.015748725053841017
2025-09-30,590.86396,167.82101,2017.9927,1594.2996,SW_ISN,SW,Switzerland,ISN,0.01796268450773053,0.017803261766642653
2025-10-31,598.80315,170.07595,2017.9927,1615.7215,SW_ISN,SW,Switzerland,ISN,0.013436578531545562,0.013347108268684526
2025-11-28,604.53471,171.70386,2017.9927,1631.1867,SW_ISN,SW,Switzerland,ISN,0.009571693134880821,0.009526174708579154
2025-12-30,622.29618,176.74859,1943.4916,1679.1116,SW_ISN,SW,Switzerland,ISN,0.029380397363784283,0.028957065276674066
2026-01-30,643.14915,182.67139,1943.4916,1735.3782,SW_ISN,SW,Switzerland,ISN,0.03350971879660247,0.03296050386576824
2026-02-27,661.14938,187.78393,1943.4916,1783.9473,SW_ISN,SW,Switzerland,ISN,0.027987644856562355,0.02760314833872809
2026-03-31,641.28797,182.14276,1943.4916,1730.3562,SW_ISN,SW,Switzerland,ISN,-0.03004072997845053,-0.03050119803480506
2026-04-30,674.18581,184.83815,1943.4916,1755.9624,SW_ISN,SW,Switzerland,ISN,0.05129963688543859,0.050027148203829544
2005-06-30,108.50598,108.50598,547.7461,294.7306,SW_MOBN,SW,Switzerland,MOBN,,
2005-07-29,108.16336,108.16336,547.7461,293.7999,SW_MOBN,SW,Switzerland,MOBN,-0.003157613985883545,-0.0031626097681987987
2005-08-31,108.51159,108.51159,547.7461,294.7458,SW_MOBN,SW,Switzerland,MOBN,0.0032194820870949936,0.003214310651231049
2005-09-30,110.12151,110.12151,547.7461,299.1187,SW_MOBN,SW,Switzerland,MOBN,0.014836387523212924,0.0147274049421006
2005-10-31,108.35424,108.35424,547.7461,294.3184,SW_MOBN,SW,Switzerland,MOBN,-0.016048363303409086,-0.016178532836356112
2005-11-30,107.55458,107.55458,547.7461,308.6589,SW_MOBN,SW,Switzerland,MOBN,-0.007380052686447702,-0.007407420006588144
2005-12-30,109.73996,109.73996,657.5465,314.9305,SW_MOBN,SW,Switzerland,MOBN,0.020318799999033077,0.02011512748156999
2006-01-31,110.2026,110.2026,657.5465,316.2582,SW_MOBN,SW,Switzerland,MOBN,0.004215784295893643,0.00420692277405855
2006-02-28,111.24679,111.24679,657.5465,319.2548,SW_MOBN,SW,Switzerland,MOBN,0.009475184796003067,0.009430576790565328
2006-03-31,116.88074,116.88074,657.5465,335.423,SW_MOBN,SW,Switzerland,MOBN,0.05064370846116106,0.04940303200486428
2006-04-28,119.13561,119.13561,657.5465,341.8941,SW_MOBN,SW,Switzerland,MOBN,0.01929205787027022,0.019108325412899644
2006-05-31,111.09127,111.09127,657.5465,407.6024,SW_MOBN,SW,Switzerland,MOBN,-0.06752254846388928,-0.06991030841484958
2006-06-30,115.53201,115.53201,673.7192,423.8959,SW_MOBN,SW,Switzerland,MOBN,0.039973798121130555,0.039195518721606724
2006-07-31,112.57267,112.57267,673.7192,413.0378,SW_MOBN,SW,Switzerland,MOBN,-0.025614892357538,-0.025948665761463128
2006-08-31,111.80339,111.80339,673.7192,410.2153,SW_MOBN,SW,Switzerland,MOBN,-0.00683363022303729,-0.006857086395666582
2006-09-29,113.1281,113.1281,673.7192,415.0757,SW_MOBN,SW,Switzerland,MOBN,0.011848567382438224,0.011778922694669576
2006-10-31,112.58974,112.58974,673.7192,413.1005,SW_MOBN,SW,Switzerland,MOBN,-0.004758853017066467,-0.004770212410870668
2006-11-30,112.03374,112.03374,673.7192,411.0605,SW_MOBN,SW,Switzerland,MOBN,-0.004938283008736111,-0.004950516620248593
2006-12-29,116.27275,116.27275,714.2036,426.6137,SW_MOBN,SW,Switzerland,MOBN,0.03783690520373595,0.03713864831723603
2007-01-31,122.30043,122.30043,714.2036,448.7297,SW_MOBN,SW,Switzerland,MOBN,0.051840865551042725,0.05054183438568456
2007-02-28,120.0782,120.0782,714.2036,440.5762,SW_MOBN,SW,Switzerland,MOBN,-0.018170255002374125,-0.01833736142515181
2007-03-30,119.17806,119.17806,714.2036,437.2735,SW_MOBN,SW,Switzerland,MOBN,-0.007496281589830622,-0.0075245199188229426
2007-04-30,118.05831,118.05831,714.2036,433.1651,SW_MOBN,SW,Switzerland,MOBN,-0.00939560519780236,-0.009440022332493076
2007-05-31,118.51265,118.51265,714.2036,420.6552,SW_MOBN,SW,Switzerland,MOBN,0.0038484372679905565,0.0038410509776726567
2007-06-29,111.02441,111.02441,768.156,492.5923,SW_MOBN,SW,Switzerland,MOBN,-0.06318515365237376,-0.06526961888694555
2007-07-31,109.64952,109.64952,768.156,486.4922,SW_MOBN,SW,Switzerland,MOBN,-0.012383673103959825,-0.012460989756268116
2007-08-31,109.19513,109.19513,768.156,484.4761,SW_MOBN,SW,Switzerland,MOBN,-0.004144021788695329,-0.00415263204260729
2007-09-28,108.83879,108.83879,768.156,482.8951,SW_MOBN,SW,Switzerland,MOBN,-0.003263332348246717,-0.0032686686297903372
2007-10-31,107.83179,107.83179,768.156,478.4272,SW_MOBN,SW,Switzerland,MOBN,-0.009252216052751061,-0.009295283656714472
2007-11-30,106.75747,106.75747,768.156,473.6607,SW_MOBN,SW,Switzerland,MOBN,-0.009962924662569317,-0.010012886718940465
2007-12-28,107.18645,107.18645,833.3956,476.0965,SW_MOBN,SW,Switzerland,MOBN,0.0040182668247945585,0.0040102151526279165
2008-01-31,109.90386,109.90386,833.3956,487.6206,SW_MOBN,SW,Switzerland,MOBN,0.025352178377024304,0.025036142237816295
2008-02-29,117.16215,117.16215,833.3956,519.8241,SW_MOBN,SW,Switzerland,MOBN,0.06604217540676016,0.06395288913245642
2008-03-31,121.05211,121.05211,833.3956,538.2976,SW_MOBN,SW,Switzerland,MOBN,0.0332015074834322,0.032662241281682
2008-04-30,114.56665,114.56665,833.3956,509.4579,SW_MOBN,SW,Switzerland,MOBN,-0.05357576997212199,-0.055064364333903666
2008-05-30,116.70646,116.70646,833.3956,518.9733,SW_MOBN,SW,Switzerland,MOBN,0.01867742488760915,0.01850514366116469
2008-06-30,114.30363,114.30363,909.2796,508.2883,SW_MOBN,SW,Switzerland,MOBN,-0.02058866321538677,-0.02080356454646981
2008-07-31,107.2818,107.2818,909.2796,477.0635,SW_MOBN,SW,Switzerland,MOBN,-0.06143138236292234,-0.0633993114705021
2008-08-29,107.77283,107.77283,909.2796,479.247,SW_MOBN,SW,Switzerland,MOBN,0.004577011198544367,0.004566568534790571
2008-09-30,108.30645,108.30645,909.2796,481.6199,SW_MOBN,SW,Switzerland,MOBN,0.004951340704331564,0.00493912312926781
2008-10-31,90.5676,90.5676,909.2796,402.7383,SW_MOBN,SW,Switzerland,MOBN,-0.163783874367593,-0.17886817582513254
2008-11-28,88.64998,88.64998,909.2796,394.211,SW_MOBN,SW,Switzerland,MOBN,-0.021173355592949306,-0.021400726281206404
2008-12-30,92.67774,92.67774,1018.0232,412.1186,SW_MOBN,SW,Switzerland,MOBN,0.04543441521363012,0.04443250737240424
2009-01-30,88.35352,88.35352,1018.0232,392.8927,SW_MOBN,SW,Switzerland,MOBN,-0.04665866906120064,-0.04778227477489406
2009-02-27,82.07258,82.07258,1018.0232,364.9625,SW_MOBN,SW,Switzerland,MOBN,-0.07108873534410398,-0.0737420617853526
2009-03-31,93.9627,93.9627,1018.0232,417.8358,SW_MOBN,SW,Switzerland,MOBN,0.14487323293601828,0.1352939172840036
2009-04-30,100.60787,100.60787,1018.0232,447.3856,SW_MOBN,SW,Switzerland,MOBN,0.07072136071015422,0.06833259021205043
2009-05-29,102.25765,102.25765,1018.0232,454.7219,SW_MOBN,SW,Switzerland,MOBN,0.016398120743436717,0.01626512352811774
2009-06-30,93.54628,93.54628,994.1329,415.984,SW_MOBN,SW,Switzerland,MOBN,-0.08519039895792635,-0.08903932165238788
2009-07-31,96.87643,96.87643,994.1329,430.7926,SW_MOBN,SW,Switzerland,MOBN,0.03559895700823179,0.034979961757071104
2009-08-31,98.4956,98.4956,994.1329,438.1844,SW_MOBN,SW,Switzerland,MOBN,0.01671376618647069,0.01657562827465842
2009-09-30,105.67044,105.67044,994.1329,470.1036,SW_MOBN,SW,Switzerland,MOBN,0.07284426918562859,0.07031331722122638
2009-10-30,107.07452,107.07452,994.1329,476.35,SW_MOBN,SW,Switzerland,MOBN,0.013287348855555159,0.013199846301483619
2009-11-30,108.8196,108.8196,994.1329,563.0257,SW_MOBN,SW,Switzerland,MOBN,0.016297808292766502,0.016166424603877547
2009-12-30,115.74249,115.74249,1310.8216,600.1631,SW_MOBN,SW,Switzerland,MOBN,0.06361804307312302,0.061676344395830765
2010-01-29,119.36324,119.36324,1310.8216,617.5778,SW_MOBN,SW,Switzerland,MOBN,0.0312828072041651,0.03080347120719258
2010-02-26,122.8526,122.8526,1310.8216,635.6316,SW_MOBN,SW,Switzerland,MOBN,0.029233120682715885,0.02881398190524122
2010-03-31,131.13954,131.13954,1310.8216,677.917,SW_MOBN,SW,Switzerland,MOBN,0.06745433145086066,0.06527668436323114
2010-04-30,124.61108,124.61108,1310.8216,644.1686,SW_MOBN,SW,Switzerland,MOBN,-0.04978254460859033,-0.05106442016924257
2010-05-31,124.38612,124.38612,1310.8216,643.0056,SW_MOBN,SW,Switzerland,MOBN,-0.001805296928651945,-0.0018069284410241158
2010-06-30,139.01303,139.01303,1640.5144,718.6184,SW_MOBN,SW,Switzerland,MOBN,0.11759278286033825,0.11117707122711022
2010-07-30,137.03987,137.03987,1640.5144,708.4183,SW_MOBN,SW,Switzerland,MOBN,-0.014194065117492771,-0.014295764357195422
2010-08-31,139.75799,133.34035,1640.5144,693.5804,SW_MOBN,SW,Switzerland,MOBN,0.01983451969124017,0.01964037853773837
2010-09-30,140.2453,133.80528,1640.5144,695.9988,SW_MOBN,SW,Switzerland,MOBN,0.0034868131689642645,0.0034807483298118333
2010-10-29,141.14903,134.66751,1640.5144,700.4838,SW_MOBN,SW,Switzerland,MOBN,0.006443923610987445,0.006423250299201963
2010-11-30,146.75922,140.02008,1640.5144,728.3256,SW_MOBN,SW,Switzerland,MOBN,0.03974657140753979,0.03897700211925559
2010-12-30,164.52725,156.97221,1741.9618,812.8141,SW_MOBN,SW,Switzerland,MOBN,0.12106925888540432,0.11428292530855737
2011-01-31,160.86105,153.47436,1741.9618,798.3091,SW_MOBN,SW,Switzerland,MOBN,-0.02228323879478933,-0.022535261112079052
2011-02-28,160.11519,152.76275,1741.9618,794.6076,SW_MOBN,SW,Switzerland,MOBN,-0.004636672457378532,-0.004647455166621545
2011-03-31,166.77564,159.11735,1741.9618,835.7255,SW_MOBN,SW,Switzerland,MOBN,0.04159786463732762,0.040755942390695764
2011-04-29,174.41177,159.28115,1741.9618,836.5857,SW_MOBN,SW,Switzerland,MOBN,0.045786842730748845,0.04476956163590349
2011-05-31,191.49518,174.88252,1741.9618,918.5282,SW_MOBN,SW,Switzerland,MOBN,0.09794872215332728,0.0934436408614037
2011-06-30,190.57682,174.04384,1812.5627,914.1232,SW_MOBN,SW,Switzerland,MOBN,-0.0047957342842781525,-0.0048072707164947374
2011-07-29,205.78437,187.9321,1812.5627,987.0679,SW_MOBN,SW,Switzerland,MOBN,0.07979748009227983,0.0767735051192745
2011-08-31,204.03179,186.33156,1812.5627,978.6615,SW_MOBN,SW,Switzerland,MOBN,-0.008516584617189293,-0.008553057957127116
2011-09-30,192.34701,175.66046,1812.5627,922.6141,SW_MOBN,SW,Switzerland,MOBN,-0.05726940885045406,-0.058974730539503493
2011-10-31,193.92491,177.10147,1812.5627,930.9806,SW_MOBN,SW,Switzerland,MOBN,0.008203402797891224,0.008169937782589417
2011-11-30,185.52587,169.43106,1812.5627,1058.1763,SW_MOBN,SW,Switzerland,MOBN,-0.04331078457120341,-0.044276689039720624
2011-12-30,184.95667,168.91125,2036.8488,1054.9302,SW_MOBN,SW,Switzerland,MOBN,-0.0030680357407837366,-0.00307275181095524
2012-01-31,191.00248,174.43257,2036.8488,1089.4135,SW_MOBN,SW,Switzerland,MOBN,0.03268771004581761,0.03216483082632118
2012-02-29,194.75571,177.8602,2036.8488,1110.8206,SW_MOBN,SW,Switzerland,MOBN,0.019650163704680645,0.019459591706081778
2012-03-30,197.9785,180.8034,2036.8488,1129.2023,SW_MOBN,SW,Switzerland,MOBN,0.016547858853535047,0.016412434978468036
2012-04-30,207.20082,181.72338,2036.8488,1134.948,SW_MOBN,SW,Switzerland,MOBN,0.046582431930739965,0.04553002896637631
2012-05-31,204.74078,179.56583,2036.8488,1121.4731,SW_MOBN,SW,Switzerland,MOBN,-0.011872732936095476,-0.011943776712210728
2012-06-29,205.48305,180.21683,2050.969,1125.5389,SW_MOBN,SW,Switzerland,MOBN,0.0036254135595263914,0.0036188575884140263
2012-07-31,211.46721,185.46518,2050.969,1158.3173,SW_MOBN,SW,Switzerland,MOBN,0.029122402066739772,0.028706402223442614
2012-08-31,206.92055,181.47757,2050.969,1133.4128,SW_MOBN,SW,Switzerland,MOBN,-0.021500543748602885,-0.021735047842228884
2012-09-28,201.00359,176.28816,2050.969,1101.0025,SW_MOBN,SW,Switzerland,MOBN,-0.028595323180805376,-0.02901213456777863
2012-10-31,201.56345,176.77918,2050.969,1104.0692,SW_MOBN,SW,Switzerland,MOBN,0.002785323386512495,0.0027814515611862337
2012-11-30,203.66758,178.62459,2050.969,1115.5946,SW_MOBN,SW,Switzerland,MOBN,0.01043904537256135,0.010384934787869797
2012-12-28,204.26104,179.14508,2086.6961,1126.0405,SW_MOBN,SW,Switzerland,MOBN,0.0029138658199798773,0.002909628741827391
2013-01-31,194.39582,170.49288,2086.6961,1071.5042,SW_MOBN,SW,Switzerland,MOBN,-0.04829712019482535,-0.049502393949423476
2013-02-28,196.76186,172.568,2086.6961,1084.5457,SW_MOBN,SW,Switzerland,MOBN,0.012171249361226044,0.012097775285787787
2013-03-28,197.22269,172.97216,2086.6961,1087.0858,SW_MOBN,SW,Switzerland,MOBN,0.002342069748679787,0.0023393313781290524
2013-04-30,200.67081,168.57005,2086.6961,1059.4197,SW_MOBN,SW,Switzerland,MOBN,0.017483383884481007,0.017332307866609234
2013-05-31,194.04027,163.00019,2086.6961,1024.4145,SW_MOBN,SW,Switzerland,MOBN,-0.033041875896150485,-0.03360008942635427
2013-06-28,183.7117,154.32385,2103.4067,969.8879,SW_MOBN,SW,Switzerland,MOBN,-0.05322900241274653,-0.0546980338486
2013-07-31,185.20555,155.57873,2103.4067,977.7745,SW_MOBN,SW,Switzerland,MOBN,0.00813149080869624,0.008098608372526146
2013-08-30,184.62321,155.08954,2103.4067,974.7001,SW_MOBN,SW,Switzerland,MOBN,-0.0031442902224041447,-0.003149243889475513
2013-09-30,181.73221,152.66101,2103.4067,959.4374,SW_MOBN,SW,Switzerland,MOBN,-0.015658919590879172,-0.015782815558913192
2013-10-31,181.62385,152.56998,2103.4067,959.7247,SW_MOBN,SW,Switzerland,MOBN,-0.0005962619394768165,-0.0005964397743213306
2013-11-29,183.70821,154.32092,2103.4067,970.7388,SW_MOBN,SW,Switzerland,MOBN,0.011476246098736542,0.011410893512777095
2013-12-30,178.70214,150.11565,2211.444,943.8695,SW_MOBN,SW,Switzerland,MOBN,-0.02725011582225967,-0.027628286184311995
2014-01-31,181.98148,152.8704,2211.444,961.6145,SW_MOBN,SW,Switzerland,MOBN,0.01835087145570835,0.01818452618590983
2014-02-28,189.75633,159.40154,2211.444,1002.6979,SW_MOBN,SW,Switzerland,MOBN,0.042723303492201437,0.04183585174579585
2014-03-31,190.26083,152.11807,2211.444,956.882,SW_MOBN,SW,Switzerland,MOBN,0.0026586728358417577,0.002655144817066045
2014-04-30,191.20374,152.87194,2211.444,961.6242,SW_MOBN,SW,Switzerland,MOBN,0.004955880829490722,0.004943640875271729
2014-05-30,191.23536,152.89722,2211.444,961.7832,SW_MOBN,SW,Switzerland,MOBN,0.0001653733342243946,0.00016535966156193342
2014-06-30,191.28348,152.9357,2227.2687,962.0253,SW_MOBN,SW,Switzerland,MOBN,0.00025162710494552876,0.0002515954521552458
2014-07-31,188.00422,150.31385,2227.2687,945.5328,SW_MOBN,SW,Switzerland,MOBN,-0.01714345640303072,-0.017292106822632793
2014-08-29,194.1292,155.21092,2227.2687,976.3373,SW_MOBN,SW,Switzerland,MOBN,0.03257894955762164,0.03205950739238031
2014-09-30,189.80198,151.75121,2227.2687,954.5743,SW_MOBN,SW,Switzerland,MOBN,-0.022290412776645674,-0.022542598623780417
2014-10-31,194.18185,155.25302,2227.2687,976.6021,SW_MOBN,SW,Switzerland,MOBN,0.023075997415833216,0.022813772984245625
2014-11-28,199.51914,159.5203,2227.2687,1003.445,SW_MOBN,SW,Switzerland,MOBN,0.027486039503691995,0.027115080438229747
2014-12-30,204.70024,163.66272,2301.7619,1029.3568,SW_MOBN,SW,Switzerland,MOBN,0.025967934705412254,0.025636493536431514
2015-01-30,252.83325,202.14621,2301.7619,1271.5786,SW_MOBN,SW,Switzerland,MOBN,0.23513900130258758,0.21118351540849167
2015-02-27,260.6194,208.37142,2301.7619,1310.7376,SW_MOBN,SW,Switzerland,MOBN,0.030795593538428978,0.030330924989137153
2015-03-31,271.61061,217.15915,2301.7619,1366.0159,SW_MOBN,SW,Switzerland,MOBN,0.04217341456545465,0.04130835421104046
2015-04-30,255.65476,195.87787,2301.7619,1232.1483,SW_MOBN,SW,Switzerland,MOBN,-0.05874531190073906,-0.06054151916409116
2015-05-29,246.96669,189.22123,2301.7619,1190.2754,SW_MOBN,SW,Switzerland,MOBN,-0.03398360351279983,-0.03457447132443466
2015-06-30,235.50186,180.4371,2605.7676,1135.0198,SW_MOBN,SW,Switzerland,MOBN,-0.0464225762591709,-0.047534657719729353
2015-07-31,249.47117,191.14012,2605.7676,1202.346,SW_MOBN,SW,Switzerland,MOBN,0.05931719605102059,0.057624545898371356
2015-08-31,237.90786,182.28053,2605.7676,1146.6157,SW_MOBN,SW,Switzerland,MOBN,-0.04635128780612208,-0.047459901557637345
2015-09-30,232.54099,178.16853,2605.7676,1121.4155,SW_MOBN,SW,Switzerland,MOBN,-0.022558607353283744,-0.022816945291717086
2015-10-30,253.0545,193.8856,2605.7676,1220.3407,SW_MOBN,SW,Switzerland,MOBN,0.08821459820911581,0.08453836998532765
2015-11-30,260.37075,199.49117,2605.7676,1255.6229,SW_MOBN,SW,Switzerland,MOBN,0.028911756163197966,0.028501696287503667
2015-12-30,265.83737,203.67959,2733.6679,1274.804,SW_MOBN,SW,Switzerland,MOBN,0.02099552273056804,0.02077815399227502
2016-01-29,251.28351,192.5287,2733.6679,1211.8002,SW_MOBN,SW,Switzerland,MOBN,-0.05474723136179094,-0.056302907214369716
2016-02-29,262.5716,201.17742,2733.6679,1266.2364,SW_MOBN,SW,Switzerland,MOBN,0.04492173004109978,0.04394198312946688
2016-03-31,276.83061,212.10241,2733.6679,1334.9996,SW_MOBN,SW,Switzerland,MOBN,0.05430522569843799,0.052881996145855883
2016-04-29,269.65269,197.73616,2733.6679,1244.5767,SW_MOBN,SW,Switzerland,MOBN,-0.025928924550648436,-0.02627100526137551
2016-05-31,274.51142,201.29907,2733.6679,1267.0021,SW_MOBN,SW,Switzerland,MOBN,0.01801847406009549,0.017858065370442374
2016-06-30,276.00579,202.39489,2714.7107,1273.8993,SW_MOBN,SW,Switzerland,MOBN,0.005443744380470683,0.005428980759381148
2016-07-29,290.55435,213.06334,2714.7107,1341.0479,SW_MOBN,SW,Switzerland,MOBN,0.05271106812650572,0.05136880625663802
2016-08-31,301.30272,220.94511,2714.7107,1390.6568,SW_MOBN,SW,Switzerland,MOBN,0.036992631499063844,0.03632482362818577
2016-09-30,305.40541,223.95362,2714.7107,1409.5927,SW_MOBN,SW,Switzerland,MOBN,0.013616505021926129,0.013524633457652629
2016-10-31,295.49678,216.68763,2714.7107,1363.8596,SW_MOBN,SW,Switzerland,MOBN,-0.0324441862375654,-0.03298216709878272
2016-11-30,305.31951,223.89063,2714.7107,1409.1962,SW_MOBN,SW,Switzerland,MOBN,0.03324141129388947,0.032700862053733945
2016-12-30,319.90763,234.58808,2825.8507,1476.5274,SW_MOBN,SW,Switzerland,MOBN,0.047779848723063845,0.04667349581913137
2017-01-31,326.63841,239.52377,2825.8507,1507.5932,SW_MOBN,SW,Switzerland,MOBN,0.021039760758441606,0.02082148138062935
2017-02-28,337.73213,247.65879,2825.8507,1558.796,SW_MOBN,SW,Switzerland,MOBN,0.03396330517283608,0.033399287229084085
2017-03-31,339.14243,239.45684,2825.8507,1507.172,SW_MOBN,SW,Switzerland,MOBN,0.004175794586082082,0.004167100151580609
2017-04-28,345.52867,243.96595,2825.8507,1535.5528,SW_MOBN,SW,Switzerland,MOBN,0.01883055446645221,0.018655454315830117
2017-05-31,351.13488,247.9243,2825.8507,1560.4672,SW_MOBN,SW,Switzerland,MOBN,0.016225021211698776,0.016094802204323404
2017-06-30,343.88702,242.80684,2926.4197,1528.2572,SW_MOBN,SW,Switzerland,MOBN,-0.020641241906813712,-0.02085724996016595
2017-07-31,338.26538,238.83759,2926.4197,1503.2743,SW_MOBN,SW,Switzerland,MOBN,-0.016347345706738237,-0.016482437851200193
2017-08-31,324.78768,229.32145,2926.4197,1443.3785,SW_MOBN,SW,Switzerland,MOBN,-0.03984356897534114,-0.04065905881097913
2017-09-29,319.81807,225.81258,2926.4197,1421.2932,SW_MOBN,SW,Switzerland,MOBN,-0.015301103785710257,-0.015419373665040453
2017-10-31,303.77624,214.48599,2926.4197,1350.0022,SW_MOBN,SW,Switzerland,MOBN,-0.05015923584305293,-0.05146092511369349
2017-11-30,300.98834,212.51755,2926.4197,1337.6125,SW_MOBN,SW,Switzerland,MOBN,-0.009177478791626337,-0.009219851297876926
2017-12-29,312.6053,220.71988,2730.2853,1389.2391,SW_MOBN,SW,Switzerland,MOBN,0.038596046610975154,0.03786984596115578
2018-01-31,314.13767,221.80184,2730.2853,1396.0491,SW_MOBN,SW,Switzerland,MOBN,0.004901932244910867,0.004889956894005126
2018-02-28,312.51371,220.65522,2730.2853,1388.8321,SW_MOBN,SW,Switzerland,MOBN,-0.005169580585480227,-0.005182989098082061
2018-03-29,300.92475,212.47265,2730.2853,1337.33,SW_MOBN,SW,Switzerland,MOBN,-0.037083045092645595,-0.03778810672044162
2018-04-30,299.76169,211.65145,2730.2853,1332.1612,SW_MOBN,SW,Switzerland,MOBN,-0.0038649529492008616,-0.0038724411805189586
2018-05-31,304.40658,214.93105,2730.2853,1352.8034,SW_MOBN,SW,Switzerland,MOBN,0.015495275597091851,0.015376449735104061
2018-06-29,308.22064,208.95376,2728.6581,1315.1816,SW_MOBN,SW,Switzerland,MOBN,0.012529492627918914,0.012451648095731408
2018-07-31,309.48713,209.81235,2728.6581,1320.5857,SW_MOBN,SW,Switzerland,MOBN,0.004109036954825562,0.004100617917355012
2018-08-31,312.87327,212.10794,2728.6581,1417.3451,SW_MOBN,SW,Switzerland,MOBN,0.010941133481059406,0.010881712310550936
2018-09-28,298.16829,202.13891,2728.6581,1350.7301,SW_MOBN,SW,Switzerland,MOBN,-0.04699979643515084,-0.0481401617237089
2018-10-31,286.72708,194.38251,2728.6581,1298.9004,SW_MOBN,SW,Switzerland,MOBN,-0.038371652465122974,-0.039127236086126366
2018-11-30,301.08726,204.11778,2728.6581,1363.9533,SW_MOBN,SW,Switzerland,MOBN,0.050083096441396524,0.0488693005060662
2018-12-28,302.71269,205.21972,2987.3335,1372.5086,SW_MOBN,SW,Switzerland,MOBN,0.005398534630790985,0.005384014776559716
2019-01-31,311.8409,211.40806,2987.3335,1412.6683,SW_MOBN,SW,Switzerland,MOBN,0.030154698833405158,0.0297089840058396
2019-02-28,304.19736,206.22624,2987.3335,1378.0424,SW_MOBN,SW,Switzerland,MOBN,-0.024511024692399186,-0.024816420563971542
2019-03-29,326.72792,221.5005,2987.3335,1480.1079,SW_MOBN,SW,Switzerland,MOBN,0.07406560004334017,0.07145107433620056
2019-04-30,311.95466,203.17576,2987.3335,1357.6585,SW_MOBN,SW,Switzerland,MOBN,-0.04521578688469596,-0.04626991888613547
2019-05-31,326.88673,212.901,2987.3335,1422.6444,SW_MOBN,SW,Switzerland,MOBN,0.04786615465208954,0.046755862715959835
2019-06-28,354.72663,231.0331,3014.608,1543.8065,SW_MOBN,SW,Switzerland,MOBN,0.0851668099222016,0.08173371703913399
2019-07-31,365.59709,238.11302,3014.608,1591.1159,SW_MOBN,SW,Switzerland,MOBN,0.030644612162328944,0.030184443538011408
2019-08-30,389.6216,253.76016,3014.608,1695.673,SW_MOBN,SW,Switzerland,MOBN,0.06571307774905977,0.06364413168027926
2019-09-30,393.15402,256.06082,3014.608,1711.0464,SW_MOBN,SW,Switzerland,MOBN,0.00906628379946084,0.009025431780173327
2019-10-31,383.50878,249.77888,3014.608,1669.0694,SW_MOBN,SW,Switzerland,MOBN,-0.0245329807386937,-0.024838928551190693
2019-11-29,395.30738,257.4633,3014.608,1720.4181,SW_MOBN,SW,Switzerland,MOBN,0.030764875839348615,0.030301124554428675
2019-12-30,403.20684,262.60821,3191.022,1755.0663,SW_MOBN,SW,Switzerland,MOBN,0.01998308253187675,0.01978604140557258
2020-01-31,441.58847,287.60612,3191.022,1921.8381,SW_MOBN,SW,Switzerland,MOBN,0.09519091987625994,0.09092870412159333
2020-02-28,412.20027,268.46562,3191.022,1793.9376,SW_MOBN,SW,Switzerland,MOBN,-0.06655110356481908,-0.06886906154259652
2020-03-31,387.20017,252.18308,3191.022,1685.1346,SW_MOBN,SW,Switzerland,MOBN,-0.06065037269383633,-0.06256752902606574
2020-04-30,380.30969,247.69532,3191.022,1655.1466,SW_MOBN,SW,Switzerland,MOBN,-0.01779565334385058,-0.017955899958003278
2020-05-29,388.66415,253.13657,3191.022,1691.5061,SW_MOBN,SW,Switzerland,MOBN,0.021967518103469974,0.021729708598810356
2020-06-30,390.31852,254.21406,3483.3561,1698.7061,SW_MOBN,SW,Switzerland,MOBN,0.004256554148356573,0.004247520647066957
2020-07-31,375.10746,235.34115,3483.3561,1572.5938,SW_MOBN,SW,Switzerland,MOBN,-0.038970889723603075,-0.03975057881985011
2020-08-31,387.71093,243.24853,3483.3561,1625.4324,SW_MOBN,SW,Switzerland,MOBN,0.033599625024786306,0.03304749126051758
2020-09-30,394.3685,247.42547,3483.3561,1653.3434,SW_MOBN,SW,Switzerland,MOBN,0.017171478761251135,0.01702571520423747
2020-10-30,390.73708,245.14713,3483.3561,1638.1191,SW_MOBN,SW,Switzerland,MOBN,-0.009208189802177413,-0.009250847249073688
2020-11-30,385.37645,241.78389,3483.3561,1615.6453,SW_MOBN,SW,Switzerland,MOBN,-0.01371927639936299,-0.013814255367455265
2020-12-30,415.02442,260.38493,3335.9678,1744.7029,SW_MOBN,SW,Switzerland,MOBN,0.07693249029617677,0.07411671310482665
2021-01-29,409.56691,256.9609,3335.9678,1717.061,SW_MOBN,SW,Switzerland,MOBN,-0.013149852724328892,-0.013237077543878786
2021-02-26,406.14147,254.81179,3335.9678,1702.7002,SW_MOBN,SW,Switzerland,MOBN,-0.008363566285176649,-0.008398737145517119
2021-03-31,410.3891,257.47674,3335.9678,1720.5079,SW_MOBN,SW,Switzerland,MOBN,0.010458498611333633,0.010404186866067226
2021-04-30,415.91286,260.94233,3335.9678,1743.6656,SW_MOBN,SW,Switzerland,MOBN,0.01345981167628496,0.013370033115610752
2021-05-31,434.11921,272.36493,3335.9678,1819.9936,SW_MOBN,SW,Switzerland,MOBN,0.04377443390425584,0.042843406637553115
2021-06-30,436.51616,273.86877,3356.0708,1830.0425,SW_MOBN,SW,Switzerland,MOBN,0.005521409660724341,0.005506222555576571
2021-07-30,470.50974,285.86922,3356.0708,1910.2318,SW_MOBN,SW,Switzerland,MOBN,0.07787473435118653,0.07499126383427242
2021-08-31,485.67212,295.08148,3356.0708,1971.7898,SW_MOBN,SW,Switzerland,MOBN,0.032225432782751806,0.031717085823201575
2021-09-30,467.11694,283.80784,3356.0708,1896.4573,SW_MOBN,SW,Switzerland,MOBN,-0.03820515783364298,-0.038954112841291515
2021-10-29,474.1772,288.09747,3356.0708,1925.1213,SW_MOBN,SW,Switzerland,MOBN,0.015114544978822808,0.015001458322305178
2021-11-30,468.61815,284.71994,3356.0708,1902.5521,SW_MOBN,SW,Switzerland,MOBN,-0.011723570850728393,-0.011792833778906074
2021-12-30,480.11881,291.70743,3644.2037,1943.465,SW_MOBN,SW,Switzerland,MOBN,0.024541644407072072,0.024245336389060717
2022-01-31,472.20851,286.90135,3644.2037,1917.1286,SW_MOBN,SW,Switzerland,MOBN,-0.016475713584310547,-0.016612947593458816
2022-02-28,486.45889,295.5595,3644.2037,1974.984,SW_MOBN,SW,Switzerland,MOBN,0.03017815159663262,0.029731750000395848
2022-03-31,469.36103,285.17129,3644.2037,1905.5681,SW_MOBN,SW,Switzerland,MOBN,-0.035147594897484535,-0.035780137421196394
2022-04-29,463.8125,272.53037,3644.2037,1801.3042,SW_MOBN,SW,Switzerland,MOBN,-0.0118214543717019,-0.011891883362430787
2022-05-31,418.6206,245.97618,3644.2037,1786.2055,SW_MOBN,SW,Switzerland,MOBN,-0.09743570947311675,-0.10251535527139946
2022-06-30,394.92821,232.05483,3834.4,1685.1128,SW_MOBN,SW,Switzerland,MOBN,-0.05659633090201499,-0.05826101891123159
2022-07-29,428.55425,251.81307,3834.4,1828.5912,SW_MOBN,SW,Switzerland,MOBN,0.08514468996782987,0.08171333291052053
2022-08-31,416.58748,244.78154,3834.4,1777.5304,SW_MOBN,SW,Switzerland,MOBN,-0.027923582603602726,-0.028320858891414294
2022-09-30,379.9063,223.22814,3834.4,1621.016,SW_MOBN,SW,Switzerland,MOBN,-0.08805156602401987,-0.09217183219935168
2022-10-31,401.52798,235.93277,3834.4,1713.2733,SW_MOBN,SW,Switzerland,MOBN,0.056913191489585735,0.05535257625869485
2022-11-30,398.86231,234.36646,3834.4,1701.8991,SW_MOBN,SW,Switzerland,MOBN,-0.00663881505841768,-0.006660950012074612
2022-12-30,406.74827,239.00015,3904.4907,1735.5476,SW_MOBN,SW,Switzerland,MOBN,0.019771133552327846,0.019578223249208035
2023-01-31,401.19878,235.73934,3904.4907,1711.8686,SW_MOBN,SW,Switzerland,MOBN,-0.013643549117000497,-0.013737477657515255
2023-02-28,404.88198,237.90354,3904.4907,1727.5844,SW_MOBN,SW,Switzerland,MOBN,0.009180486540861343,0.009138602025953664
2023-03-31,407.81553,239.62726,3904.4907,1740.1015,SW_MOBN,SW,Switzerland,MOBN,0.007245444709591764,0.007219322576826249
2023-04-28,430.45612,242.81311,3904.4907,1763.2362,SW_MOBN,SW,Switzerland,MOBN,0.055516743072535624,0.05403045087349729
2023-05-31,431.97281,243.66864,3904.4907,1769.4488,SW_MOBN,SW,Switzerland,MOBN,0.0035234485689272788,0.0035172557664358596
2023-06-30,437.37432,246.71555,4044.8809,1791.5745,SW_MOBN,SW,Switzerland,MOBN,0.012504282387588272,0.012426749508218466
2023-07-31,476.97481,269.05352,4044.8809,1953.7862,SW_MOBN,SW,Switzerland,MOBN,0.09054141541734784,0.08667428431284577
2023-08-31,478.86884,270.12191,4044.8809,1961.5446,SW_MOBN,SW,Switzerland,MOBN,0.003970922489596518,0.003963059186391883
2023-09-29,449.90518,253.78399,4044.8809,1842.9035,SW_MOBN,SW,Switzerland,MOBN,-0.06048349272422904,-0.06238989000540901
2023-10-31,462.59364,260.94134,4044.8809,1894.878,SW_MOBN,SW,Switzerland,MOBN,0.028202520362179406,0.02781215187355084
2023-11-30,481.91477,271.84007,4044.8809,1974.0213,SW_MOBN,SW,Switzerland,MOBN,0.041766959874329324,0.04091827136484714
2023-12-29,498.33298,281.10131,4111.1669,2041.2736,SW_MOBN,SW,Switzerland,MOBN,0.03406870057126499,0.03350121543737817
2024-01-31,485.59142,273.91401,4111.1669,1989.0816,SW_MOBN,SW,Switzerland,MOBN,-0.025568365954828032,-0.025900917400395053
2024-02-29,480.98291,271.31442,4111.1669,1970.2042,SW_MOBN,SW,Switzerland,MOBN,-0.009490509531655311,-0.009535831396909975
2024-03-28,490.09155,266.17516,4111.1669,1932.8844,SW_MOBN,SW,Switzerland,MOBN,0.018937554350943575,0.01876047105853672
2024-04-30,482.84919,262.24173,4111.1669,1904.321,SW_MOBN,SW,Switzerland,MOBN,-0.014777565538520276,-0.01488784151564594
2024-05-31,482.94889,262.29588,4111.1669,1904.7143,SW_MOBN,SW,Switzerland,MOBN,0.00020648269079615034,0.00020646137617936694
2024-06-28,486.68359,264.32424,4021.5537,1919.4436,SW_MOBN,SW,Switzerland,MOBN,0.007733116438056076,0.007703369154183766
2024-07-31,508.80406,276.33817,4021.5537,2006.6851,SW_MOBN,SW,Switzerland,MOBN,0.04545144002081525,0.044448792151549774
2024-08-30,527.81133,286.66126,4021.5537,2081.6484,SW_MOBN,SW,Switzerland,MOBN,0.037356757727129875,0.036675898749568156
2024-09-30,532.94156,289.44756,4021.5537,2101.8816,SW_MOBN,SW,Switzerland,MOBN,0.009719817875072811,0.009672884323956667
2024-10-31,524.03101,284.60812,4021.5537,2066.7391,SW_MOBN,SW,Switzerland,MOBN,-0.016719563023007478,-0.01686091266802479
2024-11-29,566.5214,307.68521,4021.5537,2234.318,SW_MOBN,SW,Switzerland,MOBN,0.08108373204860508,0.07796399361166506
2024-12-30,573.45328,311.45001,4217.1,2261.6568,SW_MOBN,SW,Switzerland,MOBN,0.012235866112030314,0.012161612989510844
2025-01-31,588.68302,319.72148,4217.1,2321.7218,SW_MOBN,SW,Switzerland,MOBN,0.026557943831100106,0.026211403843881032
2025-02-28,604.77522,328.46136,4217.1,2385.1882,SW_MOBN,SW,Switzerland,MOBN,0.027335933691445602,0.02696897939933537
2025-03-31,601.73455,326.80994,4217.1,2373.196,SW_MOBN,SW,Switzerland,MOBN,-0.005027768829549584,-0.005040450584396742
2025-04-30,649.14624,341.07804,4217.1,2476.8068,SW_MOBN,SW,Switzerland,MOBN,0.07879170308568795,0.07584162138038124
2025-05-30,649.5684,341.29985,4217.1,2478.4175,SW_MOBN,SW,Switzerland,MOBN,0.0006503311179926197,0.0006501197443480459
2025-06-30,661.08226,347.34953,4419.1991,2522.3485,SW_MOBN,SW,Switzerland,MOBN,0.01772540043511972,0.017570137571005274
2025-07-31,653.20294,343.20954,4419.1991,2492.285,SW_MOBN,SW,Switzerland,MOBN,-0.011918819300944516,-0.011990417910318716
2025-08-29,642.99258,337.84475,4419.1991,2516.9174,SW_MOBN,SW,Switzerland,MOBN,-0.015631221745572743,-0.015754677491552613
2025-09-30,666.09597,349.98386,4419.1991,2607.3528,SW_MOBN,SW,Switzerland,MOBN,0.035931036715851405,0.03530057474502715
2025-10-31,700.37374,367.99428,4419.1991,2741.529,SW_MOBN,SW,Switzerland,MOBN,0.051460707681507234,0.05018034758938942
2025-11-28,733.23521,385.26054,4419.1991,2870.1614,SW_MOBN,SW,Switzerland,MOBN,0.046919905934794226,0.04585243033261648
2025-12-30,748.90032,393.49139,4773.7493,2931.4805,SW_MOBN,SW,Switzerland,MOBN,0.021364372286486244,0.021139353368377425
2026-01-30,807.89228,424.48727,4773.7493,3162.3975,SW_MOBN,SW,Switzerland,MOBN,0.07877144450946427,0.07582284225333982
2026-02-27,839.01687,440.84093,4773.7493,3284.231,SW_MOBN,SW,Switzerland,MOBN,0.03852566829825377,0.037802080733684365
2026-03-31,781.21467,410.47018,4773.7493,3057.9712,SW_MOBN,SW,Switzerland,MOBN,-0.06889277446828934,-0.07138083590757027
2026-04-30,794.60653,406.51315,4773.7493,3028.4916,SW_MOBN,SW,Switzerland,MOBN,0.01714235601848091,0.016997083689989947
2000-03-31,23.5558,23.5558,,471.116,SW_PSPN,SW,Switzerland,PSPN,,
2000-04-28,23.7792,23.7792,,475.584,SW_PSPN,SW,Switzerland,PSPN,0.009483863846695861,0.009439174340573767
2000-05-31,23.95463,23.95463,,566.9293,SW_PSPN,SW,Switzerland,PSPN,0.007377455927869869,0.007350375607569893
2000-06-30,24.06786,24.06786,,569.6093,SW_PSPN,SW,Switzerland,PSPN,0.004726852387200164,0.0047157159003524554
2000-07-31,22.95129,22.95129,,543.1835,SW_PSPN,SW,Switzerland,PSPN,-0.046392574994203906,-0.04750319641172957
2000-08-31,24.27035,24.27035,,574.4014,SW_PSPN,SW,Switzerland,PSPN,0.057472150802852395,0.055881296653324364
2000-09-29,25.11354,25.11354,,594.3572,SW_PSPN,SW,Switzerland,PSPN,0.03474156738571965,0.034151702191627664
2000-10-31,23.74594,23.74594,,561.9904,SW_PSPN,SW,Switzerland,PSPN,-0.054456679544182096,-0.05599557442309551
2000-11-30,24.91067,24.91067,,589.556,SW_PSPN,SW,Switzerland,PSPN,0.04904964806615353,0.047884657241896285
2000-12-29,25.70527,25.70527,,608.3615,SW_PSPN,SW,Switzerland,PSPN,0.03189797785446946,0.031399803504381034
2001-01-31,25.12612,25.12612,,594.6547,SW_PSPN,SW,Switzerland,PSPN,-0.022530399408370316,-0.022788086745202232
2001-02-28,24.36811,24.36811,,576.7151,SW_PSPN,SW,Switzerland,PSPN,-0.0301682074271713,-0.030632632240645545
2001-03-30,25.54354,25.54354,,604.5338,SW_PSPN,SW,Switzerland,PSPN,0.048236404054315285,0.047109136848027984
2001-04-30,25.83916,25.18913,,596.1462,SW_PSPN,SW,Switzerland,PSPN,0.011573180538014594,0.011506723538554945
2001-05-31,25.90295,25.25131,,597.6178,SW_PSPN,SW,Switzerland,PSPN,0.002468733503720788,0.0024656911872482463
2001-06-29,25.76552,25.11734,,594.4471,SW_PSPN,SW,Switzerland,PSPN,-0.005305573303426958,-0.005319697838789025
2001-07-31,25.87415,25.22324,,771.8312,SW_PSPN,SW,Switzerland,PSPN,0.004216099655663941,0.004207236809872079
2001-08-31,26.34139,25.67873,,785.769,SW_PSPN,SW,Switzerland,PSPN,0.018058177756564042,0.01789706556863055
2001-09-28,26.68816,26.01677,,796.1133,SW_PSPN,SW,Switzerland,PSPN,0.01316445335648564,0.013078554989165176
2001-10-31,26.58459,25.91581,,793.0237,SW_PSPN,SW,Switzerland,PSPN,-0.003880747117823047,-0.0038882967554052044
2001-11-30,26.00107,25.34696,,775.6171,SW_PSPN,SW,Switzerland,PSPN,-0.021949557995816327,-0.022194033585957184
2001-12-28,26.32846,25.66612,,785.3833,SW_PSPN,SW,Switzerland,PSPN,0.012591404892183355,0.012512792360609171
2002-01-31,25.72779,25.08056,,767.4651,SW_PSPN,SW,Switzerland,PSPN,-0.022814475286439095,-0.02307875273163754
2002-02-28,25.90254,25.25092,,772.6781,SW_PSPN,SW,Switzerland,PSPN,0.006792266261501645,0.006769302745251522
2002-03-28,26.17197,25.51357,,778.1639,SW_PSPN,SW,Switzerland,PSPN,0.010401682614909813,0.010347957348590845
2002-04-30,26.86243,25.3419,,772.9279,SW_PSPN,SW,Switzerland,PSPN,0.026381659462394236,0.026039665358387996
2002-05-31,27.65861,26.09301,,795.8369,SW_PSPN,SW,Switzerland,PSPN,0.02963916518349241,0.029208415798813205
2002-06-28,27.39766,25.84684,,788.3286,SW_PSPN,SW,Switzerland,PSPN,-0.009434675133710657,-0.009479463613596343
2002-07-31,27.35649,25.808,,787.144,SW_PSPN,SW,Switzerland,PSPN,-0.0015026830758538834,-0.0015038132363910767
2002-08-30,27.56023,26.00021,,793.0063,SW_PSPN,SW,Switzerland,PSPN,0.007447592874670672,0.007419996487924559
2002-09-30,26.82095,25.30277,,771.7346,SW_PSPN,SW,Switzerland,PSPN,-0.026824159304911444,-0.02719049298521196
2002-10-31,26.90805,25.38495,,774.2408,SW_PSPN,SW,Switzerland,PSPN,0.0032474614061022145,0.003242199791493009
2002-11-29,26.4876,24.98829,,762.1429,SW_PSPN,SW,Switzerland,PSPN,-0.015625435510934427,-0.01574879939204344
2002-12-30,27.25122,25.70869,,784.1151,SW_PSPN,SW,Switzerland,PSPN,0.028829339011462007,0.02842159179625033
2003-01-31,27.52035,25.96258,,791.8587,SW_PSPN,SW,Switzerland,PSPN,0.009875888125375765,0.00982744025824582
2003-02-28,27.20355,25.66371,,782.7433,SW_PSPN,SW,Switzerland,PSPN,-0.011511481503687304,-0.011578251515994632
2003-03-31,27.92415,26.34352,,794.2046,SW_PSPN,SW,Switzerland,PSPN,0.026489189830003923,0.026144426325445516
2003-04-30,27.81615,25.25758,,761.4657,SW_PSPN,SW,Switzerland,PSPN,-0.003867619963365043,-0.0038751185461456026
2003-05-30,28.50787,25.88568,,780.4016,SW_PSPN,SW,Switzerland,PSPN,0.024867567941645463,0.024563402234922278
2003-06-30,28.70191,26.06187,,785.7133,SW_PSPN,SW,Switzerland,PSPN,0.006806541491875873,0.0067834815680830616
2003-07-31,28.77334,26.12673,,787.6686,SW_PSPN,SW,Switzerland,PSPN,0.002488684550958409,0.0024855929039217474
2003-08-29,29.14742,26.4664,,797.9092,SW_PSPN,SW,Switzerland,PSPN,0.013000923771796957,0.012917137183008081
2003-09-30,29.16941,26.48637,,798.511,SW_PSPN,SW,Switzerland,PSPN,0.0007544407017840982,0.0007541562544546149
2003-10-31,29.17375,26.49031,,798.6298,SW_PSPN,SW,Switzerland,PSPN,0.00014878600561329947,0.0001487749380733494
2003-11-28,31.84352,28.91451,,871.7147,SW_PSPN,SW,Switzerland,PSPN,0.09151274690432332,0.08756457527620104
2003-12-30,30.88372,28.043,,845.4403,SW_PSPN,SW,Switzerland,PSPN,-0.030141140175457992,-0.030604723407160563
2004-01-30,31.54534,28.64375,,863.5519,SW_PSPN,SW,Switzerland,PSPN,0.021422937392257202,0.021196691795642486
2004-02-27,31.07711,28.21859,,850.7342,SW_PSPN,SW,Switzerland,PSPN,-0.014843079833661621,-0.014954340684967435
2004-03-31,31.80103,28.87593,,870.5516,SW_PSPN,SW,Switzerland,PSPN,0.023294315333697302,0.023027143865685978
2004-04-30,31.49194,28.59527,,862.0902,SW_PSPN,SW,Switzerland,PSPN,-0.009719496506874203,-0.009767039124066361
2004-05-28,32.68981,28.57249,,1340.1041,SW_PSPN,SW,Switzerland,PSPN,0.03803735177953471,0.03733176846962237
2004-06-30,34.12688,29.82855,,1399.0158,SW_PSPN,SW,Switzerland,PSPN,0.04396079389877139,0.04302193501847874
2004-07-30,34.07113,29.77982,,1396.7303,SW_PSPN,SW,Switzerland,PSPN,-0.0016336096355717977,-0.0016349454307693358
2004-08-31,35.62221,31.13555,,1460.3164,SW_PSPN,SW,Switzerland,PSPN,0.04552475952514645,0.04451892160053841
2004-09-30,35.39,30.93259,,1450.7971,SW_PSPN,SW,Switzerland,PSPN,-0.006518685954633452,-0.006540025375127431
2004-10-29,36.02683,31.48921,,1476.9037,SW_PSPN,SW,Switzerland,PSPN,0.017994631251766036,0.0178346442949411
2004-11-30,36.82207,32.18428,,1509.5041,SW_PSPN,SW,Switzerland,PSPN,0.02207354907439818,0.021833455018318165
2004-12-30,36.58313,31.97544,,1499.7089,SW_PSPN,SW,Switzerland,PSPN,-0.006489043120063598,-0.00651018848546681
2005-01-31,37.28508,32.58897,,1528.4848,SW_PSPN,SW,Switzerland,PSPN,0.01918780596411529,0.0190060414432658
2005-02-28,37.0458,32.37984,,1518.6759,SW_PSPN,SW,Switzerland,PSPN,-0.006417580437000581,-0.006438261635988049
2005-03-31,36.88951,32.24322,,1512.2685,SW_PSPN,SW,Switzerland,PSPN,-0.004218831824390312,-0.0042277562045219055
2005-04-29,38.30637,33.48163,,1570.3522,SW_PSPN,SW,Switzerland,PSPN,0.03840820872925654,0.0376889721071444
2005-05-31,40.99565,35.8322,,1680.5982,SW_PSPN,SW,Switzerland,PSPN,0.07020451167782271,0.06784976261952311
2005-06-30,40.98013,35.81863,,1679.9618,SW_PSPN,SW,Switzerland,PSPN,-0.0003785767514357108,-0.0003786484297051297
2005-07-29,41.74462,36.48683,,1711.3015,SW_PSPN,SW,Switzerland,PSPN,0.01865513847808664,0.018483265633076257
2005-08-31,41.74351,36.48586,,1711.2561,SW_PSPN,SW,Switzerland,PSPN,-2.6590252827696226e-05,-2.6590606354735876e-05
2005-09-30,47.82423,41.8007,,1960.5324,SW_PSPN,SW,Switzerland,PSPN,0.14566863208196912,0.13598842471918265
2005-10-31,41.49171,36.26577,,1700.9337,SW_PSPN,SW,Switzerland,PSPN,-0.13241237757513302,-0.14203876658477263
2005-11-30,41.33552,36.12925,,1694.5307,SW_PSPN,SW,Switzerland,PSPN,-0.0037643664240397667,-0.00377146948260689
2005-12-30,41.90372,36.62589,,1717.8239,SW_PSPN,SW,Switzerland,PSPN,0.013746046983320825,0.01365242703995281
2006-01-31,42.91213,37.50729,,1759.1633,SW_PSPN,SW,Switzerland,PSPN,0.024064927887070597,0.02377993074694911
2006-02-28,45.36305,39.64951,,1859.6375,SW_PSPN,SW,Switzerland,PSPN,0.05711485307301234,0.05554336046759593
2006-03-31,46.95499,41.04095,,1924.8984,SW_PSPN,SW,Switzerland,PSPN,0.03509331934250448,0.03449158626878424
2006-04-28,47.83436,41.80956,,1960.9477,SW_PSPN,SW,Switzerland,PSPN,0.018727934986249473,0.01855472642917488
2006-05-31,45.81459,40.04418,,1878.1482,SW_PSPN,SW,Switzerland,PSPN,-0.04222425051782852,-0.043141610372889785
2006-06-30,46.191,40.37319,,1893.5792,SW_PSPN,SW,Switzerland,PSPN,0.008215941690190798,0.008182374572916797
2006-07-31,46.64801,40.77263,,1912.3141,SW_PSPN,SW,Switzerland,PSPN,0.009893918728756557,0.009845294375403215
2006-08-31,46.36936,40.52908,,1900.8909,SW_PSPN,SW,Switzerland,PSPN,-0.005973459532357284,-0.005991372010346852
2006-09-29,45.80355,40.03453,,1877.6958,SW_PSPN,SW,Switzerland,PSPN,-0.012202238719706271,-0.012277297247593919
2006-10-31,46.95674,41.04247,,1924.9701,SW_PSPN,SW,Switzerland,PSPN,0.025176869478457542,0.02486515329310738
2006-11-30,47.71634,41.7064,,1956.1096,SW_PSPN,SW,Switzerland,PSPN,0.016176591475473012,0.01604714456034929
2006-12-29,49.77264,43.50371,,2040.4069,SW_PSPN,SW,Switzerland,PSPN,0.043094252409132894,0.04219153857928018
2007-01-31,51.31411,44.85103,,2103.5987,SW_PSPN,SW,Switzerland,PSPN,0.030970227819942853,0.03050032762460857
2007-02-28,49.20946,43.01146,,2017.3193,SW_PSPN,SW,Switzerland,PSPN,-0.041015034656159854,-0.04187988165241466
2007-03-30,52.21733,45.64049,,2140.6256,SW_PSPN,SW,Switzerland,PSPN,0.061123816436920775,0.05932855069021153
2007-04-30,50.19477,43.87267,,2057.7116,SW_PSPN,SW,Switzerland,PSPN,-0.03873350092775707,-0.039503594125198285
2007-05-31,50.53017,44.16583,,2071.4612,SW_PSPN,SW,Switzerland,PSPN,0.006681971049971924,0.006659745632877127
2007-06-29,47.45363,41.47678,,1945.3398,SW_PSPN,SW,Switzerland,PSPN,-0.06088520976675915,-0.0628175599257235
2007-07-31,44.29354,38.71471,,1815.7934,SW_PSPN,SW,Switzerland,PSPN,-0.06659321952820041,-0.06891418122046926
2007-08-31,45.28815,39.58404,,1856.5669,SW_PSPN,SW,Switzerland,PSPN,0.02245496747381215,0.022206566374556674
2007-09-28,42.58779,37.2238,,1745.8671,SW_PSPN,SW,Switzerland,PSPN,-0.059626193606936995,-0.061477816390805795
2007-10-31,42.7851,37.39626,,1753.9558,SW_PSPN,SW,Switzerland,PSPN,0.00463301805517502,0.004622318661287761
2007-11-30,40.0712,35.02418,,1642.7005,SW_PSPN,SW,Switzerland,PSPN,-0.06343096077840193,-0.06553203934367335
2007-12-28,39.45928,34.48933,,1617.6153,SW_PSPN,SW,Switzerland,PSPN,-0.01527081794405949,-0.015388617688737165
2008-01-31,43.40991,37.94237,,1779.5694,SW_PSPN,SW,Switzerland,PSPN,0.10011916081590955,0.09541850195173243
2008-02-29,46.29951,40.46803,,1898.0274,SW_PSPN,SW,Switzerland,PSPN,0.06656544553996979,0.06444362182849586
2008-03-31,48.90571,42.74597,,2004.8672,SW_PSPN,SW,Switzerland,PSPN,0.056290012572487225,0.0547627806971838
2008-04-30,45.52104,39.78761,,1866.1144,SW_PSPN,SW,Switzerland,PSPN,-0.0692080740674248,-0.07171952192276228
2008-05-30,45.33282,39.62309,,1858.3982,SW_PSPN,SW,Switzerland,PSPN,-0.004134791296508178,-0.004143363182841315
2008-06-30,43.22903,37.78428,,1772.1545,SW_PSPN,SW,Switzerland,PSPN,-0.04640765785141976,-0.04751901316829165
2008-07-31,47.01022,41.08922,,1927.1625,SW_PSPN,SW,Switzerland,PSPN,0.08746876809403292,0.08385276457431119
2008-08-29,47.26002,41.30755,,1937.4029,SW_PSPN,SW,Switzerland,PSPN,0.005313738161616843,0.005299670069092794
2008-09-30,47.01223,41.09098,,1927.2451,SW_PSPN,SW,Switzerland,PSPN,-0.00524312092969903,-0.005256914322985034
2008-10-31,38.71747,33.84095,,1587.205,SW_PSPN,SW,Switzerland,PSPN,-0.17643834380968537,-0.19411686126207112
2008-11-28,37.45645,32.73876,,1535.5102,SW_PSPN,SW,Switzerland,PSPN,-0.03256979342916777,-0.03311199459154896
2008-12-30,40.43098,35.33865,,1657.4496,SW_PSPN,SW,Switzerland,PSPN,0.07941302499302538,0.07641739801215197
2009-01-30,37.76282,33.00655,,1548.0697,SW_PSPN,SW,Switzerland,PSPN,-0.06599295886471213,-0.06827130209296516
2009-02-27,36.13759,31.58602,,1481.4442,SW_PSPN,SW,Switzerland,PSPN,-0.043037834568498745,-0.04399142286502904
2009-03-31,36.30934,31.73613,3467.1204,1488.485,SW_PSPN,SW,Switzerland,PSPN,0.004752668896846668,0.004741410623164487
2009-04-30,40.77261,35.63724,3467.1204,1671.4545,SW_PSPN,SW,Switzerland,PSPN,0.1229234681765079,0.1159355239919151
2009-05-29,41.35406,36.14546,3467.1204,1695.2907,SW_PSPN,SW,Switzerland,PSPN,0.014260799100180188,0.01416007042282189
2009-06-30,40.78216,34.04562,3485.6789,1596.8045,SW_PSPN,SW,Switzerland,PSPN,-0.013829355569924706,-0.013925871980630273
2009-07-31,44.65151,37.27583,3485.6789,1748.3073,SW_PSPN,SW,Switzerland,PSPN,0.0948784958913409,0.09064339445534346
2009-08-31,45.90968,38.32617,3485.6789,1797.5701,SW_PSPN,SW,Switzerland,PSPN,0.028177546515224305,0.027787862738134106
2009-09-30,47.35445,39.53228,3477.809,1854.1392,SW_PSPN,SW,Switzerland,PSPN,0.03146983381282542,0.030984808130926314
2009-10-30,45.70248,38.15319,3477.809,1765.4971,SW_PSPN,SW,Switzerland,PSPN,-0.03488521142152423,-0.03550823282257323
2009-11-30,45.22701,37.75626,3477.809,1747.1293,SW_PSPN,SW,Switzerland,PSPN,-0.010403592977886622,-0.010458088648007268
2009-12-30,47.15399,39.36494,3569.4964,1821.5693,SW_PSPN,SW,Switzerland,PSPN,0.042606840469887386,0.041724154302805974
2010-01-29,49.56795,41.38015,3569.4964,1914.8209,SW_PSPN,SW,Switzerland,PSPN,0.051193122787700496,0.049925826477665046
2010-02-26,52.20065,43.57797,3569.4964,2016.5226,SW_PSPN,SW,Switzerland,PSPN,0.05311294899224195,0.051750491399696695
2010-03-31,57.00568,47.58929,3736.3561,2202.142,SW_PSPN,SW,Switzerland,PSPN,0.09204923693478895,0.0880559650743671
2010-04-30,53.71341,44.84085,3736.3561,2074.9612,SW_PSPN,SW,Switzerland,PSPN,-0.057753367734583505,-0.05948822098251962
2010-05-31,53.72825,44.85324,3736.3561,2075.5343,SW_PSPN,SW,Switzerland,PSPN,0.0002762811000083243,0.000276242941413384
2010-06-30,61.08645,48.94254,4095.0041,2264.7619,SW_PSPN,SW,Switzerland,PSPN,0.1369521620376617,0.1283511400377657
2010-07-30,63.19801,50.63431,4095.0041,2343.0471,SW_PSPN,SW,Switzerland,PSPN,0.03456674925454006,0.033982739325930274
2010-08-31,66.47184,53.25731,4095.0041,2442.8011,SW_PSPN,SW,Switzerland,PSPN,0.051802738725475805,0.05050558601595731
2010-09-30,67.87917,54.38486,4077.7308,2494.5196,SW_PSPN,SW,Switzerland,PSPN,0.021171822534173934,0.02095081349978567
2010-10-29,68.9432,55.23737,4077.7308,2533.6223,SW_PSPN,SW,Switzerland,PSPN,0.01567535372044171,0.015553764354784413
2010-11-30,67.38331,53.98758,4077.7308,2476.2971,SW_PSPN,SW,Switzerland,PSPN,-0.0226257266851555,-0.022885616044736774
2010-12-30,75.3329,60.35681,4497.9397,2768.44,SW_PSPN,SW,Switzerland,PSPN,0.11797565302149748,0.11151959723414925
2011-01-31,71.42521,57.22596,4497.9397,2624.8347,SW_PSPN,SW,Switzerland,PSPN,-0.051872289530868865,-0.05326607011572075
2011-02-28,72.14397,57.80183,4497.9397,2651.2485,SW_PSPN,SW,Switzerland,PSPN,0.010063113570124349,0.01001281758412308
2011-03-31,72.65815,58.21379,4328.6453,2670.1445,SW_PSPN,SW,Switzerland,PSPN,0.00712713758336303,0.007101859573800171
2011-04-29,76.49643,61.28902,4328.6453,2811.1988,SW_PSPN,SW,Switzerland,PSPN,0.052826558342044194,0.0514785076594555
2011-05-31,82.41523,66.03117,4328.6453,3028.7113,SW_PSPN,SW,Switzerland,PSPN,0.07737354540597496,0.07452617685663454
2011-06-30,84.51207,65.3575,4740.4231,2997.8112,SW_PSPN,SW,Switzerland,PSPN,0.025442384860177025,0.02512411446558396
2011-07-29,91.07328,70.43161,4740.4231,3230.5502,SW_PSPN,SW,Switzerland,PSPN,0.07763636602440349,0.07477009278327372
2011-08-31,88.80846,68.68012,4740.4231,3150.2127,SW_PSPN,SW,Switzerland,PSPN,-0.024868106210734875,-0.02518254145192221
2011-09-30,86.87421,67.18426,4772.0234,3081.6011,SW_PSPN,SW,Switzerland,PSPN,-0.021780019606240097,-0.02202070541204055
2011-10-31,85.22376,65.90789,4772.0234,3023.0564,SW_PSPN,SW,Switzerland,PSPN,-0.018998158371742346,-0.01918094212163736
2011-11-30,83.39855,64.49635,4772.0234,2958.3123,SW_PSPN,SW,Switzerland,PSPN,-0.02141668004321795,-0.02164934507435848
2011-12-30,83.54377,64.60866,4973.8113,2963.4636,SW_PSPN,SW,Switzerland,PSPN,0.0017412772764033857,0.0017397630107095182
2012-01-31,82.5286,63.82358,4973.8113,2927.4534,SW_PSPN,SW,Switzerland,PSPN,-0.012151354912520729,-0.012225786200847105
2012-02-29,84.21413,65.12709,4973.8113,2987.2427,SW_PSPN,SW,Switzerland,PSPN,0.020423586490016854,0.020217821963509127
2012-03-30,86.15148,66.62534,5037.3248,3055.9643,SW_PSPN,SW,Switzerland,PSPN,0.023005046777779592,0.022744420268933193
2012-04-30,91.03493,67.83426,5037.3248,3111.4151,SW_PSPN,SW,Switzerland,PSPN,0.05668445858388038,0.05513613685586873
2012-05-31,91.62537,68.27422,5037.3248,3131.5952,SW_PSPN,SW,Switzerland,PSPN,0.006485862075139792,0.006464919377236018
2012-06-29,93.46539,69.64531,5140.7329,3194.4841,SW_PSPN,SW,Switzerland,PSPN,0.02008199257476395,0.019883008942708162
2012-07-31,97.98223,73.01101,5140.7329,3348.8619,SW_PSPN,SW,Switzerland,PSPN,0.04832633769569683,0.04719492835776514
2012-08-31,99.17854,73.90244,5140.7329,3389.7496,SW_PSPN,SW,Switzerland,PSPN,0.012209458796763384,0.012135524544499746
2012-09-28,94.8674,70.69001,5113.3949,3242.4022,SW_PSPN,SW,Switzerland,PSPN,-0.04346847614413352,-0.04444153313747607
2012-10-31,95.05509,70.82987,5113.3949,3248.8173,SW_PSPN,SW,Switzerland,PSPN,0.00197844570421446,0.0019764911580632378
2012-11-30,96.54616,71.94093,5113.3949,3299.7795,SW_PSPN,SW,Switzerland,PSPN,0.015686377236610927,0.0155646176813991
2012-12-28,96.2184,71.6967,5265.4244,3288.5769,SW_PSPN,SW,Switzerland,PSPN,-0.003394852783373259,-0.003400628371302184
2013-01-31,94.86893,70.69115,5265.4244,3242.4545,SW_PSPN,SW,Switzerland,PSPN,-0.014025072127576421,-0.014124352824076052
2013-02-28,93.48185,69.65757,5265.4244,3195.0467,SW_PSPN,SW,Switzerland,PSPN,-0.014621014488094386,-0.014728954945111195
2013-03-28,95.42115,71.10263,5257.7591,3261.3283,SW_PSPN,SW,Switzerland,PSPN,0.020745203480675656,0.020532952191739777
2013-04-30,99.26881,71.23157,5257.7591,3267.2426,SW_PSPN,SW,Switzerland,PSPN,0.04032292631140999,0.03953117102491213
2013-05-31,97.38273,69.8782,5257.7591,3205.1662,SW_PSPN,SW,Switzerland,PSPN,-0.018999724082519043,-0.019182538155365046
2013-06-28,92.65016,66.48228,5286.2751,3049.4019,SW_PSPN,SW,Switzerland,PSPN,-0.04859763122270233,-0.04981820520641884
2013-07-31,92.20657,66.16398,5286.2751,3034.8019,SW_PSPN,SW,Switzerland,PSPN,-0.004787795293607733,-0.004799293500883395
2013-08-30,90.62685,65.03043,5286.2751,2982.8086,SW_PSPN,SW,Switzerland,PSPN,-0.017132401736665748,-0.017280859398714373
2013-09-30,89.39629,64.14742,5305.6235,2942.3069,SW_PSPN,SW,Switzerland,PSPN,-0.013578315918516548,-0.013671344322649498
2013-10-31,88.35341,63.39909,5305.6235,2907.9825,SW_PSPN,SW,Switzerland,PSPN,-0.011665808502791308,-0.011734387924826188
2013-11-29,87.96975,63.12379,5305.6235,2895.3551,SW_PSPN,SW,Switzerland,PSPN,-0.004342333815978261,-0.0043517891294758805
2013-12-30,85.90922,61.64523,5341.3448,2827.5368,SW_PSPN,SW,Switzerland,PSPN,-0.023423165349452546,-0.02370184804288625
2014-01-31,89.06276,63.90809,5341.3448,2931.3293,SW_PSPN,SW,Switzerland,PSPN,0.036707817857035474,0.03605013241720813
2014-02-28,93.50872,67.09835,5341.3448,3077.6596,SW_PSPN,SW,Switzerland,PSPN,0.0499194051475611,0.04871340422113979
2014-03-31,95.1029,68.24228,5419.4591,3130.1291,SW_PSPN,SW,Switzerland,PSPN,0.01704846350158573,0.016904769324925604
2014-04-30,100.32303,69.21903,5419.4591,3174.9306,SW_PSPN,SW,Switzerland,PSPN,0.054889283081798634,0.05343581647476123
2014-05-30,96.4721,66.56203,5419.4591,3053.06,SW_PSPN,SW,Switzerland,PSPN,-0.038385303952641836,-0.03914143240683024
2014-06-30,99.6519,68.75598,5367.602,3153.6915,SW_PSPN,SW,Switzerland,PSPN,0.0329608249431701,0.032429265839652645
2014-07-31,95.96353,66.21114,5367.602,3036.9652,SW_PSPN,SW,Switzerland,PSPN,-0.0370125406540166,-0.03771488975480335
2014-08-29,99.73308,68.81199,5367.602,3156.2606,SW_PSPN,SW,Switzerland,PSPN,0.03928106854760349,0.0385291938662346
2014-09-30,96.40813,66.51789,5499.8578,3051.0353,SW_PSPN,SW,Switzerland,PSPN,-0.033338487089739965,-0.033906883162038486
2014-10-31,99.15917,68.41601,5499.8578,3138.0979,SW_PSPN,SW,Switzerland,PSPN,0.028535352775746148,0.028135802661353265
2014-11-28,101.39115,69.95599,5499.8578,3208.7335,SW_PSPN,SW,Switzerland,PSPN,0.02250906295403632,0.02225947242026885
2014-12-30,103.41793,71.35439,5559.2093,3272.8751,SW_PSPN,SW,Switzerland,PSPN,0.019989713106124185,0.019792542055249513
2015-01-30,132.57272,91.47007,5559.2093,4195.539,SW_PSPN,SW,Switzerland,PSPN,0.2819123337703626,0.24835297376588283
2015-02-27,134.50515,92.80337,5559.2093,4256.6949,SW_PSPN,SW,Switzerland,PSPN,0.01457637740253026,0.014471163208926262
2015-03-31,127.2815,87.81933,6426.9964,4028.0875,SW_PSPN,SW,Switzerland,PSPN,-0.053705378567288964,-0.05520131927073387
2015-04-30,124.45167,82.88205,6426.9964,3801.6249,SW_PSPN,SW,Switzerland,PSPN,-0.022232846093108605,-0.022483721233584074
2015-05-29,117.28984,78.11243,6426.9964,3582.8523,SW_PSPN,SW,Switzerland,PSPN,-0.057547078315622446,-0.059269311375041295
2015-06-30,115.16858,76.69972,6463.0234,3518.0543,SW_PSPN,SW,Switzerland,PSPN,-0.018085624466705696,-0.018251168387234076
2015-07-31,122.57768,81.63402,6463.0234,3744.3801,SW_PSPN,SW,Switzerland,PSPN,0.06433265045032233,0.062347983457992764
2015-08-31,116.00217,77.25487,6463.0234,3543.518,SW_PSPN,SW,Switzerland,PSPN,-0.05364361603189094,-0.055136053635132055
2015-09-30,110.32989,73.47726,6175.2106,3370.2469,SW_PSPN,SW,Switzerland,PSPN,-0.0488980507864637,-0.05013402006519991
2015-10-30,118.82702,79.13616,6175.2106,3629.8085,SW_PSPN,SW,Switzerland,PSPN,0.07701566638016222,0.07419394438244026
2015-11-30,118.11308,78.66069,6175.2106,3608.0,SW_PSPN,SW,Switzerland,PSPN,-0.006008229441418322,-0.0060263514759501
2015-12-30,122.32723,81.46722,6287.7172,3736.7297,SW_PSPN,SW,Switzerland,PSPN,0.035678944279498914,0.035057196464453586
2016-01-29,117.86209,78.49354,6287.7172,3600.333,SW_PSPN,SW,Switzerland,PSPN,-0.036501603118128334,-0.03718445497770249
2016-02-29,118.1094,78.65824,6287.7172,3607.8876,SW_PSPN,SW,Switzerland,PSPN,0.0020982998010641296,0.0020961014447065706
2016-03-31,127.27064,84.75942,6257.7992,3887.7358,SW_PSPN,SW,Switzerland,PSPN,0.07756571449859195,0.07470452906980542
2016-04-29,131.0983,84.17846,6257.7992,3861.0882,SW_PSPN,SW,Switzerland,PSPN,0.030074964657991865,0.02963158081447114
2016-05-31,131.071,84.16092,6257.7992,3860.284,SW_PSPN,SW,Switzerland,PSPN,-0.00020824068656877248,-0.00020826237167107645
2016-06-30,135.99869,87.325,6288.4712,4005.4136,SW_PSPN,SW,Switzerland,PSPN,0.03759557796919233,0.0369060922234215
2016-07-29,140.66748,90.32284,6288.4712,4142.9182,SW_PSPN,SW,Switzerland,PSPN,0.034329668910781486,0.03375355400498844
2016-08-31,133.80856,85.91872,6288.4712,3940.9102,SW_PSPN,SW,Switzerland,PSPN,-0.048759812857954166,-0.049988685610255136
2016-09-30,131.99855,84.75651,6362.5511,3887.6022,SW_PSPN,SW,Switzerland,PSPN,-0.013526862556476282,-0.013619184053900698
2016-10-31,126.96588,81.52502,6362.5511,3739.3808,SW_PSPN,SW,Switzerland,PSPN,-0.03812670669488416,-0.03887254873222747
2016-11-30,126.45331,81.1959,6362.5511,3724.2846,SW_PSPN,SW,Switzerland,PSPN,-0.0040370688566093715,-0.004045239817655073
2016-12-30,127.74487,82.02521,6563.2923,3762.3235,SW_PSPN,SW,Switzerland,PSPN,0.010213730269298615,0.010161922594075156
2017-01-31,129.53148,83.1724,6563.2923,3814.9424,SW_PSPN,SW,Switzerland,PSPN,0.013985767099688573,0.013888868679640693
2017-02-28,136.99169,87.96261,6563.2923,4034.6593,SW_PSPN,SW,Switzerland,PSPN,0.0575937988201789,0.055996326652726816
2017-03-31,132.71934,85.21933,6583.8107,3908.8307,SW_PSPN,SW,Switzerland,PSPN,-0.031186928199805508,-0.03168359405951399
2017-04-28,133.18594,82.34614,6583.8107,3777.0435,SW_PSPN,SW,Switzerland,PSPN,0.0035156895747070482,0.0035095239847552635
2017-05-31,135.81668,83.97267,6583.8107,3851.649,SW_PSPN,SW,Switzerland,PSPN,0.019752385274301565,0.019559838290315677
2017-06-30,132.40511,81.86336,6487.9977,3754.8997,SW_PSPN,SW,Switzerland,PSPN,-0.025118932372665714,-0.025439797345372214
2017-07-31,124.67069,77.08133,6487.9977,3535.558,SW_PSPN,SW,Switzerland,PSPN,-0.05841481495691525,-0.060190456971355076
2017-08-31,124.55468,77.00961,6487.9977,3532.2681,SW_PSPN,SW,Switzerland,PSPN,-0.0009305314665378761,-0.0009309646797094933
2017-09-29,126.10416,77.96761,6368.5038,3576.2098,SW_PSPN,SW,Switzerland,PSPN,0.01244015881217786,0.012363415844215462
2017-10-31,122.34353,75.6425,6368.5038,3469.5616,SW_PSPN,SW,Switzerland,PSPN,-0.02982161730429822,-0.030275324705892538
2017-11-30,121.2029,74.93727,6368.5038,3437.2144,SW_PSPN,SW,Switzerland,PSPN,-0.009323173853165723,-0.009366906669857148
2017-12-29,127.61296,78.90047,6308.8281,3618.9983,SW_PSPN,SW,Switzerland,PSPN,0.05288701837992327,0.051535932409491836
2018-01-31,127.86104,79.05386,6308.8281,3626.0339,SW_PSPN,SW,Switzerland,PSPN,0.0019440031796142954,0.0019421160507603176
2018-02-28,125.9098,77.84745,6308.8281,3570.6982,SW_PSPN,SW,Switzerland,PSPN,-0.01526062982124965,-0.015378271625786963
2018-03-29,128.14054,79.22667,6346.1163,3633.9601,SW_PSPN,SW,Switzerland,PSPN,0.01771696881418272,0.01756185276661638
2018-04-30,130.13769,77.55124,6346.1163,3557.1118,SW_PSPN,SW,Switzerland,PSPN,0.015585621849260267,0.015465413451262875
2018-05-31,131.86642,78.58142,6346.1163,3604.3638,SW_PSPN,SW,Switzerland,PSPN,0.013283853432468407,0.0131963967083158
2018-06-29,133.27824,79.42274,6487.6976,3642.9537,SW_PSPN,SW,Switzerland,PSPN,0.010706440654110416,0.01064953254687111
2018-07-31,135.1652,80.54722,6487.6976,3694.531,SW_PSPN,SW,Switzerland,PSPN,0.014158050106303888,0.014058760977778648
2018-08-31,143.6658,85.61286,6487.6976,3926.8815,SW_PSPN,SW,Switzerland,PSPN,0.06289044813309919,0.060992034907835946
2018-09-28,140.66996,83.8276,6676.4645,3844.995,SW_PSPN,SW,Switzerland,PSPN,-0.02085284041156621,-0.021073331518731055
2018-10-31,143.02691,85.23214,6676.4645,3909.4185,SW_PSPN,SW,Switzerland,PSPN,0.016755176442788455,0.016616356957998867
2018-11-30,143.88153,85.74142,6676.4645,3932.7782,SW_PSPN,SW,Switzerland,PSPN,0.005975239204986105,0.005957458258323747
2018-12-28,144.2747,85.97572,6763.7927,3943.5248,SW_PSPN,SW,Switzerland,PSPN,0.002732595351189193,0.0027288686001039025
2019-01-31,150.71649,89.81449,6763.7927,4119.6013,SW_PSPN,SW,Switzerland,PSPN,0.04464947769775285,0.043681401107778225
2019-02-28,150.16772,89.48747,6763.7927,4104.6014,SW_PSPN,SW,Switzerland,PSPN,-0.003641074709210601,-0.0036477195562228423
2019-03-29,162.51055,96.84277,7034.3391,4441.9735,SW_PSPN,SW,Switzerland,PSPN,0.08219362989595891,0.07899011995520862
2019-04-30,157.91969,91.01444,7034.3391,4174.6405,SW_PSPN,SW,Switzerland,PSPN,-0.028249612102106525,-0.028656310075308954
2019-05-31,174.08142,100.329,7034.3391,4601.8794,SW_PSPN,SW,Switzerland,PSPN,0.10234144963177183,0.09743650813943158
2019-06-28,178.4109,102.82422,7260.7437,4716.3302,SW_PSPN,SW,Switzerland,PSPN,0.02487043131886213,0.02456619613074477
2019-07-31,187.75598,108.2101,7260.7437,4963.3693,SW_PSPN,SW,Switzerland,PSPN,0.05237953510687965,0.051053824068357956
2019-08-30,209.68448,120.84824,7260.7437,5543.0538,SW_PSPN,SW,Switzerland,PSPN,0.11679255169395941,0.11046078367525616
2019-09-30,202.05497,116.4511,7269.5088,5341.3662,SW_PSPN,SW,Switzerland,PSPN,-0.03638566860074721,-0.03706413558401098
2019-10-31,205.93034,118.6846,7269.5088,5443.8125,SW_PSPN,SW,Switzerland,PSPN,0.01917978063098369,0.018998167168591873
2019-11-29,204.97913,118.13638,7269.5088,5418.6668,SW_PSPN,SW,Switzerland,PSPN,-0.004619086240521986,-0.004629787184474826
2019-12-30,213.58357,123.09542,7404.3773,5646.1272,SW_PSPN,SW,Switzerland,PSPN,0.04197715152757264,0.04112001557403876
2020-01-31,236.8068,136.47975,7404.3773,6260.0382,SW_PSPN,SW,Switzerland,PSPN,0.10873135044984972,0.10321643416183446
2020-02-28,232.25151,133.85438,7404.3773,6139.618,SW_PSPN,SW,Switzerland,PSPN,-0.01923631415989746,-0.019423739526312326
2020-03-31,197.6309,113.90135,7668.7895,5224.4149,SW_PSPN,SW,Switzerland,PSPN,-0.14906516646544088,-0.16141972968099907
2020-04-30,190.02579,106.15433,7668.7895,4869.0753,SW_PSPN,SW,Switzerland,PSPN,-0.03848138120101663,-0.03924134981527303
2020-05-29,182.96587,102.21044,7668.7895,4688.1773,SW_PSPN,SW,Switzerland,PSPN,-0.037152430730586605,-0.037860167075796536
2020-06-30,179.3747,100.2043,7697.1527,4596.1601,SW_PSPN,SW,Switzerland,PSPN,-0.01962754037132719,-0.01982271867676388
2020-07-31,169.40744,94.63628,7697.1527,4340.7664,SW_PSPN,SW,Switzerland,PSPN,-0.05556669920562929,-0.05717021306846083
2020-08-31,179.12447,100.06452,7697.1527,4589.7483,SW_PSPN,SW,Switzerland,PSPN,0.05735893299609507,0.05577422634616573
2020-09-30,184.79906,103.23452,7909.6243,4735.1497,SW_PSPN,SW,Switzerland,PSPN,0.03167959129202158,0.03118814529823616
2020-10-30,185.89181,103.84496,7909.6243,4763.1493,SW_PSPN,SW,Switzerland,PSPN,0.005913179428510107,0.005895765198290295
2020-11-30,183.01087,102.23558,7909.6243,4689.3303,SW_PSPN,SW,Switzerland,PSPN,-0.015497939365913815,-0.015619287828371088
2020-12-30,195.15619,109.02033,7985.343,5000.5327,SW_PSPN,SW,Switzerland,PSPN,0.06636392690772963,0.06425466232946798
2021-01-29,189.0576,105.61347,7985.343,4844.2672,SW_PSPN,SW,Switzerland,PSPN,-0.031249790232121266,-0.031748481780019246
2021-02-26,176.54016,98.62084,7985.343,4523.5298,SW_PSPN,SW,Switzerland,PSPN,-0.06620966308680543,-0.06850334463206761
2021-03-31,186.29124,104.0681,7887.3942,4773.3841,SW_PSPN,SW,Switzerland,PSPN,0.0552343444120591,0.05376286966618588
2021-04-30,189.49239,102.55524,7887.3942,4703.9928,SW_PSPN,SW,Switzerland,PSPN,0.017183577714121157,0.01703760983672225
2021-05-31,197.03484,106.63729,7887.3942,4891.2278,SW_PSPN,SW,Switzerland,PSPN,0.03980344540485237,0.039031700488486386
2021-06-30,197.9765,107.14693,8235.8139,4914.6038,SW_PSPN,SW,Switzerland,PSPN,0.004779154793131957,0.004767770888749322
2021-07-30,210.93974,114.16277,8235.8139,5236.4057,SW_PSPN,SW,Switzerland,PSPN,0.06547868055046946,0.06342416348771975
2021-08-31,209.81892,113.55617,8235.8139,5208.5821,SW_PSPN,SW,Switzerland,PSPN,-0.005313460612021315,-0.005327627248719916
2021-09-30,192.48993,104.17755,8383.9989,4778.4043,SW_PSPN,SW,Switzerland,PSPN,-0.08259021636371022,-0.08620103234978134
2021-10-29,199.80997,108.13922,8383.9989,4960.1181,SW_PSPN,SW,Switzerland,PSPN,0.03802817113601731,0.03732292419817127
2021-11-30,191.70226,103.75125,8383.9989,4758.851,SW_PSPN,SW,Switzerland,PSPN,-0.04057710433568451,-0.041423325633245536
2021-12-30,203.05028,109.89291,8875.0165,5040.5562,SW_PSPN,SW,Switzerland,PSPN,0.05919606790238152,0.057510193865903995
2022-01-31,198.16497,107.24894,8875.0165,4919.2825,SW_PSPN,SW,Switzerland,PSPN,-0.024059607305146224,-0.0243537674926312
2022-02-28,213.21487,115.3941,8875.0165,5292.8839,SW_PSPN,SW,Switzerland,PSPN,0.07594631886755754,0.07320057096677651
2022-03-31,219.84886,118.98448,9048.4203,5457.5671,SW_PSPN,SW,Switzerland,PSPN,0.031114105690658533,0.030639873683526747
2022-04-29,228.82924,120.12788,9048.4203,5510.0123,SW_PSPN,SW,Switzerland,PSPN,0.040847971647430814,0.04003573828334821
2022-05-31,211.49804,111.02956,9048.4203,5092.6919,SW_PSPN,SW,Switzerland,PSPN,-0.0757385725705334,-0.07876031723916065
2022-06-30,202.34611,106.2251,9412.103,4872.3213,SW_PSPN,SW,Switzerland,PSPN,-0.04327193765010773,-0.04423608428345323
2022-07-29,222.86684,116.99781,9412.103,5366.4428,SW_PSPN,SW,Switzerland,PSPN,0.10141400790951693,0.09659481604166759
2022-08-31,215.26573,113.00748,9412.103,5183.4147,SW_PSPN,SW,Switzerland,PSPN,-0.03410606082089196,-0.034701244607847834
2022-09-30,195.80032,102.78877,9820.1747,4714.7043,SW_PSPN,SW,Switzerland,PSPN,-0.09042502956694498,-0.09477785403846911
2022-10-31,205.94577,108.1148,9820.1747,4958.9981,SW_PSPN,SW,Switzerland,PSPN,0.051815288146618066,0.05051751728958408
2022-11-30,201.86856,105.9744,9820.1747,4860.8222,SW_PSPN,SW,Switzerland,PSPN,-0.01979749329155922,-0.019996089166110936
2022-12-30,209.30694,109.87931,9604.4295,5039.932,SW_PSPN,SW,Switzerland,PSPN,0.03684763987022044,0.03618499450915347
2023-01-31,217.64848,114.25834,9604.4295,5240.7892,SW_PSPN,SW,Switzerland,PSPN,0.039853145815422986,0.03907949723607433
2023-02-28,202.34916,106.2267,9604.4295,4872.3946,SW_PSPN,SW,Switzerland,PSPN,-0.07029371397401896,-0.07288656419438082
2023-03-31,199.46207,104.71107,9589.3552,4802.8759,SW_PSPN,SW,Switzerland,PSPN,-0.014267862540175646,-0.014370627149603651
2023-04-28,210.93777,106.77681,9589.3552,4897.627,SW_PSPN,SW,Switzerland,PSPN,0.05753324429050588,0.05593906812550331
2023-05-31,198.64039,100.55187,9589.3552,4612.1022,SW_PSPN,SW,Switzerland,PSPN,-0.05829861574814221,-0.060067056517260624
2023-06-30,202.03302,102.26922,9998.603,4690.8736,SW_PSPN,SW,Switzerland,PSPN,0.017079255633761115,0.016935044839966343
2023-07-31,212.19345,107.41243,9998.603,4926.7819,SW_PSPN,SW,Switzerland,PSPN,0.0502909375903009,0.04906720920824513
2023-08-31,221.70779,112.2286,9998.603,5147.6892,SW_PSPN,SW,Switzerland,PSPN,0.04483804754576526,0.04386189498127227
2023-09-29,220.9619,111.85103,10057.5547,5130.3709,SW_PSPN,SW,Switzerland,PSPN,-0.003364293153614417,-0.0033699651128214604
2023-10-31,229.40335,116.1241,10057.5547,5326.3674,SW_PSPN,SW,Switzerland,PSPN,0.03820319249608173,0.0374915194362018
2023-11-30,239.68946,121.33093,10057.5547,5565.194,SW_PSPN,SW,Switzerland,PSPN,0.04483853439803731,0.04386236094071907
2023-12-29,250.21139,126.65714,10540.6528,5809.4959,SW_PSPN,SW,Switzerland,PSPN,0.043898175581020604,0.04296195173542666
2024-01-31,244.19122,123.60973,10540.6528,5669.7174,SW_PSPN,SW,Switzerland,PSPN,-0.024060335542678613,-0.024354513683494436
2024-02-29,232.81075,117.84893,10540.6528,5405.4817,SW_PSPN,SW,Switzerland,PSPN,-0.04660474688647687,-0.047725715127180636
2024-03-28,239.97314,121.47453,9995.5389,5571.7805,SW_PSPN,SW,Switzerland,PSPN,0.03076485944055407,0.030301108645083043
2024-04-30,237.29223,116.22309,9995.5389,5330.9079,SW_PSPN,SW,Switzerland,PSPN,-0.01117170863372463,-0.011234580869376818
2024-05-31,236.09096,115.63472,9995.5389,5303.9208,SW_PSPN,SW,Switzerland,PSPN,-0.00506240764815602,-0.005075265045032573
2024-06-28,244.4948,119.75083,10113.5379,5492.7179,SW_PSPN,SW,Switzerland,PSPN,0.035595772070222464,0.03497688629732353
2024-07-31,251.85138,123.354,10113.5379,5657.9876,SW_PSPN,SW,Switzerland,PSPN,0.030088901686252667,0.029645110833600878
2024-08-30,267.55437,131.04515,10113.5379,6010.7646,SW_PSPN,SW,Switzerland,PSPN,0.06235022416791991,0.060483646390849924
2024-09-30,268.69884,131.6057,10386.3164,6036.4758,SW_PSPN,SW,Switzerland,PSPN,0.004277523106798853,0.00426840051032693
2024-10-31,266.32079,130.44095,10386.3164,5983.0515,SW_PSPN,SW,Switzerland,PSPN,-0.008850242896471072,-0.0088896389112461
2024-11-29,281.53872,137.89452,10386.3164,6324.931,SW_PSPN,SW,Switzerland,PSPN,0.05714135197631398,0.055568427347607675
2024-12-30,279.74655,137.01674,10548.7383,6284.669,SW_PSPN,SW,Switzerland,PSPN,-0.006365625303688227,-0.006385972289929502
2025-01-31,290.6733,142.36854,10548.7383,6530.1446,SW_PSPN,SW,Switzerland,PSPN,0.03905946293171425,0.03831594140507866
2025-02-28,289.36744,141.72894,10548.7383,6500.8077,SW_PSPN,SW,Switzerland,PSPN,-0.004492535090082184,-0.004502656852140648
2025-03-31,295.08313,144.52843,10390.4675,6629.2141,SW_PSPN,SW,Switzerland,PSPN,0.01975236052819218,0.019559814023532837
2025-04-30,330.76978,157.31355,10390.4675,7215.6406,SW_PSPN,SW,Switzerland,PSPN,0.12093761510527568,0.11416549143107275
2025-05-30,326.028,155.05836,10390.4675,7112.2001,SW_PSPN,SW,Switzerland,PSPN,-0.014335590149741062,-0.014439337434893004
2025-06-30,328.82282,156.38757,10829.105,7173.1681,SW_PSPN,SW,Switzerland,PSPN,0.008572331210816131,0.00853579741766821
2025-07-31,312.89837,148.81393,10829.105,6825.7811,SW_PSPN,SW,Switzerland,PSPN,-0.04842866440960514,-0.04964062333741726
2025-08-29,298.97952,142.19415,10829.105,6522.1458,SW_PSPN,SW,Switzerland,PSPN,-0.04448361300188308,-0.0455033652676926
2025-09-30,307.62986,146.30824,10825.9856,6710.8504,SW_PSPN,SW,Switzerland,PSPN,0.028932884767491895,0.028522230980817655
2025-10-31,315.62655,150.11145,10825.9856,6885.2956,SW_PSPN,SW,Switzerland,PSPN,0.025994518217444806,0.0256624038663171
2025-11-28,320.86281,152.60181,10825.9856,6999.5231,SW_PSPN,SW,Switzerland,PSPN,0.016590049221144376,0.016453937689570736
2025-12-30,324.38873,154.27873,10942.2278,7076.4398,SW_PSPN,SW,Switzerland,PSPN,0.010988870913397397,0.010928931979128096
2026-01-30,355.63662,169.14017,10942.2278,7758.103,SW_PSPN,SW,Switzerland,PSPN,0.09632853151217668,0.09196689863761923
2026-02-27,383.49668,182.39037,10942.2278,8365.8615,SW_PSPN,SW,Switzerland,PSPN,0.07833855804838108,0.07542148444925847
2026-03-31,360.46143,171.43484,10942.2278,7863.3547,SW_PSPN,SW,Switzerland,PSPN,-0.06006636093955242,-0.06194600295435961
2026-04-30,366.63402,170.12521,10942.2278,7803.2845,SW_PSPN,SW,Switzerland,PSPN,0.01712413447397143,0.0169791690808715
2000-01-31,,,350.4758,,SW_SPSN,SW,Switzerland,SPSN,,
2000-02-29,,,350.4758,,SW_SPSN,SW,Switzerland,SPSN,,
2000-03-31,,,350.4758,,SW_SPSN,SW,Switzerland,SPSN,,
2000-04-28,31.36809,31.36809,350.4758,289.5636,SW_SPSN,SW,Switzerland,SPSN,,
2000-05-31,30.20608,30.20608,350.4758,501.2425,SW_SPSN,SW,Switzerland,SPSN,-0.03704433390748363,-0.037747905530866495
2000-06-30,30.71959,30.71959,527.3968,509.7638,SW_SPSN,SW,Switzerland,SPSN,0.017000219823293916,0.01685733321516445
2000-07-31,30.59183,30.59183,527.3968,507.6437,SW_SPSN,SW,Switzerland,SPSN,-0.0041589096729480746,-0.0041675819910589875
2000-08-31,30.62467,30.62467,527.3968,508.1887,SW_SPSN,SW,Switzerland,SPSN,0.001073489228986757,0.0010729134514481983
2000-09-29,32.26218,32.26218,527.3968,535.3616,SW_SPSN,SW,Switzerland,SPSN,0.05347029045537477,0.052089753062724044
2000-10-31,31.23461,31.23461,527.3968,518.31,SW_SPSN,SW,Switzerland,SPSN,-0.03185060649962279,-0.03236887148504895
2000-11-30,31.74995,31.74995,527.3968,526.8616,SW_SPSN,SW,Switzerland,SPSN,0.016499005430194114,0.016364375660005107
2000-12-29,32.14739,32.14739,559.6848,533.4569,SW_SPSN,SW,Switzerland,SPSN,0.012517814988685094,0.012440114894319246
2001-01-31,30.98159,30.98159,559.6848,514.1114,SW_SPSN,SW,Switzerland,SPSN,-0.03626421927254442,-0.03693810832243625
2001-02-28,30.86629,30.86629,559.6848,512.1981,SW_SPSN,SW,Switzerland,SPSN,-0.003721564968098834,-0.003728507220385654
2001-03-30,30.99154,30.99154,559.6848,513.936,SW_SPSN,SW,Switzerland,SPSN,0.004057824895703499,0.00404961412866987
2001-04-30,30.75872,30.75872,559.6848,510.075,SW_SPSN,SW,Switzerland,SPSN,-0.007512372731397043,-0.007540732726603493
2001-05-31,30.83658,30.83658,559.6848,511.3662,SW_SPSN,SW,Switzerland,SPSN,0.0025313146971006617,0.002528116316321289
2001-06-29,30.05617,30.05617,1049.365,498.4246,SW_SPSN,SW,Switzerland,SPSN,-0.025307929737993007,-0.025633683239926514
2001-07-31,29.49922,29.49922,1049.365,489.1886,SW_SPSN,SW,Switzerland,SPSN,-0.018530305092099297,-0.018704142046022255
2001-08-31,29.16521,29.16521,1049.365,483.6497,SW_SPSN,SW,Switzerland,SPSN,-0.011322672260486999,-0.011387261727117085
2001-09-28,30.96936,30.96936,1049.365,513.568,SW_SPSN,SW,Switzerland,SPSN,0.061859660876777633,0.06002176802062192
2001-10-31,31.91744,31.91744,1049.365,529.2901,SW_SPSN,SW,Switzerland,SPSN,0.030613483778805906,0.030154240252370762
2001-11-30,31.45479,31.45479,1049.365,521.618,SW_SPSN,SW,Switzerland,SPSN,-0.014495210142166814,-0.01460129206851683
2001-12-28,30.73053,30.73053,1176.0879,509.6076,SW_SPSN,SW,Switzerland,SPSN,-0.023025427923696107,-0.023294653812028016
2002-01-31,30.34758,30.34758,1176.0879,503.257,SW_SPSN,SW,Switzerland,SPSN,-0.012461548824572843,-0.012539845065753695
2002-02-28,29.73181,29.73181,1176.0879,493.0457,SW_SPSN,SW,Switzerland,SPSN,-0.020290580006709025,-0.020499261496291107
2002-03-28,31.13089,31.13089,1176.0879,516.2468,SW_SPSN,SW,Switzerland,SPSN,0.04705667095276067,0.045983057408077094
2002-04-30,32.40889,32.40889,1176.0879,533.5223,SW_SPSN,SW,Switzerland,SPSN,0.04105247231929443,0.04023219404866972
2002-05-31,32.27896,32.27896,1176.0879,531.3834,SW_SPSN,SW,Switzerland,SPSN,-0.004009085161509773,-0.004017143087243486
2002-06-28,32.18478,32.18478,1269.7845,529.833,SW_SPSN,SW,Switzerland,SPSN,-0.002917690037101406,-0.002921954792186772
2002-07-31,32.94072,31.93866,1269.7845,525.7812,SW_SPSN,SW,Switzerland,SPSN,0.023487499370820508,0.02321591243526089
2002-08-30,32.53534,31.54561,1269.7845,519.3108,SW_SPSN,SW,Switzerland,SPSN,-0.012306349102266134,-0.012382699257457849
2002-09-30,28.61502,27.74454,1269.7845,438.9103,SW_SPSN,SW,Switzerland,SPSN,-0.1204942072220544,-0.1283951283817058
2002-10-31,29.98376,29.07165,1269.7845,614.4856,SW_SPSN,SW,Switzerland,SPSN,0.04783292131195438,0.04672414696008714
2002-11-29,31.76697,30.80061,1269.7845,651.0305,SW_SPSN,SW,Switzerland,SPSN,0.059472527795046304,0.057771168984707674
2002-12-30,31.30507,30.35277,1399.683,642.6478,SW_SPSN,SW,Switzerland,SPSN,-0.014540259898882413,-0.014647005480441478
2003-01-31,30.99231,30.04952,1399.683,635.1547,SW_SPSN,SW,Switzerland,SPSN,-0.009990713964223685,-0.01004095606337432
2003-02-28,30.74511,29.80984,1399.683,630.0886,SW_SPSN,SW,Switzerland,SPSN,-0.007976172153672967,-0.008008151979361935
2003-03-31,31.46908,30.51178,1399.683,644.9255,SW_SPSN,SW,Switzerland,SPSN,0.023547484461756696,0.02327451924113096
2003-04-30,31.72894,30.76374,1399.683,650.251,SW_SPSN,SW,Switzerland,SPSN,0.008257629393677801,0.008223721708917726
2003-05-30,30.87918,29.93983,1399.683,633.9428,SW_SPSN,SW,Switzerland,SPSN,-0.02678185908511288,-0.027147027766756822
2003-06-30,30.92044,29.97984,1.338,634.79,SW_SPSN,SW,Switzerland,SPSN,0.0013361753777139107,0.0013352834897846328
2003-07-31,30.14314,28.02835,1.338,593.4695,SW_SPSN,SW,Switzerland,SPSN,-0.02513871083335162,-0.02546008562665991
2003-08-29,30.55721,28.41338,1.338,601.622,SW_SPSN,SW,Switzerland,SPSN,0.01373679052679977,0.013643296056104396
2003-09-30,30.44788,28.31172,1.338,599.4694,SW_SPSN,SW,Switzerland,SPSN,-0.0035778790013878403,-0.0035842949186174044
2003-10-31,30.17473,28.05773,1.338,594.0915,SW_SPSN,SW,Switzerland,SPSN,-0.008971067936421218,-0.009011550261378273
2003-11-28,30.09446,27.98309,1.338,592.5112,SW_SPSN,SW,Switzerland,SPSN,-0.002660172932781757,-0.0026637174802662446
2003-12-30,30.02677,27.92015,1457.6891,590.9528,SW_SPSN,SW,Switzerland,SPSN,-0.0022492511910831015,-0.002251784556039049
2004-01-30,29.85955,27.76466,1457.6891,587.8862,SW_SPSN,SW,Switzerland,SPSN,-0.0055690305683895325,-0.005584595433496703
2004-02-27,30.86794,28.70231,1457.6891,607.7398,SW_SPSN,SW,Switzerland,SPSN,0.03377110505684122,0.03321338316365138
2004-03-31,33.2618,30.92822,1457.6891,657.5981,SW_SPSN,SW,Switzerland,SPSN,0.07755166039586703,0.07469148652939546
2004-04-30,34.33842,31.9293,1457.6891,678.8833,SW_SPSN,SW,Switzerland,SPSN,0.03236806186075314,0.031855252565079116
2004-05-28,35.3562,32.87568,1457.6891,699.0053,SW_SPSN,SW,Switzerland,SPSN,0.0296396863920938,0.02920892200378976
2004-06-30,35.25,32.77693,1504.6191,696.9056,SW_SPSN,SW,Switzerland,SPSN,-0.003003716462742112,-0.0030082366729255595
2004-07-30,34.6592,32.22758,1504.6191,685.2252,SW_SPSN,SW,Switzerland,SPSN,-0.016760283687943356,-0.01690232659899681
2004-08-31,35.40662,32.92256,1504.6191,700.0021,SW_SPSN,SW,Switzerland,SPSN,0.021564837041824436,0.02133560564678849
2004-09-30,36.63029,34.06038,1504.6191,724.1944,SW_SPSN,SW,Switzerland,SPSN,0.03456048614637619,0.03397668546123144
2004-10-29,39.13445,36.38885,1504.6191,773.7026,SW_SPSN,SW,Switzerland,SPSN,0.06836309513247096,0.06612765947481154
2004-11-30,38.05853,35.38841,1504.6191,752.4312,SW_SPSN,SW,Switzerland,SPSN,-0.027492912255059232,-0.02787791534648937
2004-12-30,37.44056,34.81381,2163.4123,739.6099,SW_SPSN,SW,Switzerland,SPSN,-0.016237358615795228,-0.016370629133133155
2005-01-31,38.77357,36.05329,2163.4123,766.5678,SW_SPSN,SW,Switzerland,SPSN,0.0356033670436553,0.03498422018742559
2005-02-28,39.298,36.54093,2163.4123,776.9361,SW_SPSN,SW,Switzerland,SPSN,0.0135254504550395,0.013434798045088793
2005-03-31,38.51598,35.81377,2163.4123,761.4752,SW_SPSN,SW,Switzerland,SPSN,-0.01989974044480647,-0.020100406881822633
2005-04-29,38.99592,36.26004,2163.4123,770.9638,SW_SPSN,SW,Switzerland,SPSN,0.012460801984007563,0.01238380515927836
2005-05-31,39.60577,36.82711,2163.4123,783.0131,SW_SPSN,SW,Switzerland,SPSN,0.015638815547883045,0.015517789444437812
2005-06-30,39.69118,36.90652,2162.4093,784.7016,SW_SPSN,SW,Switzerland,SPSN,0.0021565039639426242,0.002154182046819156
2005-07-29,40.09044,37.27777,2162.4093,792.595,SW_SPSN,SW,Switzerland,SPSN,0.010059161758355417,0.010008905136032982
2005-08-31,39.65721,36.87493,2162.4093,784.0299,SW_SPSN,SW,Switzerland,SPSN,-0.01080631691744971,-0.010865129240273557
2005-09-30,39.39221,36.62853,2162.4093,792.7317,SW_SPSN,SW,Switzerland,SPSN,-0.006682265343426863,-0.0067046916399617195
2005-10-31,38.45293,35.75515,2162.4093,757.1304,SW_SPSN,SW,Switzerland,SPSN,-0.023844308303595962,-0.02413318511029383
2005-11-30,39.38384,36.62075,2162.4093,970.7051,SW_SPSN,SW,Switzerland,SPSN,0.024209078475944334,0.0239206839749488
2005-12-30,40.46205,37.62331,2165.0271,997.2798,SW_SPSN,SW,Switzerland,SPSN,0.02737696476524376,0.027008917897637912
2006-01-31,40.84817,37.98234,2165.0271,1006.7968,SW_SPSN,SW,Switzerland,SPSN,0.009542769088565883,0.00949752447912652
2006-02-28,42.59957,39.61087,2165.0271,1049.9641,SW_SPSN,SW,Switzerland,SPSN,0.04287584976266978,0.041982137066733295
2006-03-31,43.90133,40.82129,2165.0271,1082.0488,SW_SPSN,SW,Switzerland,SPSN,0.030558054928723433,0.030100456422102476
2006-04-28,43.45014,40.40176,2165.0271,1070.9282,SW_SPSN,SW,Switzerland,SPSN,-0.0102773651732192,-0.010330541949198534
2006-05-31,41.21231,38.32094,2165.0271,1015.7719,SW_SPSN,SW,Switzerland,SPSN,-0.05150340136993792,-0.052877075665093115
2006-06-30,41.88858,38.94976,2162.4977,1032.44,SW_SPSN,SW,Switzerland,SPSN,0.01640941747744784,0.016276237943820004
2006-07-31,41.51045,38.59816,2162.4977,1023.1201,SW_SPSN,SW,Switzerland,SPSN,-0.00902704269278165,-0.009068033311849112
2006-08-31,40.63367,37.78289,2162.4977,1001.5099,SW_SPSN,SW,Switzerland,SPSN,-0.0211219102659691,-0.021348169502755726
2006-09-29,42.45653,39.47786,2162.4977,1046.4384,SW_SPSN,SW,Switzerland,SPSN,0.04486082600956287,0.0438836956953242
2006-10-31,42.16041,39.20252,2162.4977,1039.1399,SW_SPSN,SW,Switzerland,SPSN,-0.006974663261458347,-0.006999099916511966
2006-11-30,43.27806,40.24176,2162.4977,1066.687,SW_SPSN,SW,Switzerland,SPSN,0.026509467056890612,0.026164180090816308
2006-12-29,47.51155,44.17824,2179.6349,1171.0311,SW_SPSN,SW,Switzerland,SPSN,0.09782069713845765,0.09332703024292083
2007-01-31,48.15911,44.78036,2179.6349,1186.9916,SW_SPSN,SW,Switzerland,SPSN,0.013629527977933709,0.013537481386118901
2007-02-28,45.83268,42.61714,2179.6349,1129.6513,SW_SPSN,SW,Switzerland,SPSN,-0.04830716348371045,-0.049512946971897016
2007-03-30,48.14586,44.76804,2179.6349,1186.665,SW_SPSN,SW,Switzerland,SPSN,0.05047010124653406,0.04923777944765394
2007-04-30,46.6113,43.34115,2179.6349,1148.8424,SW_SPSN,SW,Switzerland,SPSN,-0.03187314547917519,-0.032392152232903454
2007-05-31,46.72678,43.44852,2179.6349,1151.6885,SW_SPSN,SW,Switzerland,SPSN,0.0024775108181920302,0.0024744468479011503
2007-06-29,44.93226,41.7799,2203.859,1107.4585,SW_SPSN,SW,Switzerland,SPSN,-0.03840452947966877,-0.03916142556968034
2007-07-31,41.05327,38.17305,2203.859,1011.852,SW_SPSN,SW,Switzerland,SPSN,-0.08632973280222278,-0.09028553060610797
2007-08-31,42.40174,39.42691,2203.859,1045.088,SW_SPSN,SW,Switzerland,SPSN,0.032846835343445235,0.03231890745340798
2007-09-28,41.50203,38.59033,2203.859,1022.9127,SW_SPSN,SW,Switzerland,SPSN,-0.021218704704099367,-0.021447057428765046
2007-10-31,40.87856,38.0106,2203.859,1007.5457,SW_SPSN,SW,Switzerland,SPSN,-0.015022638651651432,-0.015136621476862426
2007-11-30,37.86833,35.21156,2203.859,933.3517,SW_SPSN,SW,Switzerland,SPSN,-0.0736383571241257,-0.07649057751555036
2007-12-28,36.08575,33.55405,2248.2355,890.4119,SW_SPSN,SW,Switzerland,SPSN,-0.04707310832033007,-0.0482170921429241
2008-01-31,39.4915,36.72085,2248.2355,973.3585,SW_SPSN,SW,Switzerland,SPSN,0.09437936027379235,0.09018740830936121
2008-02-29,41.52888,38.61529,2248.2355,1023.5744,SW_SPSN,SW,Switzerland,SPSN,0.05159034222554215,0.05030362994547378
2008-03-31,45.12159,41.95595,2248.2355,1112.125,SW_SPSN,SW,Switzerland,SPSN,0.08651112189878463,0.08297175710814447
2008-04-30,41.60483,38.68592,2248.2355,1025.4465,SW_SPSN,SW,Switzerland,SPSN,-0.07793962934373544,-0.08114457963391863
2008-05-30,42.55567,39.57004,2248.2355,1048.8819,SW_SPSN,SW,Switzerland,SPSN,0.022854077279008234,0.022596834839154405
2008-06-30,38.61427,35.90517,2353.6176,951.7372,SW_SPSN,SW,Switzerland,SPSN,-0.09261750549339254,-0.09719120386407874
2008-07-31,40.12375,37.30875,2353.6176,988.9418,SW_SPSN,SW,Switzerland,SPSN,0.03909124787287199,0.03834653104518028
2008-08-29,41.80248,38.8697,2353.6176,1030.3179,SW_SPSN,SW,Switzerland,SPSN,0.041838811177918434,0.040987239597337015
2008-09-30,42.20808,39.24685,2353.6176,1040.3149,SW_SPSN,SW,Switzerland,SPSN,0.009702773615345217,0.00965600399410414
2008-10-31,37.54732,34.91307,2353.6176,925.4397,SW_SPSN,SW,Switzerland,SPSN,-0.11042340708224596,-0.11700966774997602
2008-11-28,35.15505,32.68864,2353.6176,866.4768,SW_SPSN,SW,Switzerland,SPSN,-0.06371346876421535,-0.06583372623551108
2008-12-30,35.45538,32.9679,2568.3913,873.8724,SW_SPSN,SW,Switzerland,SPSN,0.008543011601462425,0.008506726586929407
2009-01-30,34.2493,31.84644,2568.3913,844.1526,SW_SPSN,SW,Switzerland,SPSN,-0.0340168403215535,-0.03460887796666279
2009-02-27,30.80333,28.64223,2568.3913,759.2188,SW_SPSN,SW,Switzerland,SPSN,-0.10061431912477037,-0.10604332552473528
2009-03-31,35.09636,32.63407,2568.3913,865.0302,SW_SPSN,SW,Switzerland,SPSN,0.1393690227647464,0.13047462037207871
2009-04-30,36.91989,34.32967,2568.3913,909.9754,SW_SPSN,SW,Switzerland,SPSN,0.05195780986974152,0.05065300882474619
2009-05-29,37.2419,34.62908,2568.3913,917.9121,SW_SPSN,SW,Switzerland,SPSN,0.008721856971946496,0.008684041300271072
2009-06-30,36.32325,33.77488,2899.1961,895.2697,SW_SPSN,SW,Switzerland,SPSN,-0.024667108820978556,-0.024976439406894944
2009-07-31,35.03761,32.57944,2899.1961,863.5821,SW_SPSN,SW,Switzerland,SPSN,-0.03539440991651355,-0.036035976129259545
2009-08-31,35.26046,32.78665,2899.1961,869.0747,SW_SPSN,SW,Switzerland,SPSN,0.006360308251618818,0.006340166849661169
2009-09-30,37.54602,34.91186,2899.1961,925.4076,SW_SPSN,SW,Switzerland,SPSN,0.06481934722349036,0.06280515775290149
2009-10-30,38.95256,36.21972,2899.1961,2034.7254,SW_SPSN,SW,Switzerland,SPSN,0.0374617602611409,0.0367771148638358
2009-11-30,39.53951,36.7655,2899.1961,2065.3855,SW_SPSN,SW,Switzerland,SPSN,0.015068329270271352,0.014955929705996133
2009-12-30,40.62196,37.772,5739.0348,2126.6008,SW_SPSN,SW,Switzerland,SPSN,0.02737641412349312,0.027008381928935978
2010-01-29,42.18634,39.22663,5739.0348,2203.6449,SW_SPSN,SW,Switzerland,SPSN,0.03851069716970823,0.03778766487771314
2010-02-26,43.96979,40.88496,5739.0348,2296.8055,SW_SPSN,SW,Switzerland,SPSN,0.04227553279094609,0.04140633523926632
2010-03-31,48.25191,44.86665,5739.0348,2520.4861,SW_SPSN,SW,Switzerland,SPSN,0.09738777465164139,0.09293260529604938
2010-04-30,46.27211,43.02575,5739.0348,2417.0694,SW_SPSN,SW,Switzerland,SPSN,-0.04103050013978726,-0.041896008712684674
2010-05-31,47.12391,43.81779,5739.0348,2461.5639,SW_SPSN,SW,Switzerland,SPSN,0.018408497040658167,0.018241111746144893
2010-06-30,51.53174,47.91637,6452.7632,2691.8113,SW_SPSN,SW,Switzerland,SPSN,0.09353701762014222,0.08941741298067392
2010-07-30,52.87151,46.54507,6452.7632,2614.7751,SW_SPSN,SW,Switzerland,SPSN,0.025998928039301594,0.025666701952029646
2010-08-31,56.37527,49.62958,6452.7632,2788.0546,SW_SPSN,SW,Switzerland,SPSN,0.06626933862868678,0.06416595670845622
2010-09-30,57.40146,50.53298,6452.7632,2838.8051,SW_SPSN,SW,Switzerland,SPSN,0.018202839649370972,0.018039151373754485
2010-10-29,56.74919,49.95876,6452.7632,2806.547,SW_SPSN,SW,Switzerland,SPSN,-0.011363299818506367,-0.011428355410215871
2010-11-30,55.64709,48.98854,6452.7632,2752.0426,SW_SPSN,SW,Switzerland,SPSN,-0.019420541509050593,-0.01961159788269163
2010-12-30,61.70857,54.32472,6693.4765,3038.0248,SW_SPSN,SW,Switzerland,SPSN,0.10892716941712499,0.10339303390974872
2011-01-31,58.47561,51.47861,6693.4765,2891.9279,SW_SPSN,SW,Switzerland,SPSN,-0.05239077813665105,-0.05381307493465679
2011-02-28,58.87083,51.82653,6693.4765,2911.4734,SW_SPSN,SW,Switzerland,SPSN,0.0067587153002763856,0.00673597757838404
2011-03-31,61.29028,53.95648,6693.4765,3031.1281,SW_SPSN,SW,Switzerland,SPSN,0.04109760300644649,0.04027554412962108
2011-04-29,64.80276,54.37917,6693.4765,3054.8735,SW_SPSN,SW,Switzerland,SPSN,0.0573089240251472,0.05572692911148072
2011-05-31,68.67587,57.62929,6693.4765,3237.4566,SW_SPSN,SW,Switzerland,SPSN,0.059767670389347494,0.058049705222801125
2011-06-30,68.10923,57.1538,6984.2962,3210.7446,SW_SPSN,SW,Switzerland,SPSN,-0.00825093296961521,-0.008285160318783034
2011-07-29,73.49387,61.67231,6984.2962,3464.5822,SW_SPSN,SW,Switzerland,SPSN,0.07905888820061557,0.07608926143235888
2011-08-31,71.24922,59.78872,6984.2962,3358.7672,SW_SPSN,SW,Switzerland,SPSN,-0.03054200302691923,-0.031018129659744056
2011-09-30,69.42338,58.25656,6984.2962,3272.6949,SW_SPSN,SW,Switzerland,SPSN,-0.02562610509981722,-0.025960173333476614
2011-10-31,68.1412,57.18062,6984.2962,3212.2516,SW_SPSN,SW,Switzerland,SPSN,-0.01846899416306147,-0.0186416755078957
2011-11-30,65.39842,54.87902,6984.2962,3082.9538,SW_SPSN,SW,Switzerland,SPSN,-0.04025141911207897,-0.041083923729131125
2011-12-30,66.88279,56.12463,7079.2258,3152.9286,SW_SPSN,SW,Switzerland,SPSN,0.022697337336284207,0.022443585263601434
2012-01-31,66.95201,56.18271,7079.2258,3156.1916,SW_SPSN,SW,Switzerland,SPSN,0.0010349448639925818,0.0010344096777838122
2012-02-29,67.60103,56.72734,7079.2258,3186.7874,SW_SPSN,SW,Switzerland,SPSN,0.009693809043223478,0.009647125527933821
2012-03-30,71.85806,60.29962,7079.2258,3387.4683,SW_SPSN,SW,Switzerland,SPSN,0.06297285707037314,0.061069564763225545
2012-04-30,76.22631,61.01862,7079.2258,3427.8598,SW_SPSN,SW,Switzerland,SPSN,0.06078997957918708,0.05901389430679495
2012-05-31,78.01451,62.45006,7079.2258,3508.2743,SW_SPSN,SW,Switzerland,SPSN,0.023459091749292282,0.023188156340741096
2012-06-29,79.67235,63.77715,7238.2256,3582.8264,SW_SPSN,SW,Switzerland,SPSN,0.02125040585398774,0.021027764601042144
2012-07-31,82.28247,65.86653,7238.2256,3700.2023,SW_SPSN,SW,Switzerland,SPSN,0.032760675441354525,0.032235484148941056
2012-08-31,79.08013,63.30308,7238.2256,3556.1946,SW_SPSN,SW,Switzerland,SPSN,-0.03891886084605878,-0.03969644157400542
2012-09-28,77.71373,62.20929,7238.2256,3494.7483,SW_SPSN,SW,Switzerland,SPSN,-0.017278676704249207,-0.017429695166202786
2012-10-31,77.87203,62.33601,7238.2256,3501.867,SW_SPSN,SW,Switzerland,SPSN,0.002036963095195521,0.0020348912988413467
2012-11-30,75.70849,60.60411,7238.2256,3709.7699,SW_SPSN,SW,Switzerland,SPSN,-0.027783274687972037,-0.02817653094745128
2012-12-28,77.45911,62.00546,7651.811,3796.8037,SW_SPSN,SW,Switzerland,SPSN,0.023123166239347848,0.022859876828251434
2013-01-31,76.35537,61.12193,7651.811,3742.702,SW_SPSN,SW,Switzerland,SPSN,-0.01424932457912309,-0.014351821039875496
2013-02-28,75.43565,60.3857,7651.811,3697.6204,SW_SPSN,SW,Switzerland,SPSN,-0.012045256279944683,-0.01211838823475488
2013-03-28,77.36505,61.93017,7651.811,3790.955,SW_SPSN,SW,Switzerland,SPSN,0.02557676642277218,0.02525515328372799
2013-04-30,79.97831,61.02893,7651.811,3735.7873,SW_SPSN,SW,Switzerland,SPSN,0.033778301700832625,0.03322034468434628
2013-05-31,74.39288,56.76687,7651.811,3474.8918,SW_SPSN,SW,Switzerland,SPSN,-0.06983680950497695,-0.07239523457797327
2013-06-28,72.51872,55.33675,7672.0137,3387.3506,SW_SPSN,SW,Switzerland,SPSN,-0.025192733498151987,-0.025515502907363468
2013-07-31,70.98556,54.16685,7672.0137,3315.7366,SW_SPSN,SW,Switzerland,SPSN,-0.02114157558213925,-0.021368259352465998
2013-08-30,71.37467,54.46377,7672.0137,3333.9122,SW_SPSN,SW,Switzerland,SPSN,0.005481537371825773,0.005466568422833872
2013-09-30,73.43829,56.03845,7672.0137,3458.1204,SW_SPSN,SW,Switzerland,SPSN,0.028912497949202365,0.028502417229540302
2013-10-31,71.84593,54.82337,7672.0137,3383.138,SW_SPSN,SW,Switzerland,SPSN,-0.02168296674663861,-0.021921496596665088
2013-11-29,72.38981,55.23839,7672.0137,3408.7486,SW_SPSN,SW,Switzerland,SPSN,0.007570087825434335,0.007541578498929046
2013-12-30,72.43384,55.27199,8583.1206,3410.8221,SW_SPSN,SW,Switzerland,SPSN,0.0006082347777953689,0.0006080498779941031
2014-01-31,74.11724,56.55653,8583.1206,3490.0912,SW_SPSN,SW,Switzerland,SPSN,0.023240518520072806,0.022974570303050265
2014-02-28,78.11916,59.61028,8583.1206,3678.537,SW_SPSN,SW,Switzerland,SPSN,0.05399445527113533,0.05258718945176151
2014-03-31,79.28787,60.50208,8583.1206,3733.57,SW_SPSN,SW,Switzerland,SPSN,0.014960606335244764,0.014849800248195506
2014-04-30,81.61851,59.3876,8583.1206,3664.7958,SW_SPSN,SW,Switzerland,SPSN,0.029394660242481052,0.028970920970761968
2014-05-30,79.52153,57.86179,8583.1206,3570.6386,SW_SPSN,SW,Switzerland,SPSN,-0.025692456282282117,-0.026028271875573467
2014-06-30,81.54419,59.33352,8450.792,3661.4587,SW_SPSN,SW,Switzerland,SPSN,0.025435375803257276,0.025117279287930557
2014-07-31,79.96214,58.18239,8450.792,3590.4225,SW_SPSN,SW,Switzerland,SPSN,-0.019401136978612343,-0.019591809238052812
2014-08-29,81.87884,59.57703,8450.792,3676.4851,SW_SPSN,SW,Switzerland,SPSN,0.023970093846912954,0.02368732096321101
2014-09-30,79.23044,57.64998,8450.792,3557.5678,SW_SPSN,SW,Switzerland,SPSN,-0.03234535320725107,-0.032880025205262876
2014-10-31,81.67758,59.43058,8450.792,3667.4482,SW_SPSN,SW,Switzerland,SPSN,0.030886361353035685,0.030418977187925623
2014-11-28,83.5459,60.79002,8450.792,3751.3387,SW_SPSN,SW,Switzerland,SPSN,0.022874330997563863,0.022616635823952142
2014-12-30,81.79711,59.51755,8817.0676,3672.2956,SW_SPSN,SW,Switzerland,SPSN,-0.020932086433924302,-0.021154268514352988
2015-01-30,103.57826,75.36605,8817.0676,4895.5282,SW_SPSN,SW,Switzerland,SPSN,0.2662826351688954,0.236085549333647
2015-02-27,109.63015,79.76955,8817.0676,5181.5648,SW_SPSN,SW,Switzerland,SPSN,0.05842818753665102,0.05678496567925647
2015-03-31,109.0928,79.37856,8817.0676,5156.1674,SW_SPSN,SW,Switzerland,SPSN,-0.00490148011290692,-0.004913531763299474
2015-04-30,110.00074,76.59575,8817.0676,4975.4053,SW_SPSN,SW,Switzerland,SPSN,0.008322639074256122,0.008288196881681597
2015-05-29,103.73922,72.23573,8817.0676,5070.08,SW_SPSN,SW,Switzerland,SPSN,-0.05692252615755122,-0.05860684294452006
2015-06-30,96.94269,67.50317,10309.0974,4737.9109,SW_SPSN,SW,Switzerland,SPSN,-0.06551553019195633,-0.06776027094259625
2015-07-31,103.26455,71.90521,10309.0974,5046.8814,SW_SPSN,SW,Switzerland,SPSN,0.06521234349903016,0.06317416285429116
2015-08-31,99.77342,69.47426,10309.0974,4876.2583,SW_SPSN,SW,Switzerland,SPSN,-0.0338076329195256,-0.034392326830445484
2015-09-30,93.08062,64.81393,10309.0974,4549.1591,SW_SPSN,SW,Switzerland,SPSN,-0.06707998984098174,-0.06943581583050926
2015-10-30,99.08427,68.9944,10309.0974,4842.5774,SW_SPSN,SW,Switzerland,SPSN,0.06449946293868702,0.0625047008314831
2015-11-30,101.06987,70.37701,10309.0974,4939.6203,SW_SPSN,SW,Switzerland,SPSN,0.020039507784636257,0.019841359668264114
2015-12-30,103.56876,72.11703,9896.9393,5033.3943,SW_SPSN,SW,Switzerland,SPSN,0.02472438126219023,0.02442368010170079
2016-01-29,105.17846,73.2379,9896.9393,5140.4207,SW_SPSN,SW,Switzerland,SPSN,0.01554233149069284,0.015422786536988179
2016-02-29,109.73244,76.40893,9896.9393,5362.9887,SW_SPSN,SW,Switzerland,SPSN,0.043297648586982485,0.042386512666743634
2016-03-31,110.73909,77.10988,9896.9393,5412.1871,SW_SPSN,SW,Switzerland,SPSN,0.00917367735557506,0.009131854760871937
2016-04-29,113.94922,75.98619,9896.9393,5333.3171,SW_SPSN,SW,Switzerland,SPSN,0.028988228095426782,0.028576016645974894
2016-05-31,114.61594,76.43079,9896.9393,5364.5229,SW_SPSN,SW,Switzerland,SPSN,0.00585102732603171,0.005833976543049792
2016-06-30,121.28861,80.88041,10093.3334,5730.0119,SW_SPSN,SW,Switzerland,SPSN,0.05821764407289254,0.05658602501444739
2016-07-29,122.45017,81.65498,10093.3334,5881.5628,SW_SPSN,SW,Switzerland,SPSN,0.009576826711098274,0.009531259600717604
2016-08-31,117.40798,78.29264,10093.3334,5639.375,SW_SPSN,SW,Switzerland,SPSN,-0.041177484686219734,-0.04204929389226337
2016-09-30,116.17577,77.47095,10093.3334,5580.189,SW_SPSN,SW,Switzerland,SPSN,-0.010495112853487476,-0.010550574945637159
2016-10-31,112.47885,75.00569,10093.3334,5402.6176,SW_SPSN,SW,Switzerland,SPSN,-0.03182178177084605,-0.032339098910816926
2016-11-30,114.76196,76.52816,10093.3334,5512.2804,SW_SPSN,SW,Switzerland,SPSN,0.02029812715901702,0.02009486611870307
2016-12-30,115.6152,77.09714,9841.1858,5553.2636,SW_SPSN,SW,Switzerland,SPSN,0.007434867790686139,0.007407365394813053
2017-01-31,114.64794,76.45213,9841.1858,5506.8039,SW_SPSN,SW,Switzerland,SPSN,-0.008366200983953687,-0.008401394069151183
2017-02-28,121.95044,81.32174,9841.1858,5857.5597,SW_SPSN,SW,Switzerland,SPSN,0.06369499530475631,0.06174869127687609
2017-03-31,122.64459,81.78463,9841.1858,5890.9011,SW_SPSN,SW,Switzerland,SPSN,0.0056920663836883545,0.00567592778618116
2017-04-28,123.57029,79.01425,9841.1858,5691.3521,SW_SPSN,SW,Switzerland,SPSN,0.007547825794843588,0.007519483483603955
2017-05-31,127.25382,81.3696,9841.1858,5861.0069,SW_SPSN,SW,Switzerland,SPSN,0.029809187952864802,0.0293735306651314
2017-06-30,123.50266,78.97101,9790.0141,5688.2374,SW_SPSN,SW,Switzerland,SPSN,-0.029477779134646,-0.029920980328795945
2017-07-31,118.60652,75.84028,9790.0141,5462.7328,SW_SPSN,SW,Switzerland,SPSN,-0.039644004428730506,-0.04045123454015924
2017-08-31,117.885,75.37892,9790.0141,5429.5013,SW_SPSN,SW,Switzerland,SPSN,-0.006083308067718396,-0.006101886771213843
2017-09-29,118.085,75.5068,9790.0141,5438.7129,SW_SPSN,SW,Switzerland,SPSN,0.0016965686898247068,0.0016951311428668318
2017-10-31,113.84988,72.79875,9790.0141,5243.6533,SW_SPSN,SW,Switzerland,SPSN,-0.03586501249100216,-0.03652396563836698
2017-11-30,112.45291,71.90549,9790.0141,5179.312,SW_SPSN,SW,Switzerland,SPSN,-0.012270280829457136,-0.01234618225218241
2017-12-29,119.33334,76.30503,9479.2353,5496.2083,SW_SPSN,SW,Switzerland,SPSN,0.06118498845427833,0.05938619735994547
2018-01-31,120.61014,77.12145,9479.2353,5555.0147,SW_SPSN,SW,Switzerland,SPSN,0.01069944074304785,0.010642606762072506
2018-02-28,118.99775,76.09044,9479.2353,5480.7519,SW_SPSN,SW,Switzerland,SPSN,-0.013368610632572109,-0.013458774990829637
2018-03-29,121.96605,77.98846,9479.2353,5617.4646,SW_SPSN,SW,Switzerland,SPSN,0.02494416911244124,0.0246381419482791
2018-04-30,125.79629,77.12428,9479.2353,5555.2189,SW_SPSN,SW,Switzerland,SPSN,0.03140414894144716,0.030921125257469588
2018-05-31,129.5175,79.40572,9479.2353,5719.5492,SW_SPSN,SW,Switzerland,SPSN,0.029581238047640568,0.029152154569295246
2018-06-29,127.36742,78.08753,9778.989,5624.6005,SW_SPSN,SW,Switzerland,SPSN,-0.016600691026309344,-0.016740026695524542
2018-07-31,126.95168,77.83264,9778.989,5606.2414,SW_SPSN,SW,Switzerland,SPSN,-0.003264100034372941,-0.0032694388296302494
2018-08-31,128.57363,78.82704,9778.989,5677.8676,SW_SPSN,SW,Switzerland,SPSN,0.012776120804387947,0.012695194724993085
2018-09-28,120.331,73.77358,9778.989,5602.8337,SW_SPSN,SW,Switzerland,SPSN,-0.064108246768797,-0.0662554574495821
2018-10-31,116.93479,71.6914,9778.989,5444.7003,SW_SPSN,SW,Switzerland,SPSN,-0.028223899078375414,-0.028629849902133513
2018-11-30,118.92435,72.91118,9778.989,5537.3378,SW_SPSN,SW,Switzerland,SPSN,0.017014269235015478,0.016871147680889608
2018-12-28,115.18424,70.61816,10394.6125,5367.8528,SW_SPSN,SW,Switzerland,SPSN,-0.03144948868755648,-0.031954643326308416
2019-01-31,120.62194,73.95195,10394.6125,5616.3807,SW_SPSN,SW,Switzerland,SPSN,0.047208715358976194,0.046128258114230596
2019-02-28,121.03615,74.2059,10394.6125,5635.667,SW_SPSN,SW,Switzerland,SPSN,0.003433952397051465,0.003428069845606589
2019-03-29,127.37437,78.09179,10394.6125,5930.7862,SW_SPSN,SW,Switzerland,SPSN,0.05236633848647698,0.05104128419780312
2019-04-30,122.0362,71.58636,10394.6125,5436.7226,SW_SPSN,SW,Switzerland,SPSN,-0.041909294624970506,-0.04281282347347227
2019-05-31,124.38906,72.96654,10394.6125,5541.5425,SW_SPSN,SW,Switzerland,SPSN,0.019280016913014286,0.019096512284087555
2019-06-28,130.96722,76.82528,10783.4754,5834.5999,SW_SPSN,SW,Switzerland,SPSN,0.05288375038769488,0.05153282856525878
2019-07-31,135.48965,79.47814,10783.4754,6036.0748,SW_SPSN,SW,Switzerland,SPSN,0.03453100707184609,0.03394819075751368
2019-08-30,154.31538,90.5213,10783.4754,6874.7625,SW_SPSN,SW,Switzerland,SPSN,0.13894588996281265,0.13010317671919744
2019-09-30,153.00218,89.75098,10783.4754,6816.2595,SW_SPSN,SW,Switzerland,SPSN,-0.008509845227351875,-0.008546260700785555
2019-10-31,157.52011,92.40119,10783.4754,7017.5333,SW_SPSN,SW,Switzerland,SPSN,0.02952853351501261,0.029100962997707036
2019-11-29,163.46648,95.88933,10783.4754,7282.4448,SW_SPSN,SW,Switzerland,SPSN,0.037749910154328825,0.03705482137363208
2019-12-30,175.76157,103.10163,11333.7194,7831.3924,SW_SPSN,SW,Switzerland,SPSN,0.075214747390413,0.0725204066435902
2020-01-31,187.98119,110.26965,11333.7194,8374.577,SW_SPSN,SW,Switzerland,SPSN,0.06952384414863833,0.06721354396093437
2020-02-28,185.62201,108.88575,11333.7194,8269.4751,SW_SPSN,SW,Switzerland,SPSN,-0.012550085463338134,-0.012629502949680193
2020-03-31,158.59451,89.41304,11333.7194,6790.5936,SW_SPSN,SW,Switzerland,SPSN,-0.14560503897140198,-0.15736170846611905
2020-04-30,153.88685,86.75893,11333.7194,6589.0242,SW_SPSN,SW,Switzerland,SPSN,-0.02968362524024326,-0.03013310111702955
2020-05-29,148.55776,83.75448,11333.7194,6360.8467,SW_SPSN,SW,Switzerland,SPSN,-0.03462992451921665,-0.03524375325213114
2020-06-30,145.91951,82.26708,11718.3345,6247.884,SW_SPSN,SW,Switzerland,SPSN,-0.017759085758966786,-0.017918670531848317
2020-07-31,136.97238,77.22283,11718.3345,5864.792,SW_SPSN,SW,Switzerland,SPSN,-0.061315515656542585,-0.06327586865247757
2020-08-31,133.8146,75.44252,11718.3345,5729.5843,SW_SPSN,SW,Switzerland,SPSN,-0.02305413689971636,-0.023324039835640308
2020-09-30,137.2915,77.40274,11718.3345,5878.4557,SW_SPSN,SW,Switzerland,SPSN,0.02598296448967452,0.02565114279949958
2020-10-30,128.05471,72.19519,11718.3345,5482.961,SW_SPSN,SW,Switzerland,SPSN,-0.06727867347942162,-0.06964880815147124
2020-11-30,133.99699,75.54535,11718.3345,5737.3935,SW_SPSN,SW,Switzerland,SPSN,0.046404228317724616,0.045359742536146684
2020-12-30,142.04627,80.0834,11727.917,6098.6878,SW_SPSN,SW,Switzerland,SPSN,0.060070603078471896,0.05833551258365318
2021-01-29,142.3443,80.25143,11727.917,6094.803,SW_SPSN,SW,Switzerland,SPSN,0.002098119155117706,0.0020959211769995584
2021-02-26,137.3271,77.42282,11727.917,5879.9802,SW_SPSN,SW,Switzerland,SPSN,-0.03524693296464987,-0.035883099470887345
2021-03-31,144.89357,78.7286,11727.917,5981.0403,SW_SPSN,SW,Switzerland,SPSN,0.055098156154175015,0.05363380160886638
2021-04-30,148.76625,80.83284,11727.917,6140.9004,SW_SPSN,SW,Switzerland,SPSN,0.0267277561040149,0.026376809245873864
2021-05-31,153.72368,83.52648,11727.917,6345.5372,SW_SPSN,SW,Switzerland,SPSN,0.03332362010872747,0.03278042288403171
2021-06-30,154.06399,83.71139,11741.6114,6359.5848,SW_SPSN,SW,Switzerland,SPSN,0.00221377734386774,0.0022113305492439013
2021-07-30,165.32891,89.83224,11741.6114,6824.588,SW_SPSN,SW,Switzerland,SPSN,0.07311844902887432,0.07056884807682837
2021-08-31,166.69916,90.57677,11741.6114,6881.15,SW_SPSN,SW,Switzerland,SPSN,0.008288024157420582,0.00825386708518685
2021-09-30,155.63186,84.5633,11741.6114,6424.3048,SW_SPSN,SW,Switzerland,SPSN,-0.06639085643862885,-0.06869740418310274
2021-10-29,161.79189,87.91038,11741.6114,6678.5838,SW_SPSN,SW,Switzerland,SPSN,0.03958077735497101,0.03881753319001864
2021-11-30,154.17098,83.76953,11741.6114,6364.0014,SW_SPSN,SW,Switzerland,SPSN,-0.047103164441678835,-0.048248633487405955
2021-12-30,159.46894,86.64819,13047.3295,6563.1797,SW_SPSN,SW,Switzerland,SPSN,0.034364184491789684,0.03378692344818046
2022-01-31,160.95792,87.45724,13047.3295,6644.1585,SW_SPSN,SW,Switzerland,SPSN,0.009337116055327055,0.009293794643128388
2022-02-28,161.15711,87.56547,13047.3295,6652.3806,SW_SPSN,SW,Switzerland,SPSN,0.0012375284173651302,0.0012367633102360596
2022-03-31,167.3309,89.28728,13047.3295,6783.1874,SW_SPSN,SW,Switzerland,SPSN,0.0383091382068097,0.03759356141231088
2022-04-29,174.51107,93.11861,13047.3295,7074.2543,SW_SPSN,SW,Switzerland,SPSN,0.042910006460253225,0.04201488894055063
2022-05-31,175.82733,93.82095,13047.3295,7127.612,SW_SPSN,SW,Switzerland,SPSN,0.007542558761458595,0.007514255893392249
2022-06-30,159.86779,83.76979,13788.4251,6426.7017,SW_SPSN,SW,Switzerland,SPSN,-0.09076825542422773,-0.0951552727696896
2022-07-29,170.11398,89.13874,13788.4251,6838.5995,SW_SPSN,SW,Switzerland,SPSN,0.06409164722925098,0.06212152182403747
2022-08-31,164.08487,85.97952,13788.4251,6596.2285,SW_SPSN,SW,Switzerland,SPSN,-0.03544159039721484,-0.03608488900625535
2022-09-30,156.53487,82.02336,13788.4251,6292.718,SW_SPSN,SW,Switzerland,SPSN,-0.04601277375543511,-0.04710499730424269
2022-10-31,155.80675,81.64183,13788.4251,6263.4475,SW_SPSN,SW,Switzerland,SPSN,-0.0046514875567342795,-0.004662339389499453
2022-11-30,152.65492,79.99029,13788.4251,6136.7435,SW_SPSN,SW,Switzerland,SPSN,-0.020229097904936655,-0.020436508019157924
2022-12-30,154.90421,81.16891,13946.2885,6227.1652,SW_SPSN,SW,Switzerland,SPSN,0.01473447432942221,0.014626976624181862
2023-01-31,155.83397,81.65609,13946.2885,6264.5415,SW_SPSN,SW,Switzerland,SPSN,0.00600216094836914,0.005984219735249471
2023-02-28,152.61964,79.9718,13946.2885,6135.3251,SW_SPSN,SW,Switzerland,SPSN,-0.020626632306165238,-0.02084233255471126
2023-03-31,152.93805,76.56997,13946.2885,5874.3412,SW_SPSN,SW,Switzerland,SPSN,0.002086297674401605,0.0020841243776461944
2023-04-28,164.06325,82.13991,13946.2885,6301.6596,SW_SPSN,SW,Switzerland,SPSN,0.07274317934614705,0.07021908676734719
2023-05-31,157.81643,79.01238,13946.2885,6061.7198,SW_SPSN,SW,Switzerland,SPSN,-0.03807568117783855,-0.03881950207416332
2023-06-30,158.77349,79.49154,14097.3631,6098.4803,SW_SPSN,SW,Switzerland,SPSN,0.00606438759259742,0.006046073200576692
2023-07-31,176.1412,88.18686,14097.3631,6765.573,SW_SPSN,SW,Switzerland,SPSN,0.10938671184969229,0.10380735078620315
2023-08-31,177.20012,88.71702,14097.3631,6806.2461,SW_SPSN,SW,Switzerland,SPSN,0.006011767831716863,0.005993769254972351
2023-09-29,173.33669,86.78275,14097.3631,6657.8517,SW_SPSN,SW,Switzerland,SPSN,-0.021802637605437214,-0.02204382726718204
2023-10-31,175.2543,87.74283,14097.3631,6731.5071,SW_SPSN,SW,Switzerland,SPSN,0.011062920377676422,0.011002173885820156
2023-11-30,184.48176,92.36265,14097.3631,7085.9334,SW_SPSN,SW,Switzerland,SPSN,0.05265183222323233,0.051312534814523046
2023-12-29,193.28471,96.76993,14839.4188,7424.0541,SW_SPSN,SW,Switzerland,SPSN,0.04771718353077281,0.04661368643611133
2024-01-31,187.79325,94.02058,14839.4188,7213.1277,SW_SPSN,SW,Switzerland,SPSN,-0.028411248877368456,-0.028822659604723706
2024-02-29,176.80188,88.51764,14839.4188,6790.9497,SW_SPSN,SW,Switzerland,SPSN,-0.05852910048683857,-0.06031184000503203
2024-03-28,181.53265,87.40617,14839.4188,6705.679,SW_SPSN,SW,Switzerland,SPSN,0.02675746434370474,0.02640574370266575
2024-04-30,180.34783,86.83569,14839.4188,6713.0538,SW_SPSN,SW,Switzerland,SPSN,-0.006526759786738112,-0.006548152216365346
2024-05-31,176.56964,85.01653,14839.4188,6572.4189,SW_SPSN,SW,Switzerland,SPSN,-0.020949461936969227,-0.02117201565629011
2024-06-28,183.78137,88.4889,14517.3689,6840.8599,SW_SPSN,SW,Switzerland,SPSN,0.040843544790599484,0.04003148514901357
2024-07-31,192.14415,92.5155,14517.3689,7152.146,SW_SPSN,SW,Switzerland,SPSN,0.04550395940567853,0.04449902697232953
2024-08-30,211.19363,101.68763,14517.3689,7861.2213,SW_SPSN,SW,Switzerland,SPSN,0.0991416080062808,0.09452951880988196
2024-09-30,209.24418,100.74899,14517.3689,7788.6575,SW_SPSN,SW,Switzerland,SPSN,-0.00923062878364278,-0.009273495029699177
2024-10-31,206.93977,99.63944,14517.3689,7702.8806,SW_SPSN,SW,Switzerland,SPSN,-0.011013018378814632,-0.011074110619785882
2024-11-29,217.13539,104.54853,14517.3689,8082.3906,SW_SPSN,SW,Switzerland,SPSN,0.04926853837713252,0.04809329129290645
2024-12-30,218.11741,105.02137,14712.7888,8118.9442,SW_SPSN,SW,Switzerland,SPSN,0.004522616050750772,0.004512419753844989
2025-01-31,228.51243,110.02647,14712.7888,8505.876,SW_SPSN,SW,Switzerland,SPSN,0.04765791048041512,0.046557111314508605
2025-02-28,230.56691,111.01567,14712.7888,8907.2732,SW_SPSN,SW,Switzerland,SPSN,0.008990670660672606,0.008950495204516726
2025-03-31,243.55546,113.57299,14712.7888,9112.4578,SW_SPSN,SW,Switzerland,SPSN,0.05633310521444734,0.054803576087145485
2025-04-30,267.08338,124.54435,14712.7888,9992.7383,SW_SPSN,SW,Switzerland,SPSN,0.09660189921424855,0.09221621589790033
2025-05-30,268.63586,125.2683,14712.7888,10050.8236,SW_SPSN,SW,Switzerland,SPSN,0.005812716613066593,0.005795887957832532
2025-06-30,272.70385,127.16525,15072.222,10203.0246,SW_SPSN,SW,Switzerland,SPSN,0.0151431383732612,0.015029625578781777
2025-07-31,260.20229,121.33562,15072.222,9735.2873,SW_SPSN,SW,Switzerland,SPSN,-0.04584299048216589,-0.046927040868313785
2025-08-29,254.95157,118.88714,15072.222,9538.8354,SW_SPSN,SW,Switzerland,SPSN,-0.020179376591958564,-0.020385761409630724
2025-09-30,255.45726,119.12295,15072.222,9557.7553,SW_SPSN,SW,Switzerland,SPSN,0.0019834747438502998,0.0019815102550675623
2025-10-31,264.51831,123.34823,15072.222,9896.7681,SW_SPSN,SW,Switzerland,SPSN,0.035469925575808636,0.034855358047677226
2025-11-28,272.71012,127.16817,15072.222,10203.2589,SW_SPSN,SW,Switzerland,SPSN,0.030968782463490108,0.03049892568551577
2025-12-30,284.04534,132.45393,15799.708,10627.3584,SW_SPSN,SW,Switzerland,SPSN,0.041565087500236464,0.0407244737654879
2026-01-30,307.25759,143.27809,15799.708,11495.8284,SW_SPSN,SW,Switzerland,SPSN,0.0817202281861058,0.07855257784544539
2026-02-27,346.28392,161.47657,15799.708,12955.9713,SW_SPSN,SW,Switzerland,SPSN,0.12701502345312288,0.11957256545070831
2026-03-31,321.44011,146.01706,15799.708,11715.5874,SW_SPSN,SW,Switzerland,SPSN,-0.07174404748565866,-0.07444777332569542
2026-04-30,324.60861,147.45638,15799.708,11831.0703,SW_SPSN,SW,Switzerland,SPSN,0.00985720170391935,0.00980893640587934
2012-07-31,,,742.6263,551.91,SW_ZUGEST,SW,Switzerland,ZUGEST,,
2012-08-31,,,742.6263,545.6695,SW_ZUGEST,SW,Switzerland,ZUGEST,,
2012-09-28,,,742.6263,548.4353,SW_ZUGEST,SW,Switzerland,ZUGEST,,
2012-10-31,99.2027,99.2027,742.6263,514.0009,SW_ZUGEST,SW,Switzerland,ZUGEST,,
2012-11-30,97.91269,97.91269,742.6263,499.3156,SW_ZUGEST,SW,Switzerland,ZUGEST,-0.013003779131011473,-0.013089068462785621
2012-12-31,99.33152,99.33152,783.4208,507.0035,SW_ZUGEST,SW,Switzerland,ZUGEST,0.014490767233542368,0.014386779437531604
2013-01-31,93.76446,93.76446,783.4208,503.8405,SW_ZUGEST,SW,Switzerland,ZUGEST,-0.056045251295862575,-0.057677049680358174
2013-02-28,98.93318,98.93318,783.4208,504.0959,SW_ZUGEST,SW,Switzerland,ZUGEST,0.05512451092876769,0.05365877980193117
2013-03-28,91.95344,91.95344,783.4208,500.3809,SW_ZUGEST,SW,Switzerland,ZUGEST,-0.07055004195761216,-0.07316231077139412
2013-04-30,,,783.4208,501.0953,SW_ZUGEST,SW,Switzerland,ZUGEST,0.0,0.0
2013-05-31,93.7651,92.51705,783.4208,498.1987,SW_ZUGEST,SW,Switzerland,ZUGEST,0.01970192741021992,0.019510356560052722
2013-06-28,97.09001,95.79771,778.618,490.8736,SW_ZUGEST,SW,Switzerland,ZUGEST,0.03545999524343291,0.034845767831923447
2013-07-31,98.30656,96.99807,778.618,486.8143,SW_ZUGEST,SW,Switzerland,ZUGEST,0.012530125396011282,0.012452273033473227
2013-08-30,,,778.618,497.5337,SW_ZUGEST,SW,Switzerland,ZUGEST,0.0,0.0
2013-09-30,98.71435,97.40043,778.618,498.8132,SW_ZUGEST,SW,Switzerland,ZUGEST,0.00414814636988603,0.00413956652950504
2013-10-31,99.06774,97.74912,778.618,491.5438,SW_ZUGEST,SW,Switzerland,ZUGEST,0.0035799253097448247,0.0035735326294688897
2013-11-29,93.75379,92.5059,778.618,487.1196,SW_ZUGEST,SW,Switzerland,ZUGEST,-0.05363956016358107,-0.05513176787166352
2013-12-31,,,801.7359,483.6529,SW_ZUGEST,SW,Switzerland,ZUGEST,0.0,0.0
2014-01-31,,,801.7359,494.5269,SW_ZUGEST,SW,Switzerland,ZUGEST,0.0,0.0
2014-02-28,,,801.7359,503.5422,SW_ZUGEST,SW,Switzerland,ZUGEST,0.0,0.0
2014-03-31,,,801.7359,498.3864,SW_ZUGEST,SW,Switzerland,ZUGEST,0.0,0.0
2014-04-30,95.4742,94.20341,801.7359,489.2106,SW_ZUGEST,SW,Switzerland,ZUGEST,0.01835029815861322,0.01818396321957615
2014-05-30,103.7267,102.34606,801.7359,501.9073,SW_ZUGEST,SW,Switzerland,ZUGEST,0.08643696412224444,0.08290350165644174
2014-06-30,,,856.5372,508.0623,SW_ZUGEST,SW,Switzerland,ZUGEST,0.0,0.0
2014-07-31,106.01815,104.60701,856.5372,507.0118,SW_ZUGEST,SW,Switzerland,ZUGEST,0.022091226270574582,0.02185075029352303
2014-08-29,104.41593,103.02612,856.5372,515.4583,SW_ZUGEST,SW,Switzerland,ZUGEST,-0.015112695326224834,-0.015228055854248362
2014-09-30,,,856.5372,508.6127,SW_ZUGEST,SW,Switzerland,ZUGEST,0.0,0.0
2014-10-31,,,856.5372,493.1387,SW_ZUGEST,SW,Switzerland,ZUGEST,0.0,0.0
2014-11-28,,,856.5372,511.919,SW_ZUGEST,SW,Switzerland,ZUGEST,0.0,0.0
2014-12-31,102.77524,101.40727,904.9083,523.6558,SW_ZUGEST,SW,Switzerland,ZUGEST,-0.015713023865228326,-0.015837782035879655
2015-01-30,105.48734,104.08328,904.9083,624.7562,SW_ZUGEST,SW,Switzerland,ZUGEST,0.026388651585732115,0.026046477736080983
2015-02-27,128.08246,126.37765,904.9083,654.2625,SW_ZUGEST,SW,Switzerland,ZUGEST,0.21419745724937234,0.19408332953425086
2015-03-31,126.35436,124.67254,904.9083,673.7717,SW_ZUGEST,SW,Switzerland,ZUGEST,-0.013492089393036366,-0.013583934690022746
2015-04-30,142.5252,138.59965,904.9083,691.6287,SW_ZUGEST,SW,Switzerland,ZUGEST,0.12798007128523325,0.12042848561947343
2015-05-29,,,904.9083,681.9443,SW_ZUGEST,SW,Switzerland,ZUGEST,0.0,0.0
2015-06-30,,,1115.1977,681.6059,SW_ZUGEST,SW,Switzerland,ZUGEST,0.0,0.0
2015-07-31,,,1115.1977,675.7267,SW_ZUGEST,SW,Switzerland,ZUGEST,0.0,0.0
2015-08-31,131.15435,127.54198,1115.1977,646.9826,SW_ZUGEST,SW,Switzerland,ZUGEST,-0.07978132989815145,-0.08314395228831654
2015-09-30,126.32222,122.84295,1115.1977,648.3359,SW_ZUGEST,SW,Switzerland,ZUGEST,-0.036843078403423046,-0.03753892968378534
2015-10-30,,,1115.1977,654.6226,SW_ZUGEST,SW,Switzerland,ZUGEST,0.0,0.0
2015-11-30,,,1115.1977,675.896,SW_ZUGEST,SW,Switzerland,ZUGEST,0.0,0.0
2015-12-31,135.03733,131.31802,1101.223,673.9301,SW_ZUGEST,SW,Switzerland,ZUGEST,0.06899110861097912,0.06671531452560409
2016-01-29,136.28212,132.52852,1101.223,674.515,SW_ZUGEST,SW,Switzerland,ZUGEST,0.009218117686420557,0.009175890146828064
2016-02-29,,,1101.223,689.2242,SW_ZUGEST,SW,Switzerland,ZUGEST,0.0,0.0
2016-03-31,137.62432,133.83376,1101.223,720.1133,SW_ZUGEST,SW,Switzerland,ZUGEST,0.009848687414020452,0.009800505188299767
2016-04-29,146.28749,140.40145,1101.223,729.8661,SW_ZUGEST,SW,Switzerland,ZUGEST,0.0629479586166164,0.0610461410744652
2016-05-31,145.8621,139.99319,1101.223,728.268,SW_ZUGEST,SW,Switzerland,ZUGEST,-0.002907904155030616,-0.002912140322557267
2016-06-30,144.81305,138.98634,1120.109,741.7786,SW_ZUGEST,SW,Switzerland,ZUGEST,-0.007192067027692595,-0.007218054619727762
2016-07-29,,,1120.109,783.2107,SW_ZUGEST,SW,Switzerland,ZUGEST,0.0,0.0
2016-08-31,,,1120.109,779.6105,SW_ZUGEST,SW,Switzerland,ZUGEST,0.0,0.0
2016-09-30,153.43635,147.26267,1120.109,774.5911,SW_ZUGEST,SW,Switzerland,ZUGEST,0.05954781009031995,0.05784222285234582
2016-10-31,,,1120.109,768.8633,SW_ZUGEST,SW,Switzerland,ZUGEST,0.0,0.0
2016-11-30,,,1120.109,779.975,SW_ZUGEST,SW,Switzerland,ZUGEST,0.0,0.0
2016-12-30,150.48779,144.43275,1179.4881,767.0782,SW_ZUGEST,SW,Switzerland,ZUGEST,-0.01921682834608629,-0.019403871722759872
2017-01-31,159.44051,153.02525,1179.4881,790.027,SW_ZUGEST,SW,Switzerland,ZUGEST,0.059491338134475935,0.057788923265214835
2017-02-28,164.51704,157.89752,1179.4881,802.5245,SW_ZUGEST,SW,Switzerland,ZUGEST,0.03183964978536524,0.03134327687198498
2017-03-31,165.6761,159.00994,1179.4881,814.7071,SW_ZUGEST,SW,Switzerland,ZUGEST,0.00704522765544513,0.0070205259904617436
2017-04-28,,,1179.4881,814.9221,SW_ZUGEST,SW,Switzerland,ZUGEST,0.0,0.0
2017-05-31,162.68719,154.02619,1179.4881,822.019,SW_ZUGEST,SW,Switzerland,ZUGEST,-0.01804068299531436,-0.018205400197996713
2017-06-30,,,1260.7725,861.0935,SW_ZUGEST,SW,Switzerland,ZUGEST,0.0,0.0
2017-07-31,169.03151,160.03276,1260.7725,812.196,SW_ZUGEST,SW,Switzerland,ZUGEST,0.03899704703240614,0.03825586998832208
2017-08-31,,,1260.7725,807.0278,SW_ZUGEST,SW,Switzerland,ZUGEST,0.0,0.0
2017-09-29,168.52308,159.55139,1260.7725,807.455,SW_ZUGEST,SW,Switzerland,ZUGEST,-0.00300790071626289,-0.0030124335414297427
2017-10-31,161.50437,152.90634,1260.7725,775.5765,SW_ZUGEST,SW,Switzerland,ZUGEST,-0.04164836056877197,-0.042540512586042634
2017-11-30,,,1260.7725,774.0687,SW_ZUGEST,SW,Switzerland,ZUGEST,0.0,0.0
2017-12-29,,,1215.0195,796.0641,SW_ZUGEST,SW,Switzerland,ZUGEST,0.0,0.0
2018-01-31,159.4599,150.97072,1215.0195,781.1623,SW_ZUGEST,SW,Switzerland,ZUGEST,-0.012658914430612511,-0.012739721162522671
2018-02-28,156.48441,148.15364,1215.0195,767.0473,SW_ZUGEST,SW,Switzerland,ZUGEST,-0.0186598009907194,-0.0188360915529096
2018-03-29,162.31674,153.67547,1215.0195,760.2679,SW_ZUGEST,SW,Switzerland,ZUGEST,0.03727099715556337,0.03659322312603664
2018-04-30,148.83028,140.90699,1215.0195,923.8041,SW_ZUGEST,SW,Switzerland,ZUGEST,-0.08308730202442471,-0.08674301521033675
2018-05-31,,,1215.0195,957.8892,SW_ZUGEST,SW,Switzerland,ZUGEST,0.0,0.0
2018-06-29,151.88561,141.60784,1277.4829,957.7404,SW_ZUGEST,SW,Switzerland,ZUGEST,0.02052895418862355,0.02032107541659067
2018-07-31,159.43654,148.64782,1277.4829,972.2971,SW_ZUGEST,SW,Switzerland,ZUGEST,0.049714584548200325,0.04851830297871786
2018-08-31,,,1277.4829,1015.5746,SW_ZUGEST,SW,Switzerland,ZUGEST,0.0,0.0
2018-09-28,,,1277.4829,982.3307,SW_ZUGEST,SW,Switzerland,ZUGEST,0.0,0.0
2018-10-31,152.90403,142.55735,1277.4829,966.2577,SW_ZUGEST,SW,Switzerland,ZUGEST,-0.04097247720001951,-0.04183550503191776
2018-11-30,,,1277.4829,973.9801,SW_ZUGEST,SW,Switzerland,ZUGEST,0.0,0.0
2018-12-31,151.44838,141.20019,1378.1956,962.0995,SW_ZUGEST,SW,Switzerland,ZUGEST,-0.009520023769157837,-0.009565628867316404
2019-01-31,160.95637,150.0648,1378.1956,984.9232,SW_ZUGEST,SW,Switzerland,ZUGEST,0.06278040082039849,0.06088849365369192
2019-02-28,154.86852,144.38891,1378.1956,976.8345,SW_ZUGEST,SW,Switzerland,ZUGEST,-0.03782298271264439,-0.038556835589914636
2019-03-29,166.13759,154.89542,1378.1956,1011.2702,SW_ZUGEST,SW,Switzerland,ZUGEST,0.07276540125778941,0.0702398015869886
2019-04-30,166.26828,152.56215,1378.1956,1027.9149,SW_ZUGEST,SW,Switzerland,ZUGEST,0.0007866371481615175,0.0007863279113209149
2019-05-31,,,1378.1956,1040.0102,SW_ZUGEST,SW,Switzerland,ZUGEST,0.0,0.0
2019-06-28,175.54023,161.06978,1493.1789,1071.1083,SW_ZUGEST,SW,Switzerland,ZUGEST,0.055764996185682536,0.05426561902720685
2019-07-31,,,1493.1789,849.5673,SW_ZUGEST,SW,Switzerland,ZUGEST,0.0,0.0
2019-08-30,,,1493.1789,904.5697,SW_ZUGEST,SW,Switzerland,ZUGEST,0.0,0.0
2019-09-30,,,1493.1789,951.5534,SW_ZUGEST,SW,Switzerland,ZUGEST,0.0,0.0
2019-10-31,,,1493.1789,932.288,SW_ZUGEST,SW,Switzerland,ZUGEST,0.0,0.0
2019-11-29,200.25158,183.74407,1493.1789,960.5463,SW_ZUGEST,SW,Switzerland,ZUGEST,0.1407731435694255,0.13170622864887693
2019-12-31,204.32325,187.4801,1524.8224,1356.5197,SW_ZUGEST,SW,Switzerland,ZUGEST,0.020332773404334814,0.020128822524353458
2020-01-31,230.25864,211.27754,1524.8224,1135.4037,SW_ZUGEST,SW,Switzerland,ZUGEST,0.12693313169206144,0.11949990028233651
2020-02-28,230.66022,211.64601,1524.8224,1059.8398,SW_ZUGEST,SW,Switzerland,ZUGEST,0.0017440387904661403,0.001742519720769343
2020-03-31,205.0773,188.17199,1524.8224,919.1056,SW_ZUGEST,SW,Switzerland,ZUGEST,-0.11091171247473885,-0.11755873734721126
2020-04-30,206.19366,189.19632,1524.8224,934.5519,SW_ZUGEST,SW,Switzerland,ZUGEST,0.005443605898848736,0.005428843027526673
2020-05-29,,,1524.8224,922.1424,SW_ZUGEST,SW,Switzerland,ZUGEST,0.0,0.0
2020-06-30,,,1504.2422,962.6938,SW_ZUGEST,SW,Switzerland,ZUGEST,0.0,0.0
2020-07-31,208.64252,187.23009,1504.2422,927.5916,SW_ZUGEST,SW,Switzerland,ZUGEST,0.011876504835308666,0.011806532623760982
2020-08-31,205.65483,184.54901,1504.2422,928.3926,SW_ZUGEST,SW,Switzerland,ZUGEST,-0.014319660249502264,-0.01442317597937654
2020-09-30,205.35668,184.28147,1504.2422,941.7967,SW_ZUGEST,SW,Switzerland,ZUGEST,-0.0014497592884153976,-0.0014508112062205675
2020-10-30,,,1504.2422,915.8515,SW_ZUGEST,SW,Switzerland,ZUGEST,0.0,0.0
2020-11-30,,,1504.2422,942.008,SW_ZUGEST,SW,Switzerland,ZUGEST,0.0,0.0
2020-12-31,202.62516,181.83027,1498.6794,953.4881,SW_ZUGEST,SW,Switzerland,ZUGEST,-0.013301344762683187,-0.013390600009053136
2021-01-29,203.85512,182.93401,1498.6794,915.5186,SW_ZUGEST,SW,Switzerland,ZUGEST,0.006070124756471618,0.006051775765528491
2021-02-26,214.49649,192.48328,1498.6794,893.9034,SW_ZUGEST,SW,Switzerland,ZUGEST,0.052200651129096,0.050883829140738336
2021-03-31,,,1498.6794,910.4702,SW_ZUGEST,SW,Switzerland,ZUGEST,0.0,0.0
2021-04-30,216.37272,190.18207,1498.6794,927.2423,SW_ZUGEST,SW,Switzerland,ZUGEST,0.008747136141947998,0.008709101581335225
2021-05-31,217.98855,191.60231,1498.6794,924.2134,SW_ZUGEST,SW,Switzerland,ZUGEST,0.007467808326299341,0.007440062294774115
2021-06-30,,,1487.6153,925.4759,SW_ZUGEST,SW,Switzerland,ZUGEST,0.0,0.0
2021-07-30,,,1487.6153,922.9321,SW_ZUGEST,SW,Switzerland,ZUGEST,0.0,0.0
2021-08-31,,,1487.6153,952.6512,SW_ZUGEST,SW,Switzerland,ZUGEST,0.0,0.0
2021-09-30,212.13242,186.45503,1487.6153,936.105,SW_ZUGEST,SW,Switzerland,ZUGEST,-0.026864392648145996,-0.02723183615593693
2021-10-29,,,1487.6153,956.4143,SW_ZUGEST,SW,Switzerland,ZUGEST,0.0,0.0
2021-11-30,,,1487.6153,955.3761,SW_ZUGEST,SW,Switzerland,ZUGEST,0.0,0.0
2021-12-31,213.94002,188.04383,1602.7577,972.1377,SW_ZUGEST,SW,Switzerland,ZUGEST,0.008521092626954552,0.008484993044140373
2022-01-31,,,1602.7577,955.8461,SW_ZUGEST,SW,Switzerland,ZUGEST,0.0,0.0
2022-02-28,,,1602.7577,965.9885,SW_ZUGEST,SW,Switzerland,ZUGEST,0.0,0.0
2022-03-31,,,1602.7577,1008.0412,SW_ZUGEST,SW,Switzerland,ZUGEST,0.0,0.0
2022-04-29,,,1602.7577,989.5924,SW_ZUGEST,SW,Switzerland,ZUGEST,0.0,0.0
2022-05-31,,,1602.7577,1016.4747,SW_ZUGEST,SW,Switzerland,ZUGEST,0.0,0.0
2022-06-30,,,1668.0932,1015.1399,SW_ZUGEST,SW,Switzerland,ZUGEST,0.0,0.0
2022-07-29,237.7098,204.85125,1668.0932,1093.1783,SW_ZUGEST,SW,Switzerland,ZUGEST,0.1111048788347313,0.1053549065933537
2022-08-31,253.21661,218.21456,1668.0932,1054.7767,SW_ZUGEST,SW,Switzerland,ZUGEST,0.06523420574162286,0.06319468647888177
2022-09-30,220.0748,189.65394,1668.0932,905.3365,SW_ZUGEST,SW,Switzerland,ZUGEST,-0.1308832386627401,-0.14027779986891065
2022-10-31,195.9057,168.82572,1668.0932,859.5701,SW_ZUGEST,SW,Switzerland,ZUGEST,-0.10982220590453795,-0.11633406756046401
2022-11-30,201.56726,173.70468,1668.0932,864.6965,SW_ZUGEST,SW,Switzerland,ZUGEST,0.028899414361093223,0.028489701210130513
2022-12-30,,,1814.8557,910.6552,SW_ZUGEST,SW,Switzerland,ZUGEST,0.0,0.0
2023-01-31,,,1814.8557,923.4462,SW_ZUGEST,SW,Switzerland,ZUGEST,0.0,0.0
2023-02-28,,,1814.8557,887.5361,SW_ZUGEST,SW,Switzerland,ZUGEST,0.0,0.0
2023-03-31,,,1814.8557,888.3325,SW_ZUGEST,SW,Switzerland,ZUGEST,0.0,0.0
2023-04-28,,,1814.8557,914.5114,SW_ZUGEST,SW,Switzerland,ZUGEST,0.0,0.0
2023-05-31,,,1814.8557,886.1519,SW_ZUGEST,SW,Switzerland,ZUGEST,0.0,0.0
2023-06-30,,,1837.9714,832.7417,SW_ZUGEST,SW,Switzerland,ZUGEST,0.0,0.0
2023-07-31,,,1837.9714,871.2632,SW_ZUGEST,SW,Switzerland,ZUGEST,0.0,0.0
2023-08-31,,,1837.9714,826.0401,SW_ZUGEST,SW,Switzerland,ZUGEST,0.0,0.0
2023-09-29,,,1837.9714,840.8985,SW_ZUGEST,SW,Switzerland,ZUGEST,0.0,0.0
2023-10-31,188.36593,158.43685,1837.9714,797.6922,SW_ZUGEST,SW,Switzerland,ZUGEST,-0.06549342388243018,-0.06773661506733096
2023-11-30,193.36959,162.64549,1837.9714,845.2268,SW_ZUGEST,SW,Switzerland,ZUGEST,0.026563508592026164,0.026216824624925916
2023-12-29,208.10613,175.04058,1945.9674,882.929,SW_ZUGEST,SW,Switzerland,ZUGEST,0.07620919090742251,0.07344485818485001
2024-01-31,,,1945.9674,906.0177,SW_ZUGEST,SW,Switzerland,ZUGEST,0.0,0.0
2024-02-29,226.52215,190.53051,1945.9674,965.0988,SW_ZUGEST,SW,Switzerland,ZUGEST,0.08849340478341516,0.08479454267862482
2024-03-28,216.21921,181.86458,1945.9674,950.3417,SW_ZUGEST,SW,Switzerland,ZUGEST,-0.04548314590868929,-0.046549978464305586
2024-04-30,,,1945.9674,934.1897,SW_ZUGEST,SW,Switzerland,ZUGEST,0.0,0.0
2024-05-31,210.98931,177.46565,1945.9674,923.1438,SW_ZUGEST,SW,Switzerland,ZUGEST,-0.024187952587561568,-0.024485285486371522
2024-06-28,215.91643,181.60991,1887.8578,914.4839,SW_ZUGEST,SW,Switzerland,ZUGEST,0.0233524627385151,0.02308396598609917
2024-07-31,,,1887.8578,913.0574,SW_ZUGEST,SW,Switzerland,ZUGEST,0.0,0.0
2024-08-30,228.39238,192.10358,1887.8578,991.1462,SW_ZUGEST,SW,Switzerland,ZUGEST,0.057781383287969446,0.05617368003180475
2024-09-30,,,1887.8578,999.5416,SW_ZUGEST,SW,Switzerland,ZUGEST,0.0,0.0
2024-10-31,238.03017,200.21004,1887.8578,1026.939,SW_ZUGEST,SW,Switzerland,ZUGEST,0.04219838682884247,0.04133231563996818
2024-11-29,237.97574,200.16426,1887.8578,1092.9011,SW_ZUGEST,SW,Switzerland,ZUGEST,-0.00022866849189751015,-0.00022869464052342403
2024-12-31,,,1887.8578,1101.3049,SW_ZUGEST,SW,Switzerland,ZUGEST,0.0,0.0
2025-01-31,255.90608,215.24569,1887.8578,1128.2985,SW_ZUGEST,SW,Switzerland,ZUGEST,0.07534524317478741,0.07264176646159767
2025-02-28,255.64304,215.02444,1887.8578,1147.7314,SW_ZUGEST,SW,Switzerland,ZUGEST,-0.0010278771024119226,-0.0010284057303548383
2025-03-31,,,1887.8578,1115.8883,SW_ZUGEST,SW,Switzerland,ZUGEST,0.0,0.0
2025-04-30,257.68023,216.73794,1887.8578,1152.5268,SW_ZUGEST,SW,Switzerland,ZUGEST,0.007968885051593766,0.007937301168378959
2025-05-30,,,1887.8578,1185.9232,SW_ZUGEST,SW,Switzerland,ZUGEST,0.0,0.0
2025-06-30,,,2028.9505,1184.6278,SW_ZUGEST,SW,Switzerland,ZUGEST,0.0,0.0
2025-07-31,,,2028.9505,1176.0719,SW_ZUGEST,SW,Switzerland,ZUGEST,0.0,0.0
2025-08-29,,,2028.9505,1172.2999,SW_ZUGEST,SW,Switzerland,ZUGEST,0.0,0.0
2025-09-30,,,2028.9505,1157.1944,SW_ZUGEST,SW,Switzerland,ZUGEST,0.0,0.0
2025-10-31,260.46509,219.08032,2028.9505,1172.9743,SW_ZUGEST,SW,Switzerland,ZUGEST,0.010807425932521042,0.01074944309427205
2025-11-28,274.41877,230.81694,2028.9505,1161.8876,SW_ZUGEST,SW,Switzerland,ZUGEST,0.053572169690763616,0.05218645660562386
2025-12-31,273.8513,230.33963,2050.6599,1218.1879,SW_ZUGEST,SW,Switzerland,ZUGEST,-0.0020678979065462677,-0.0020700389595841515
2026-01-30,,,2050.6599,1286.6797,SW_ZUGEST,SW,Switzerland,ZUGEST,0.0,0.0
2026-02-27,323.13737,271.79473,2050.6599,1382.0646,SW_ZUGEST,SW,Switzerland,ZUGEST,0.1799738398174484,0.165492268585593
2026-03-31,304.43312,256.06236,2050.6599,1329.5491,SW_ZUGEST,SW,Switzerland,ZUGEST,-0.05788327731948806,-0.059626102654617937
2012-07-31,1082.2613,1082.2613,742.6263,551.91,SW_ZUGN,SW,Switzerland,ZUGN,,
2012-08-31,1070.02401,1070.02401,742.6263,545.6695,SW_ZUGN,SW,Switzerland,ZUGN,-0.011307149206942757,-0.011371561021489895
2012-09-28,1075.44772,1075.44772,742.6263,548.4353,SW_ZUGN,SW,Switzerland,ZUGN,0.005068774110965846,0.0050559711208897126
2012-10-31,1016.47072,1016.47072,742.6263,514.0009,SW_ZUGN,SW,Switzerland,ZUGN,-0.054839485828283574,-0.056400509645970015
2012-11-30,979.12686,979.12686,742.6263,499.3156,SW_ZUGN,SW,Switzerland,ZUGN,-0.03673874639497743,-0.037430612590549125
2012-12-28,994.06164,994.06164,783.4208,507.0035,SW_ZUGN,SW,Switzerland,ZUGN,0.015253161372776658,0.015138001465436916
2013-01-31,1012.76715,1012.76715,783.4208,503.8405,SW_ZUGN,SW,Switzerland,ZUGN,0.01881725362624387,0.018642399223428273
2013-02-28,982.24547,982.24547,783.4208,504.0959,SW_ZUGN,SW,Switzerland,ZUGN,-0.03013691745432312,-0.030600369462357817
2013-03-28,1011.05472,1011.05472,783.4208,500.3809,SW_ZUGN,SW,Switzerland,ZUGN,0.02932999019074134,0.028908095617456588
2013-04-30,1017.24398,1017.24398,783.4208,501.0953,SW_ZUGN,SW,Switzerland,ZUGN,0.006121587563529651,0.006102926763471842
2013-05-31,1016.53434,1004.57441,783.4208,498.1987,SW_ZUGN,SW,Switzerland,ZUGN,-0.0006976104198718192,-0.0006978538632464502
2013-06-28,978.67729,967.16275,778.618,490.8736,SW_ZUGN,SW,Switzerland,ZUGN,-0.03724128985155595,-0.037952459173077484
2013-07-31,953.98973,942.76565,778.618,486.8143,SW_ZUGN,SW,Switzerland,ZUGN,-0.0252254346271793,-0.025549049720834677
2013-08-30,986.86396,975.2531,778.618,497.5337,SW_ZUGN,SW,Switzerland,ZUGN,0.034459731552875406,0.03387929192904792
2013-09-30,988.13755,976.51171,778.618,498.8132,SW_ZUGN,SW,Switzerland,ZUGN,0.0012905426194711467,0.0012897105851184063
2013-10-31,968.06573,956.67604,778.618,491.5438,SW_ZUGN,SW,Switzerland,ZUGN,-0.020312779329153097,-0.02052192084150413
2013-11-29,985.03532,973.44598,778.618,487.1196,SW_ZUGN,SW,Switzerland,ZUGN,0.01752937788635478,0.01737751053338915
2013-12-30,960.06055,948.76505,801.7359,483.6529,SW_ZUGN,SW,Switzerland,ZUGN,-0.025354187299598485,-0.025681143007695317
2014-01-31,981.21261,969.66825,801.7359,494.5269,SW_ZUGN,SW,Switzerland,ZUGN,0.022032006210441546,0.021792808522490246
2014-02-28,999.10021,987.34539,801.7359,503.5422,SW_ZUGN,SW,Switzerland,ZUGN,0.018230095921820455,0.01806592001609474
2014-03-31,988.87041,977.23595,801.7359,498.3864,SW_ZUGN,SW,Switzerland,ZUGN,-0.01023901296147256,-0.010291792235558268
2014-04-30,995.17828,969.88551,801.7359,489.2106,SW_ZUGN,SW,Switzerland,ZUGN,0.0063788641425726045,0.00635860529534635
2014-05-30,984.09458,959.08351,801.7359,501.9073,SW_ZUGN,SW,Switzerland,ZUGN,-0.011137401431228988,-0.0111998866685048
2014-06-30,1001.20438,975.75845,856.5372,508.0623,SW_ZUGN,SW,Switzerland,ZUGN,0.01738633699212122,0.017236923978945353
2014-07-31,988.49289,963.37003,856.5372,507.0118,SW_ZUGN,SW,Switzerland,ZUGN,-0.012696198951906323,-0.012777484429782446
2014-08-29,1020.81647,994.8721,856.5372,515.4583,SW_ZUGN,SW,Switzerland,ZUGN,0.03269986089631871,0.032176596996188946
2014-09-30,998.25741,972.88639,856.5372,508.6127,SW_ZUGN,SW,Switzerland,ZUGN,-0.0220990360784441,-0.02234687795874264
2014-10-31,992.16237,966.94625,856.5372,493.1387,SW_ZUGN,SW,Switzerland,ZUGN,-0.006105679696382205,-0.00612439557967405
2014-11-28,1029.94706,1003.77063,856.5372,511.919,SW_ZUGN,SW,Switzerland,ZUGN,0.038083171809872196,0.037375908518164164
2014-12-30,1061.53466,1034.55542,904.9083,523.6558,SW_ZUGN,SW,Switzerland,ZUGN,0.030669149150248654,0.03020825067342319
2015-01-30,1270.18676,1237.90456,904.9083,624.7562,SW_ZUGN,SW,Switzerland,ZUGN,0.19655702998901603,0.1794482912412765
2015-02-27,1327.35802,1293.6228,904.9083,654.2625,SW_ZUGN,SW,Switzerland,ZUGN,0.04501012118879255,0.04402657071799849
2015-03-31,1388.26632,1352.98309,904.9083,673.7717,SW_ZUGN,SW,Switzerland,ZUGN,0.04588686630303407,0.04486520138308726
2015-04-30,1413.88348,1360.14013,904.9083,691.6287,SW_ZUGN,SW,Switzerland,ZUGN,0.018452626582484477,0.01828444267462245
2015-05-29,1366.55477,1314.61043,904.9083,681.9443,SW_ZUGN,SW,Switzerland,ZUGN,-0.03347426479585147,-0.03404735347236896
2015-06-30,1389.30162,1336.49265,1115.1977,681.6059,SW_ZUGN,SW,Switzerland,ZUGN,0.016645399437594355,0.016508383146441128
2015-07-31,1377.31827,1324.9648,1115.1977,675.7267,SW_ZUGN,SW,Switzerland,ZUGN,-0.008625448806429792,-0.008662863289818542
2015-08-31,1315.43032,1265.42928,1115.1977,646.9826,SW_ZUGN,SW,Switzerland,ZUGN,-0.04493365937852556,-0.04597447429475571
2015-09-30,1342.61985,1291.58531,1115.1977,648.3359,SW_ZUGN,SW,Switzerland,ZUGN,0.02066968473100128,0.02045896551696346
2015-10-30,1361.33196,1309.58615,1115.1977,654.6226,SW_ZUGN,SW,Switzerland,ZUGN,0.013937012773943325,0.013840785659677104
2015-11-30,1377.66335,1325.29676,1115.1977,675.896,SW_ZUGN,SW,Switzerland,ZUGN,0.011996625716478526,0.011925236587460683
2015-12-30,1390.58668,1337.72886,1101.223,673.9301,SW_ZUGN,SW,Switzerland,ZUGN,0.00938061537312418,0.009336890631365512
2016-01-29,1385.24034,1332.58574,1101.223,674.515,SW_ZUGN,SW,Switzerland,ZUGN,-0.0038446650445406183,-0.0038520747672248137
2016-02-29,1414.72439,1360.94907,1101.223,689.2242,SW_ZUGN,SW,Switzerland,ZUGN,0.02128442924207663,0.021061079467949113
2016-03-31,1515.46673,1457.86207,1101.223,720.1133,SW_ZUGN,SW,Switzerland,ZUGN,0.0712098700722903,0.0687887293855081
2016-04-29,1525.30969,1448.52542,1101.223,729.8661,SW_ZUGN,SW,Switzerland,ZUGN,0.006495002368016367,0.006474000728219616
2016-05-31,1521.14109,1444.56667,1101.223,728.268,SW_ZUGN,SW,Switzerland,ZUGN,-0.002732953201129873,-0.002736694535879563
2016-06-30,1552.02745,1473.8982,1120.109,741.7786,SW_ZUGN,SW,Switzerland,ZUGN,0.020304730575649632,0.02010133814397502
2016-07-29,1617.12563,1535.71933,1120.109,783.2107,SW_ZUGN,SW,Switzerland,ZUGN,0.041943961751449654,0.04108816237584012
2016-08-31,1609.69208,1528.65999,1120.109,779.6105,SW_ZUGN,SW,Switzerland,ZUGN,-0.004596767166444526,-0.0046073647896445365
2016-09-30,1627.71484,1545.77548,1120.109,774.5911,SW_ZUGN,SW,Switzerland,ZUGN,0.011196402233649705,0.011134186486454156
2016-10-31,1603.43894,1522.72163,1120.109,768.8633,SW_ZUGN,SW,Switzerland,ZUGN,-0.01491409883564132,-0.015026432308641
2016-11-30,1610.44481,1529.37483,1120.109,779.975,SW_ZUGN,SW,Switzerland,ZUGN,0.004369277697596541,0.0043597601170280815
2016-12-30,1622.44306,1540.76909,1179.4881,767.0782,SW_ZUGN,SW,Switzerland,ZUGN,0.007450270835422268,0.0074226546482212465
2017-01-31,1640.2386,1557.66879,1179.4881,790.027,SW_ZUGN,SW,Switzerland,ZUGN,0.010968360270221078,0.010908644069116255
2017-02-28,1653.60058,1570.35813,1179.4881,802.5245,SW_ZUGN,SW,Switzerland,ZUGN,0.008146363583932281,0.008113361076578228
2017-03-31,1687.42377,1602.47865,1179.4881,814.7071,SW_ZUGN,SW,Switzerland,ZUGN,0.020454268345745374,0.020247889275629875
2017-04-28,1723.4908,1615.53518,1179.4881,814.9221,SW_ZUGN,SW,Switzerland,ZUGN,0.021374020350560796,0.02114879957461646
2017-05-31,1770.10551,1659.23005,1179.4881,822.019,SW_ZUGN,SW,Switzerland,ZUGN,0.027046683393958437,0.026687385993128625
2017-06-30,1801.2587,1688.43188,1260.7725,861.0935,SW_ZUGN,SW,Switzerland,ZUGN,0.017599623199862302,0.017446543320497908
2017-07-31,1729.67898,1621.33575,1260.7725,812.196,SW_ZUGN,SW,Switzerland,ZUGN,-0.039738722705406015,-0.04054986770158131
2017-08-31,1713.13209,1605.82531,1260.7725,807.0278,SW_ZUGN,SW,Switzerland,ZUGN,-0.009566451457946212,-0.00961250389564678
2017-09-29,1684.0682,1578.58193,1260.7725,807.455,SW_ZUGN,SW,Switzerland,ZUGN,-0.01696535262496901,-0.01711091288945185
2017-10-31,1613.94376,1512.84992,1260.7725,775.5765,SW_ZUGN,SW,Switzerland,ZUGN,-0.0416399050822287,-0.042531689677107715
2017-11-30,1617.1281,1515.83481,1260.7725,774.0687,SW_ZUGN,SW,Switzerland,ZUGN,0.0019730179445656137,0.001971074101066282
2017-12-29,1665.22839,1560.9222,1215.0195,796.0641,SW_ZUGN,SW,Switzerland,ZUGN,0.029744267012613346,0.029310486960083162
2018-01-31,1630.53661,1528.40343,1215.0195,781.1623,SW_ZUGN,SW,Switzerland,ZUGN,-0.02083304621055604,-0.02105311596610278
2018-02-28,1623.97592,1522.2537,1215.0195,767.0473,SW_ZUGN,SW,Switzerland,ZUGN,-0.00402363857380672,-0.004031755187021044
2018-03-29,1564.36148,1466.37337,1215.0195,760.2679,SW_ZUGN,SW,Switzerland,ZUGN,-0.036708943319800014,-0.037399673305879115
2018-04-30,1537.36635,1419.89345,1215.0195,923.8041,SW_ZUGN,SW,Switzerland,ZUGN,-0.017256324925617572,-0.017406950646558696
2018-05-31,1582.9347,1461.97983,1215.0195,957.8892,SW_ZUGN,SW,Switzerland,ZUGN,0.029640527776609638,0.029209739167486128
2018-06-29,1607.70778,1484.85995,1277.4829,957.7404,SW_ZUGN,SW,Switzerland,ZUGN,0.015650095989430124,0.015528896127965817
2018-07-31,1598.40424,1476.26732,1277.4829,972.2971,SW_ZUGN,SW,Switzerland,ZUGN,-0.005786835217031716,-0.005803643825077434
2018-08-31,1679.69253,1551.34423,1277.4829,1015.5746,SW_ZUGN,SW,Switzerland,ZUGN,0.05085590238424298,0.04960497724692663
2018-09-28,1623.32482,1499.28367,1277.4829,982.3307,SW_ZUGN,SW,Switzerland,ZUGN,-0.033558350110659774,-0.0341343547487586
2018-10-31,1617.93019,1494.30125,1277.4829,966.2577,SW_ZUGN,SW,Switzerland,ZUGN,-0.003323198126176652,-0.0033287322130490385
2018-11-30,1609.5253,1486.5386,1277.4829,973.9801,SW_ZUGN,SW,Switzerland,ZUGN,-0.005194840946753154,-0.005208381045781084
2018-12-28,1609.95083,1486.93161,1378.1956,962.0995,SW_ZUGN,SW,Switzerland,ZUGN,0.00026438229955139114,0.0002643473567099433
2019-01-31,1631.85386,1507.16099,1378.1956,984.9232,SW_ZUGN,SW,Switzerland,ZUGN,0.013604781954738243,0.013513067806420247
2019-02-28,1635.51396,1510.54142,1378.1956,976.8345,SW_ZUGN,SW,Switzerland,ZUGN,0.002242909178153951,0.0022403976121384453
2019-03-29,1666.82496,1539.45989,1378.1956,1011.2702,SW_ZUGN,SW,Switzerland,ZUGN,0.01914444068701182,0.018963491680162894
2019-04-30,1746.54254,1588.37705,1378.1956,1027.9149,SW_ZUGN,SW,Switzerland,ZUGN,0.04782600567728479,0.046717546998060355
2019-05-31,1759.99811,1600.61409,1378.1956,1040.0102,SW_ZUGN,SW,Switzerland,ZUGN,0.007704118102958013,0.007674592931731303
2019-06-28,1803.46095,1640.14098,1493.1789,1071.1083,SW_ZUGN,SW,Switzerland,ZUGN,0.02469482197341666,0.024394833598526667
2019-07-31,1831.69513,1665.81829,1493.1789,849.5673,SW_ZUGN,SW,Switzerland,ZUGN,0.015655553839410974,0.015534269863800522
2019-08-30,1950.28214,1773.66616,1493.1789,904.5697,SW_ZUGN,SW,Switzerland,ZUGN,0.06474167456022006,0.06273221064078757
2019-09-30,2051.58052,1865.79104,1493.1789,951.5534,SW_ZUGN,SW,Switzerland,ZUGN,0.05194037207355029,0.0506364321706654
2019-10-31,2010.04367,1828.01573,1493.1789,932.288,SW_ZUGN,SW,Switzerland,ZUGN,-0.020246268472075335,-0.02045403325649814
2019-11-29,2076.80289,1888.72929,1493.1789,960.5463,SW_ZUGN,SW,Switzerland,ZUGN,0.0332128206945872,0.03267319088748064
2019-12-30,2360.57016,2146.79882,1524.8224,1356.5197,SW_ZUGN,SW,Switzerland,ZUGN,0.1366365924115216,0.1280735439883051
2020-01-31,2459.99459,2237.21946,1524.8224,1135.4037,SW_ZUGN,SW,Switzerland,ZUGN,0.04211882014131696,0.041255967675946116
2020-02-28,2281.02945,2074.46126,1524.8224,1059.8398,SW_ZUGN,SW,Switzerland,ZUGN,-0.07275021690189964,-0.07553229653201089
2020-03-31,1971.51817,1792.97907,1524.8224,919.1056,SW_ZUGN,SW,Switzerland,ZUGN,-0.13568929590102397,-0.14582296359703406
2020-04-30,2053.37273,1826.0059,1524.8224,934.5519,SW_ZUGN,SW,Switzerland,ZUGN,0.041518542027943806,0.04067978475575194
2020-05-29,2033.26241,1808.12236,1524.8224,922.1424,SW_ZUGN,SW,Switzerland,ZUGN,-0.00979379910241629,-0.00984207380661406
2020-06-30,2122.67559,1887.63495,1504.2422,962.6938,SW_ZUGN,SW,Switzerland,ZUGN,0.04397522895237116,0.043035762121840154
2020-07-31,2041.71836,1815.642,1504.2422,927.5916,SW_ZUGN,SW,Switzerland,ZUGN,-0.03813923822433918,-0.03888557707096494
2020-08-31,2043.99741,1817.66869,1504.2422,928.3926,SW_ZUGN,SW,Switzerland,ZUGN,0.0011162411254410642,0.0011156185915382302
2020-09-30,2077.10566,1847.11092,1504.2422,941.7967,SW_ZUGN,SW,Switzerland,ZUGN,0.016197794497205376,0.01606800983190504
2020-10-30,2011.18889,1788.493,1504.2422,915.8515,SW_ZUGN,SW,Switzerland,ZUGN,-0.03173491424600916,-0.03224938027591914
2020-11-30,2077.06479,1847.07456,1504.2422,942.008,SW_ZUGN,SW,Switzerland,ZUGN,0.03275470560102378,0.03222970366394874
2020-12-30,2103.7029,1870.76308,1498.6794,953.4881,SW_ZUGN,SW,Switzerland,ZUGN,0.012824881596495752,0.012743339243147873
2021-01-29,2014.09643,1791.0786,1498.6794,915.5186,SW_ZUGN,SW,Switzerland,ZUGN,-0.04259464109689637,-0.043528404689170366
2021-02-26,1954.0622,1737.69186,1498.6794,893.9034,SW_ZUGN,SW,Switzerland,ZUGN,-0.02980702865353868,-0.030260287738118896
2021-03-31,1996.15058,1775.11987,1498.6794,910.4702,SW_ZUGN,SW,Switzerland,ZUGN,0.02153891518908657,0.021310230672354668
2021-04-30,2077.99153,1807.92326,1498.6794,927.2423,SW_ZUGN,SW,Switzerland,ZUGN,0.040999386930018034,0.040181200708564305
2021-05-31,2070.66802,1801.55156,1498.6794,924.2134,SW_ZUGN,SW,Switzerland,ZUGN,-0.00352432139124248,-0.003530546442234114
2021-06-30,2085.7331,1814.65869,1487.6153,925.4759,SW_ZUGN,SW,Switzerland,ZUGN,0.007275468522472295,0.007249129974392139
2021-07-30,2080.00001,1809.67071,1487.6153,922.9321,SW_ZUGN,SW,Switzerland,ZUGN,-0.002748716985888411,-0.0027525016453187065
2021-08-31,2146.97767,1867.94355,1487.6153,952.6512,SW_ZUGN,SW,Switzerland,ZUGN,0.0322007979221115,0.03169321976271942
2021-09-30,2105.54586,1831.89646,1487.6153,936.105,SW_ZUGN,SW,Switzerland,ZUGN,-0.01929773680412805,-0.019486368851364698
2021-10-29,2151.22676,1871.64041,1487.6153,956.4143,SW_ZUGN,SW,Switzerland,ZUGN,0.021695514150425588,0.021463516031486232
2021-11-30,2153.11867,1873.28643,1487.6153,955.3761,SW_ZUGN,SW,Switzerland,ZUGN,0.0008794563340221995,0.0008790698388876035
2021-12-30,2199.57206,1913.70246,1602.7577,972.1377,SW_ZUGN,SW,Switzerland,ZUGN,0.02157493251405418,0.021345487958689277
2022-01-31,2153.64167,1873.74145,1602.7577,955.8461,SW_ZUGN,SW,Switzerland,ZUGN,-0.02088151183371545,-0.02110261398322627
2022-02-28,2177.03567,1894.09503,1602.7577,965.9885,SW_ZUGN,SW,Switzerland,ZUGN,0.010862531277081144,0.010803957773463116
2022-03-31,2271.80937,1976.55137,1602.7577,1008.0412,SW_ZUGN,SW,Switzerland,ZUGN,0.043533370309913,0.04261242623789389
2022-04-29,2271.2286,1940.37722,1602.7577,989.5924,SW_ZUGN,SW,Switzerland,ZUGN,-0.00025564204799455315,-0.0002556747299929519
2022-05-31,2332.92659,1993.08762,1602.7577,1016.4747,SW_ZUGN,SW,Switzerland,ZUGN,0.027165028654535295,0.026802608061052453
2022-06-30,2329.86302,1990.47033,1668.0932,1015.1399,SW_ZUGN,SW,Switzerland,ZUGN,-0.0013131874843950175,-0.0013140504706708562
2022-07-29,2519.53485,2152.51254,1668.0932,1093.1783,SW_ZUGN,SW,Switzerland,ZUGN,0.08140900489506042,0.07826482500254237
2022-08-31,2411.53449,2060.24465,1668.0932,1054.7767,SW_ZUGN,SW,Switzerland,ZUGN,-0.04286519791540089,-0.04381103842631379
2022-09-30,2066.01796,1765.05975,1668.0932,905.3365,SW_ZUGN,SW,Switzerland,ZUGN,-0.14327662798635732,-0.15464019893960776
2022-10-31,1975.1157,1687.39928,1668.0932,859.5701,SW_ZUGN,SW,Switzerland,ZUGN,-0.043998775305903015,-0.04499608487078542
2022-11-30,1979.93252,1691.51444,1668.0932,864.6965,SW_ZUGN,SW,Switzerland,ZUGN,0.0024387533348046997,0.002435784401907644
2022-12-30,2098.13831,1792.50111,1814.8557,910.6552,SW_ZUGN,SW,Switzerland,ZUGN,0.05970192862936541,0.05798766917375035
2023-01-31,2119.41539,1810.67874,1814.8557,923.4462,SW_ZUGN,SW,Switzerland,ZUGN,0.010140932987396933,0.010089858729985232
2023-02-28,2036.99773,1740.26691,1814.8557,887.5361,SW_ZUGN,SW,Switzerland,ZUGN,-0.0388869781680693,-0.03966326836118487
2023-03-31,2038.82543,1741.82837,1814.8557,888.3325,SW_ZUGN,SW,Switzerland,ZUGN,0.0008972518589895895,0.0008968495691592407
2023-04-28,2146.71554,1793.15954,1814.8557,914.5114,SW_ZUGN,SW,Switzerland,ZUGN,0.052917777271396904,0.0515651458404227
2023-05-31,2080.14479,1737.55275,1814.8557,886.1519,SW_ZUGN,SW,Switzerland,ZUGN,-0.031010512925247813,-0.03150151640228611
2023-06-30,1954.77028,1632.82695,1837.9714,832.7417,SW_ZUGN,SW,Switzerland,ZUGN,-0.06027201116129988,-0.06216481917055046
2023-07-31,2045.19523,1708.35925,1837.9714,871.2632,SW_ZUGN,SW,Switzerland,ZUGN,0.046258606919274525,0.04522056923385153
2023-08-31,1939.03895,1619.68651,1837.9714,826.0401,SW_ZUGN,SW,Switzerland,ZUGN,-0.05190520613525973,-0.05330078819792781
2023-09-29,1973.91743,1648.82064,1837.9714,840.8985,SW_ZUGN,SW,Switzerland,ZUGN,0.01798750870888899,0.017827647629560513
2023-10-31,1873.10119,1564.60845,1837.9714,797.6922,SW_ZUGN,SW,Switzerland,ZUGN,-0.05107419310847261,-0.0524246637324238
2023-11-30,1985.30098,1658.32936,1837.9714,845.2268,SW_ZUGN,SW,Switzerland,ZUGN,0.059900549206313825,0.05817508221898569
2023-12-29,2069.44058,1728.61149,1945.9674,882.929,SW_ZUGN,SW,Switzerland,ZUGN,0.042381281653324,0.04150778969616867
2024-01-31,2130.52675,1779.63699,1945.9674,906.0177,SW_ZUGN,SW,Switzerland,ZUGN,0.029518204383524704,0.029090930071986727
2024-02-29,2263.63231,1890.82056,1945.9674,965.0988,SW_ZUGN,SW,Switzerland,ZUGN,0.06247542303798803,0.060601490290538955
2024-03-28,2239.2094,1870.42001,1945.9674,950.3417,SW_ZUGN,SW,Switzerland,ZUGN,-0.01078925667039965,-0.010847882769508809
2024-04-30,2252.60518,1836.71252,1945.9674,934.1897,SW_ZUGN,SW,Switzerland,ZUGN,0.00598237038483318,0.005964547055635494
2024-05-31,2221.77767,1811.57662,1945.9674,923.1438,SW_ZUGN,SW,Switzerland,ZUGN,-0.013685269959292201,-0.013779776488360838
2024-06-28,2197.26382,1791.58869,1887.8578,914.4839,SW_ZUGN,SW,Switzerland,ZUGN,-0.011033439723066363,-0.011094759582281594
2024-07-31,2190.67492,1786.21628,1887.8578,913.0574,SW_ZUGN,SW,Switzerland,ZUGN,-0.0029986840633456913,-0.0030031891248264455
2024-08-30,2387.29024,1946.53103,1887.8578,991.1462,SW_ZUGN,SW,Switzerland,ZUGN,0.08975102522285683,0.08594925292312755
2024-09-30,2410.01089,1965.05683,1887.8578,999.5416,SW_ZUGN,SW,Switzerland,ZUGN,0.009517338788265661,0.009472334243132695
2024-10-31,2472.72946,2016.19583,1887.8578,1026.939,SW_ZUGN,SW,Switzerland,ZUGN,0.02602418530980155,0.02569131889745967
2024-11-29,2647.4145,2158.62922,1887.8578,1092.9011,SW_ZUGN,SW,Switzerland,ZUGN,0.07064462280479322,0.06826091829236496
2024-12-30,2672.50468,2179.08707,1887.8578,1101.3049,SW_ZUGN,SW,Switzerland,ZUGN,0.009477239019428207,0.009432611730468726
2025-01-31,2722.13474,2219.55406,1887.8578,1128.2985,SW_ZUGN,SW,Switzerland,ZUGN,0.018570616684570274,0.01840028828670149
2025-02-28,2772.76665,2260.83793,1887.8578,1147.7314,SW_ZUGN,SW,Switzerland,ZUGN,0.018600074880936956,0.018429208981948778
2025-03-31,2693.44688,2196.16276,1887.8578,1115.8883,SW_ZUGN,SW,Switzerland,ZUGN,-0.028606723901558828,-0.02902387096140254
2025-04-30,2846.07821,2270.28399,1887.8578,1152.5268,SW_ZUGN,SW,Switzerland,ZUGN,0.056667659248583524,0.055120238572610156
2025-05-30,2915.09722,2325.33967,1887.8578,1185.9232,SW_ZUGN,SW,Switzerland,ZUGN,0.02425056688797045,0.023961190911100248
2025-06-30,2911.91302,2322.79966,2028.9505,1184.6278,SW_ZUGN,SW,Switzerland,ZUGN,-0.001092313483802121,-0.0010929104929626027
2025-07-31,2890.88174,2306.02325,2028.9505,1176.0719,SW_ZUGN,SW,Switzerland,ZUGN,-0.007222495952162844,-0.00724870444612687
2025-08-29,2881.60996,2298.62726,2028.9505,1172.2999,SW_ZUGN,SW,Switzerland,ZUGN,-0.0032072498406662264,-0.003212404090030634
2025-09-30,2844.47927,2269.00854,2028.9505,1157.1944,SW_ZUGN,SW,Switzerland,ZUGN,-0.01288539757823437,-0.012969134412961948
2025-10-31,2895.12357,2309.40691,2028.9505,1172.9743,SW_ZUGN,SW,Switzerland,ZUGN,0.01780441873285321,0.01764777661812617
2025-11-28,2852.0858,2275.07618,2028.9505,1161.8876,SW_ZUGN,SW,Switzerland,ZUGN,-0.014865607273543913,-0.014977207800846049
2025-12-30,3005.56172,2397.50216,2050.6599,1218.1879,SW_ZUGN,SW,Switzerland,ZUGN,0.05381181730227058,0.052413892719800605
2026-01-30,3187.40784,2542.55872,2050.6599,1286.6797,SW_ZUGN,SW,Switzerland,ZUGN,0.060503206036307766,0.05874351815457711
2026-02-27,3394.54164,2707.78699,2050.6599,1382.0646,SW_ZUGN,SW,Switzerland,ZUGN,0.06498503184957971,0.06296074446128799
2026-03-31,3281.34457,2617.49098,2050.6599,1329.5491,SW_ZUGN,SW,Switzerland,ZUGN,-0.03334679082033587,-0.03391547331086535
2026-04-30,3319.20677,2593.83724,2050.6599,1325.0219,SW_ZUGN,SW,Switzerland,ZUGN,0.011538623631958123,0.01147256140674532
