ISIN,CH0009987501
SYMBOL,SXGE
NAME,Swiss Performance Index SPI TR
INDEX TYPE,Total Return
DATE,Close
24.08.2026,20311.68
21.08.2026,20317.78
20.08.2026,20199.27
19.08.2026,20223.03
18.08.2026,20161.57
17.08.2026,20181.31
14.08.2026,20310.57
13.08.2026,20413.39
12.08.2026,20370.95
11.08.2026,20511.96
10.08.2026,20585.70
07.08.2026,20509.58
06.08.2026,20445.85
05.08.2026,20475.73
04.08.2026,20339.58
03.08.2026,20208.44
31.07.2026,20161.16
30.07.2026,20246.22
29.07.2026,20309.62
28.07.2026,20401.08
27.07.2026,20183.54
24.07.2026,20069.67
23.07.2026,19932.10
22.07.2026,20091.25
21.07.2026,20095.03
20.07.2026,20033.11
17.07.2026,20156.26
16.07.2026,20068.91
15.07.2026,20110.33
14.07.2026,20036.70
13.07.2026,20064.96
10.07.2026,20023.15
09.07.2026,19998.19
08.07.2026,19931.89
07.07.2026,20202.92
06.07.2026,20166.93
03.07.2026,20326.79
02.07.2026,20206.84
01.07.2026,19917.53
30.06.2026,20015.46
29.06.2026,20040.99
26.06.2026,19954.36
25.06.2026,20050.78
24.06.2026,19912.32
23.06.2026,19628.72
22.06.2026,19570.81
19.06.2026,19475.48
18.06.2026,19463.18
17.06.2026,19511.76
16.06.2026,19408.53
15.06.2026,19373.11
12.06.2026,19326.92
11.06.2026,19077.88
10.06.2026,19010.52
09.06.2026,18882.16
08.06.2026,18852.87
05.06.2026,18926.39
04.06.2026,18882.99
03.06.2026,18739.30
02.06.2026,18853.23
01.06.2026,18837.00
29.05.2026,19157.82
28.05.2026,19084.30
27.05.2026,19229.80
26.05.2026,19096.53
22.05.2026,19052.12
21.05.2026,18973.12
20.05.2026,18950.67
19.05.2026,18867.44
18.05.2026,18716.55
15.05.2026,18681.02
13.05.2026,18684.24
12.05.2026,18582.49
11.05.2026,18575.43
08.05.2026,18574.54
07.05.2026,18636.58
06.05.2026,18826.51
05.05.2026,18478.60
04.05.2026,18392.88
30.04.2026,18551.09
29.04.2026,18395.24
28.04.2026,18537.94
27.04.2026,18575.05
24.04.2026,18597.51
23.04.2026,18705.52
22.04.2026,18485.68
21.04.2026,18595.09
20.04.2026,18765.28
17.04.2026,18874.94
16.04.2026,18514.38
15.04.2026,18589.84
14.04.2026,18650.43
13.04.2026,18452.54
10.04.2026,18489.67
09.04.2026,18377.07
08.04.2026,18318.69
07.04.2026,17855.12
02.04.2026,18123.68
01.04.2026,18133.98
31.03.2026,17835.66
30.03.2026,17673.08
27.03.2026,17552.21
26.03.2026,17664.49
25.03.2026,17742.64
24.03.2026,17471.08
23.03.2026,17311.06
20.03.2026,17202.24
19.03.2026,17379.49
18.03.2026,17804.22
17.03.2026,18041.64
16.03.2026,17937.91
13.03.2026,17893.35
12.03.2026,17920.70
11.03.2026,17958.66
10.03.2026,18122.21
09.03.2026,17964.17
06.03.2026,18099.81
05.03.2026,18353.79
04.03.2026,18619.72
03.03.2026,18470.76
02.03.2026,19027.83
27.02.2026,19255.70
26.02.2026,19151.61
25.02.2026,19217.92
24.02.2026,19199.48
23.02.2026,19051.52
20.02.2026,19097.79
19.02.2026,19020.19
18.02.2026,19035.90
17.02.2026,18960.80
16.02.2026,18821.47
13.02.2026,18763.25
12.02.2026,18674.10
11.02.2026,18684.41
10.02.2026,18691.34
09.02.2026,18689.12
06.02.2026,18638.05
05.02.2026,18583.04
04.02.2026,18618.55
03.02.2026,18426.53
02.02.2026,18484.47
30.01.2026,18220.41
29.01.2026,18160.81
28.01.2026,18035.49
27.01.2026,18295.85
26.01.2026,18188.61
23.01.2026,18221.56
22.01.2026,18315.84
21.01.2026,18205.85
20.01.2026,18198.72
19.01.2026,18333.86
16.01.2026,18527.92
15.01.2026,18595.00
14.01.2026,18543.84
13.01.2026,18404.03
12.01.2026,18499.24
09.01.2026,18502.97
08.01.2026,18407.20
07.01.2026,18384.45
06.01.2026,18352.40
05.01.2026,18242.25
30.12.2025,18219.49
29.12.2025,18185.05
23.12.2025,18186.12
22.12.2025,18098.52
19.12.2025,18088.46
18.12.2025,18054.91
17.12.2025,17892.92
16.12.2025,17920.48
15.12.2025,17915.20
12.12.2025,17729.15
11.12.2025,17737.21
10.12.2025,17761.37
09.12.2025,17768.45
08.12.2025,17833.09
05.12.2025,17777.13
04.12.2025,17740.41
03.12.2025,17676.79
02.12.2025,17706.37
01.12.2025,17660.92
28.11.2025,17652.88
27.11.2025,17640.02
26.11.2025,17615.97
25.11.2025,17542.28
24.11.2025,17386.54
21.11.2025,17342.35
20.11.2025,17253.92
19.11.2025,17218.49
18.11.2025,17143.97
17.11.2025,17318.97
14.11.2025,17391.52
13.11.2025,17545.05
12.11.2025,17627.02
11.11.2025,17503.42
10.11.2025,17179.19
07.11.2025,16974.56
06.11.2025,16989.38
05.11.2025,17084.84
04.11.2025,17036.92
03.11.2025,16982.87
31.10.2025,16982.04
30.10.2025,17063.80
29.10.2025,17047.45
28.10.2025,17080.74
27.10.2025,17295.35
24.10.2025,17348.92
23.10.2025,17325.90
22.10.2025,17351.42
21.10.2025,17360.58
20.10.2025,17369.28
17.10.2025,17361.83
16.10.2025,17451.81
15.10.2025,17269.87
14.10.2025,17147.46
13.10.2025,17221.53
10.10.2025,17212.17
09.10.2025,17391.43
08.10.2025,17419.74
07.10.2025,17263.63
06.10.2025,17292.08
03.10.2025,17208.77
02.10.2025,17117.19
01.10.2025,17008.91
30.09.2025,16748.62
29.09.2025,16631.63
26.09.2025,16530.92
25.09.2025,16483.08
24.09.2025,16650.65
23.09.2025,16803.45
22.09.2025,16823.86
19.09.2025,16812.63
18.09.2025,16750.21
17.09.2025,16695.87
16.09.2025,16709.44
15.09.2025,16887.45
12.09.2025,16945.18
11.09.2025,17048.42
10.09.2025,16950.46
09.09.2025,17025.36
08.09.2025,17059.12
05.09.2025,17113.20
04.09.2025,17119.84
03.09.2025,16890.31
02.09.2025,16737.89
01.09.2025,16889.15
29.08.2025,16907.81
28.08.2025,16957.74
27.08.2025,16943.47
26.08.2025,16896.19
25.08.2025,16966.59
22.08.2025,17039.60
21.08.2025,16992.74
20.08.2025,17035.70
19.08.2025,16957.70
18.08.2025,16770.93
15.08.2025,16768.59
14.08.2025,16698.66
13.08.2025,16677.64
12.08.2025,16595.35
11.08.2025,16567.52
08.08.2025,16566.12
07.08.2025,16570.93
06.08.2025,16407.75
05.08.2025,16531.70
04.08.2025,16486.77
31.07.2025,16525.39
30.07.2025,16657.24
29.07.2025,16687.60
28.07.2025,16649.77
25.07.2025,16711.90
24.07.2025,16825.84
23.07.2025,16831.13
22.07.2025,16618.57
21.07.2025,16701.99
18.07.2025,16746.73
17.07.2025,16703.15
16.07.2025,16604.47
15.07.2025,16598.86
14.07.2025,16629.11
11.07.2025,16628.85
10.07.2025,16851.98
09.07.2025,16679.99
08.07.2025,16637.16
07.07.2025,16603.97
04.07.2025,16605.15
03.07.2025,16617.16
02.07.2025,16625.34
01.07.2025,16573.80
30.06.2025,16534.67
27.06.2025,16607.38
26.06.2025,16462.13
25.06.2025,16443.08
24.06.2025,16572.46
23.06.2025,16422.60
20.06.2025,16447.82
19.06.2025,16449.32
18.06.2025,16561.03
17.06.2025,16606.67
16.06.2025,16710.25
13.06.2025,16769.11
12.06.2025,17006.95
11.06.2025,17004.99
10.06.2025,17040.10
06.06.2025,17042.71
05.06.2025,16977.65
04.06.2025,16942.58
03.06.2025,16858.62
02.06.2025,16814.76
30.05.2025,16850.29
28.05.2025,16791.69
27.05.2025,16965.38
26.05.2025,16950.37
23.05.2025,16772.45
22.05.2025,16855.80
21.05.2025,16998.72
20.05.2025,17036.87
19.05.2025,16966.72
16.05.2025,16904.74
15.05.2025,16769.59
14.05.2025,16647.86
13.05.2025,16676.24
12.05.2025,16721.01
09.05.2025,16546.82
08.05.2025,16494.66
07.05.2025,16522.90
06.05.2025,16667.43
05.05.2025,16660.38
02.05.2025,16685.46
30.04.2025,16479.15
29.04.2025,16387.77
28.04.2025,16330.44
25.04.2025,16210.86
24.04.2025,16157.82
23.04.2025,16000.22
22.04.2025,15786.45
17.04.2025,15705.01
16.04.2025,15632.36
15.04.2025,15661.67
14.04.2025,15452.75
11.04.2025,15112.54
10.04.2025,15062.45
09.04.2025,14604.46
08.04.2025,15203.01
07.04.2025,14786.43
04.04.2025,15547.81
03.04.2025,16362.24
02.04.2025,16790.28
01.04.2025,16912.97
31.03.2025,16800.32
28.03.2025,17096.82
27.03.2025,17131.62
26.03.2025,17159.96
25.03.2025,17238.85
24.03.2025,17205.73
21.03.2025,17290.98
20.03.2025,17316.66
19.03.2025,17263.34
18.03.2025,17287.01
17.03.2025,17274.75
14.03.2025,17093.16
13.03.2025,16983.21
12.03.2025,17037.29
11.03.2025,16811.97
10.03.2025,17142.95
07.03.2025,17239.04
06.03.2025,17186.48
05.03.2025,17300.38
04.03.2025,17153.70
03.03.2025,17352.68
28.02.2025,17149.95
27.02.2025,17110.23
26.02.2025,17220.74
25.02.2025,17190.66
24.02.2025,17144.50
21.02.2025,17155.74
20.02.2025,16993.75
19.02.2025,16980.42
18.02.2025,17095.74
17.02.2025,17074.16
14.02.2025,17038.80
13.02.2025,17162.42
12.02.2025,16877.43
11.02.2025,16852.48
10.02.2025,16767.21
07.02.2025,16709.95
06.02.2025,16757.05
05.02.2025,16685.55
04.02.2025,16555.62
03.02.2025,16639.04
31.01.2025,16741.25
30.01.2025,16755.70
29.01.2025,16645.29
28.01.2025,16557.17
27.01.2025,16498.18
24.01.2025,16370.48
23.01.2025,16335.86
22.01.2025,16267.45
21.01.2025,16154.11
20.01.2025,16038.44
17.01.2025,15983.37
16.01.2025,15908.04
15.01.2025,15724.34
14.01.2025,15610.35
13.01.2025,15595.21
10.01.2025,15724.20
09.01.2025,15876.17
08.01.2025,15830.35
07.01.2025,15784.16
06.01.2025,15616.72
03.01.2025,15518.44
30.12.2024,15472.33
27.12.2024,15463.80
23.12.2024,15324.67
20.12.2024,15199.27
19.12.2024,15230.17
18.12.2024,15508.12
17.12.2024,15619.46
16.12.2024,15580.15
13.12.2024,15581.70
12.12.2024,15616.16
11.12.2024,15594.09
10.12.2024,15534.59
09.12.2024,15669.16
06.12.2024,15693.91
05.12.2024,15701.66
04.12.2024,15702.49
03.12.2024,15737.67
02.12.2024,15731.58
29.11.2024,15672.48
28.11.2024,15601.84
27.11.2024,15522.49
26.11.2024,15490.83
25.11.2024,15570.85
22.11.2024,15591.54
21.11.2024,15423.02
20.11.2024,15373.36
19.11.2024,15375.14
18.11.2024,15492.58
15.11.2024,15488.11
14.11.2024,15682.05
13.11.2024,15583.76
12.11.2024,15597.29
11.11.2024,15852.65
08.11.2024,15731.13
07.11.2024,15865.33
06.11.2024,15776.36
05.11.2024,15812.13
04.11.2024,15849.49
01.11.2024,15929.51
31.10.2024,15711.55
30.10.2024,15937.46
29.10.2024,16096.21
28.10.2024,16283.44
25.10.2024,16205.59
24.10.2024,16192.61
23.10.2024,16163.27
22.10.2024,16194.59
21.10.2024,16310.29
18.10.2024,16394.99
17.10.2024,16350.96
16.10.2024,16224.72
15.10.2024,16270.26
14.10.2024,16339.58
11.10.2024,16211.07
10.10.2024,16117.64
09.10.2024,16168.60
08.10.2024,16031.84
07.10.2024,16042.52
04.10.2024,16033.56
03.10.2024,16042.50
02.10.2024,16170.88
01.10.2024,16131.51
30.09.2024,16241.87
27.09.2024,16323.40
26.09.2024,16276.92
25.09.2024,16172.87
24.09.2024,16035.28
23.09.2024,15934.36
20.09.2024,15893.12
19.09.2024,16069.18
18.09.2024,15945.27
17.09.2024,16021.90
16.09.2024,15957.58
13.09.2024,16006.04
12.09.2024,15927.04
11.09.2024,15854.98
10.09.2024,15905.66
09.09.2024,15929.79
06.09.2024,15826.09
05.09.2024,15989.94
04.09.2024,16161.64
03.09.2024,16378.80
02.09.2024,16514.07
30.08.2024,16504.15
29.08.2024,16469.21
28.08.2024,16380.47
27.08.2024,16317.09
26.08.2024,16389.74
23.08.2024,16399.07
22.08.2024,16345.50
21.08.2024,16274.12
20.08.2024,16289.49
19.08.2024,16312.06
16.08.2024,16203.15
15.08.2024,16161.08
14.08.2024,16058.55
13.08.2024,15860.36
12.08.2024,15798.17
09.08.2024,15791.89
08.08.2024,15740.59
07.08.2024,15765.99
06.08.2024,15346.10
05.08.2024,15376.36
02.08.2024,15810.03
31.07.2024,16356.34
30.07.2024,16303.53
29.07.2024,16214.66
26.07.2024,16246.90
25.07.2024,16083.77
24.07.2024,16212.80
23.07.2024,16301.82
22.07.2024,16325.74
19.07.2024,16153.95
18.07.2024,16260.34
17.07.2024,16355.14
16.07.2024,16283.02
15.07.2024,16291.35
12.07.2024,16416.30
11.07.2024,16292.65
10.07.2024,16168.62
09.07.2024,16033.01
08.07.2024,16058.11
05.07.2024,16013.59
04.07.2024,16072.05
03.07.2024,15998.36
02.07.2024,15955.51
01.07.2024,15989.43
28.06.2024,15919.28
27.06.2024,15941.95
26.06.2024,15947.72
25.06.2024,16037.64
24.06.2024,16137.30
21.06.2024,15969.72
20.06.2024,16118.07
19.06.2024,16018.34
18.06.2024,16007.00
17.06.2024,15945.80
14.06.2024,15993.96
13.06.2024,16068.56
12.06.2024,16165.49
11.06.2024,16031.70
10.06.2024,16114.67
07.06.2024,16263.73
06.06.2024,16250.61
05.06.2024,16141.32
04.06.2024,15978.79
03.06.2024,15982.52
31.05.2024,15992.27
30.05.2024,15858.17
29.05.2024,15742.31
28.05.2024,15844.47
27.05.2024,15974.09
24.05.2024,15936.35
23.05.2024,15981.69
22.05.2024,15963.21
21.05.2024,15996.80
17.05.2024,16038.17
16.05.2024,15935.04
15.05.2024,15887.49
14.05.2024,15739.11
13.05.2024,15710.12
10.05.2024,15677.05
08.05.2024,15477.38
07.05.2024,15372.36
06.05.2024,15158.18
03.05.2024,15093.52
02.05.2024,15002.28
30.04.2024,15066.69
29.04.2024,15135.28
26.04.2024,15136.02
25.04.2024,15015.45
24.04.2024,15156.95
23.04.2024,15275.57
22.04.2024,15102.72
19.04.2024,14982.45
18.04.2024,14909.13
17.04.2024,14897.33
16.04.2024,14862.40
15.04.2024,15087.40
12.04.2024,15051.28
11.04.2024,15127.32
10.04.2024,15158.81
09.04.2024,15174.13
08.04.2024,15224.39
05.04.2024,15155.20
04.04.2024,15372.87
03.04.2024,15295.17
02.04.2024,15267.17
28.03.2024,15442.86
27.03.2024,15400.91
26.03.2024,15359.09
25.03.2024,15316.09
22.03.2024,15307.08
21.03.2024,15377.34
20.03.2024,15249.00
19.03.2024,15199.60
18.03.2024,15259.42
15.03.2024,15328.51
14.03.2024,15373.41
13.03.2024,15391.94
12.03.2024,15342.63
11.03.2024,15245.28
08.03.2024,15219.62
07.03.2024,15135.28
06.03.2024,15003.63
05.03.2024,14894.46
04.03.2024,14927.02
01.03.2024,14938.20
29.02.2024,14857.71
28.02.2024,14852.66
27.02.2024,14901.70
26.02.2024,14922.98
23.02.2024,14986.90
22.02.2024,14857.56
21.02.2024,14913.69
20.02.2024,14947.78
19.02.2024,14900.36
16.02.2024,14798.96
15.02.2024,14770.96
14.02.2024,14683.78
13.02.2024,14581.33
12.02.2024,14634.74
09.02.2024,14515.69
08.02.2024,14591.23
07.02.2024,14653.74
06.02.2024,14694.64
05.02.2024,14727.73
02.02.2024,14676.63
01.02.2024,14650.45
31.01.2024,14774.50
30.01.2024,14897.74
29.01.2024,14879.75
26.01.2024,14839.12
25.01.2024,14604.20
24.01.2024,14589.71
23.01.2024,14533.04
22.01.2024,14681.85
19.01.2024,14520.58
18.01.2024,14568.83
17.01.2024,14523.78
16.01.2024,14628.23
15.01.2024,14594.60
12.01.2024,14631.17
11.01.2024,14535.04
10.01.2024,14652.96
09.01.2024,14663.68
08.01.2024,14644.59
05.01.2024,14584.24
04.01.2024,14638.85
03.01.2024,14569.83
29.12.2023,14571.23
28.12.2023,14477.36
27.12.2023,14545.78
22.12.2023,14581.43
21.12.2023,14556.73
20.12.2023,14578.38
19.12.2023,14578.66
18.12.2023,14601.03
15.12.2023,14657.38
14.12.2023,14666.74
13.12.2023,14586.00
12.12.2023,14546.10
11.12.2023,14528.06
08.12.2023,14468.58
07.12.2023,14329.28
06.12.2023,14374.08
05.12.2023,14336.78
04.12.2023,14310.28
01.12.2023,14261.77
30.11.2023,14236.35
29.11.2023,14177.30
28.11.2023,14105.82
27.11.2023,14191.02
24.11.2023,14267.38
23.11.2023,14228.78
22.11.2023,14212.12
21.11.2023,14154.90
20.11.2023,14114.45
17.11.2023,14124.43
16.11.2023,14014.24
15.11.2023,14096.63
14.11.2023,14097.54
13.11.2023,13899.63
10.11.2023,13860.50
09.11.2023,13971.68
08.11.2023,13894.80
07.11.2023,13867.52
06.11.2023,13881.73
03.11.2023,13894.72
02.11.2023,13899.51
01.11.2023,13747.16
31.10.2023,13616.23
30.10.2023,13576.24
27.10.2023,13508.31
26.10.2023,13562.32
25.10.2023,13624.30
24.10.2023,13603.38
23.10.2023,13551.30
20.10.2023,13568.75
19.10.2023,13701.44
18.10.2023,13970.71
17.10.2023,14154.88
16.10.2023,14235.61
13.10.2023,14240.25
12.10.2023,14356.91
11.10.2023,14434.12
10.10.2023,14365.85
09.10.2023,14134.02
06.10.2023,14162.69
05.10.2023,14119.10
04.10.2023,14084.96
03.10.2023,14108.92
02.10.2023,14240.53
29.09.2023,14368.61
28.09.2023,14287.13
27.09.2023,14253.02
26.09.2023,14349.29
25.09.2023,14449.51
22.09.2023,14462.62
21.09.2023,14559.26
20.09.2023,14646.43
19.09.2023,14514.99
18.09.2023,14551.01
15.09.2023,14676.94
14.09.2023,14566.34
13.09.2023,14432.15
12.09.2023,14456.78
11.09.2023,14460.25
08.09.2023,14429.81
07.09.2023,14492.19
06.09.2023,14425.06
05.09.2023,14460.47
04.09.2023,14575.89
01.09.2023,14596.92
31.08.2023,14664.72
30.08.2023,14614.94
29.08.2023,14637.06
28.08.2023,14538.68
25.08.2023,14443.65
24.08.2023,14462.40
23.08.2023,14455.87
22.08.2023,14345.71
21.08.2023,14307.85
18.08.2023,14301.01
17.08.2023,14353.58
16.08.2023,14498.19
15.08.2023,14495.22
14.08.2023,14654.87
11.08.2023,14623.89
10.08.2023,14726.78
09.08.2023,14629.86
08.08.2023,14598.76
07.08.2023,14666.92
04.08.2023,14657.70
03.08.2023,14636.52
02.08.2023,14790.86
31.07.2023,14927.07
28.07.2023,14943.64
27.07.2023,15004.04
26.07.2023,14756.76
25.07.2023,14814.58
24.07.2023,14740.85
21.07.2023,14764.82
20.07.2023,14759.45
19.07.2023,14699.67
18.07.2023,14682.04
17.07.2023,14539.23
14.07.2023,14700.06
13.07.2023,14597.41
12.07.2023,14572.48
11.07.2023,14485.85
10.07.2023,14432.77
07.07.2023,14377.80
06.07.2023,14482.25
05.07.2023,14741.07
04.07.2023,14792.12
03.07.2023,14786.37
30.06.2023,14861.77
29.06.2023,14710.99
28.06.2023,14728.40
27.06.2023,14659.06
26.06.2023,14657.20
23.06.2023,14753.71
22.06.2023,14713.46
21.06.2023,14705.98
20.06.2023,14765.21
19.06.2023,14881.45
16.06.2023,15006.29
15.06.2023,14918.47
14.06.2023,14891.92
13.06.2023,14949.20
12.06.2023,14918.81
09.06.2023,14829.84
08.06.2023,14883.49
07.06.2023,14939.96
06.06.2023,15083.72
05.06.2023,15017.19
02.06.2023,15075.43
01.06.2023,14880.54
31.05.2023,14788.51
30.05.2023,14875.72
26.05.2023,15066.43
25.05.2023,14908.01
24.05.2023,14967.68
23.05.2023,15117.89
22.05.2023,15227.79
19.05.2023,15254.52
17.05.2023,15075.48
16.05.2023,15186.96
15.05.2023,15269.31
12.05.2023,15247.41
11.05.2023,15202.00
10.05.2023,15115.29
09.05.2023,15239.52
08.05.2023,15291.99
05.05.2023,15246.82
04.05.2023,15105.09
03.05.2023,15169.84
02.05.2023,15049.73
28.04.2023,15072.98
27.04.2023,14968.79
26.04.2023,14984.66
25.04.2023,15152.93
24.04.2023,15132.16
21.04.2023,15049.41
20.04.2023,14946.95
19.04.2023,14915.64
18.04.2023,14908.03
17.04.2023,14844.96
14.04.2023,14859.62
13.04.2023,14732.25
12.04.2023,14716.07
11.04.2023,14704.35
06.04.2023,14648.06
05.04.2023,14516.33
04.04.2023,14490.73
03.04.2023,14522.20
31.03.2023,14547.08
30.03.2023,14441.78
29.03.2023,14338.71
28.03.2023,14174.92
27.03.2023,14117.94
24.03.2023,13938.74
23.03.2023,14070.16
22.03.2023,14123.02
21.03.2023,14116.71
20.03.2023,13953.41
17.03.2023,13905.31
16.03.2023,14023.68
15.03.2023,13695.98
14.03.2023,13951.57
13.03.2023,13831.10
10.03.2023,13989.47
09.03.2023,14214.15
08.03.2023,14217.55
07.03.2023,14258.78
06.03.2023,14366.97
03.03.2023,14436.45
02.03.2023,14394.27
01.03.2023,14265.11
28.02.2023,14303.48
27.02.2023,14451.26
24.02.2023,14386.11
23.02.2023,14463.36
22.02.2023,14521.61
21.02.2023,14504.65
20.02.2023,14500.09
17.02.2023,14490.70
16.02.2023,14422.40
15.02.2023,14517.04
14.02.2023,14477.39
13.02.2023,14443.81
10.02.2023,14337.02
09.02.2023,14466.06
08.02.2023,14522.22
07.02.2023,14483.25
06.02.2023,14555.93
03.02.2023,14649.22
02.02.2023,14467.69
01.02.2023,14421.06
31.01.2023,14490.30
30.01.2023,14601.54
27.01.2023,14552.26
26.01.2023,14533.39
25.01.2023,14624.27
24.01.2023,14650.22
23.01.2023,14650.37
20.01.2023,14501.36
19.01.2023,14447.50
18.01.2023,14591.63
17.01.2023,14640.01
16.01.2023,14677.15
13.01.2023,14492.11
12.01.2023,14479.30
11.01.2023,14421.58
10.01.2023,14308.19
09.01.2023,14378.47
06.01.2023,14275.74
05.01.2023,14172.32
04.01.2023,14254.16
03.01.2023,14044.32
30.12.2022,13734.86
29.12.2022,13890.92
28.12.2022,13822.30
27.12.2022,13857.54
23.12.2022,13816.53
22.12.2022,13774.92
21.12.2022,13862.86
20.12.2022,13627.27
19.12.2022,13773.01
16.12.2022,13766.17
15.12.2022,13898.83
14.12.2022,14247.73
13.12.2022,14206.52
12.12.2022,14073.60
09.12.2022,14112.91
08.12.2022,14017.62
07.12.2022,14019.42
06.12.2022,14158.79
05.12.2022,14272.04
02.12.2022,14308.82
01.12.2022,14346.27
30.11.2022,14199.52
29.11.2022,14133.12
28.11.2022,14261.41
25.11.2022,14292.13
24.11.2022,14288.10
23.11.2022,14200.43
22.11.2022,14153.11
21.11.2022,14160.89
18.11.2022,14115.56
17.11.2022,13974.87
16.11.2022,13987.46
15.11.2022,14123.71
14.11.2022,14104.26
11.11.2022,14256.26
10.11.2022,14244.23
09.11.2022,13946.62
08.11.2022,13844.45
07.11.2022,13735.72
04.11.2022,13757.97
03.11.2022,13647.42
02.11.2022,13777.78
01.11.2022,13745.12
31.10.2022,13803.08
28.10.2022,13733.76
27.10.2022,13675.77
26.10.2022,13823.01
25.10.2022,13763.98
24.10.2022,13542.18
21.10.2022,13322.34
20.10.2022,13388.32
19.10.2022,13392.27
18.10.2022,13526.36
17.10.2022,13416.49
14.10.2022,13197.60
13.10.2022,13076.82
12.10.2022,13052.75
11.10.2022,13063.76
10.10.2022,13135.20
07.10.2022,13190.98
06.10.2022,13317.33
05.10.2022,13414.98
04.10.2022,13556.22
03.10.2022,13186.46
30.09.2022,13166.38
29.09.2022,12973.93
28.09.2022,13098.23
27.09.2022,13005.04
26.09.2022,12943.26
23.09.2022,13014.96
22.09.2022,13213.40
21.09.2022,13380.41
20.09.2022,13411.41
19.09.2022,13585.15
16.09.2022,13583.10
15.09.2022,13747.95
14.09.2022,13781.35
13.09.2022,13963.86
12.09.2022,14108.55
09.09.2022,13995.11
08.09.2022,13849.39
07.09.2022,13870.48
06.09.2022,13913.34
05.09.2022,13904.38
02.09.2022,14017.92
01.09.2022,13742.33
31.08.2022,14003.70
30.08.2022,14028.83
29.08.2022,14055.69
26.08.2022,14109.90
25.08.2022,14284.88
24.08.2022,14225.19
23.08.2022,14121.87
22.08.2022,14307.60
19.08.2022,14409.70
18.08.2022,14438.45
17.08.2022,14383.52
16.08.2022,14408.17
15.08.2022,14502.62
12.08.2022,14441.67
11.08.2022,14498.56
10.08.2022,14460.25
09.08.2022,14409.53
08.08.2022,14473.39
05.08.2022,14415.28
04.08.2022,14528.73
03.08.2022,14495.66
02.08.2022,14406.91
29.07.2022,14446.39
28.07.2022,14395.08
27.07.2022,14312.09
26.07.2022,14358.91
25.07.2022,14373.05
22.07.2022,14341.73
21.07.2022,14368.03
20.07.2022,14262.02
19.07.2022,14330.14
18.07.2022,14205.31
15.07.2022,14161.74
14.07.2022,13929.35
13.07.2022,14058.15
12.07.2022,14249.34
11.07.2022,14204.85
08.07.2022,14206.73
07.07.2022,14115.99
06.07.2022,13982.10
05.07.2022,13797.24
04.07.2022,13994.33
01.07.2022,13879.13
30.06.2022,13834.34
29.06.2022,13921.37
28.06.2022,13926.57
27.06.2022,14045.97
24.06.2022,13945.94
23.06.2022,13491.03
22.06.2022,13575.73
21.06.2022,13509.84
20.06.2022,13504.20
17.06.2022,13460.41
16.06.2022,13462.99
15.06.2022,13870.29
14.06.2022,13763.66
13.06.2022,13991.38
10.06.2022,14246.11
09.06.2022,14525.23
08.06.2022,14708.64
07.06.2022,14800.13
03.06.2022,14802.16
02.06.2022,14830.45
01.06.2022,14760.07
31.05.2022,14918.98
30.05.2022,15072.36
27.05.2022,14941.43
25.05.2022,14708.47
24.05.2022,14702.53
23.05.2022,14719.65
20.05.2022,14530.44
19.05.2022,14507.66
18.05.2022,14859.42
17.05.2022,15076.84
16.05.2022,15001.59
13.05.2022,14982.04
12.05.2022,14781.05
11.05.2022,14841.26
10.05.2022,14800.04
09.05.2022,14691.39
06.05.2022,15074.65
05.05.2022,15265.84
04.05.2022,15274.91
03.05.2022,15428.30
02.05.2022,15406.15
29.04.2022,15603.08
28.04.2022,15520.21
27.04.2022,15466.94
26.04.2022,15327.46
25.04.2022,15542.54
22.04.2022,15735.64
21.04.2022,15812.67
20.04.2022,15796.15
19.04.2022,15758.19
14.04.2022,15954.26
13.04.2022,15835.35
12.04.2022,15835.70
11.04.2022,15988.16
08.04.2022,15920.22
07.04.2022,15732.29
06.04.2022,15673.77
05.04.2022,15790.33
04.04.2022,15755.58
01.04.2022,15569.35
31.03.2022,15538.57
30.03.2022,15658.00
29.03.2022,15761.56
28.03.2022,15529.80
25.03.2022,15448.08
24.03.2022,15470.65
23.03.2022,15434.97
22.03.2022,15574.11
21.03.2022,15540.89
18.03.2022,15542.02
17.03.2022,15369.74
16.03.2022,15131.00
15.03.2022,14810.68
14.03.2022,14818.84
11.03.2022,14618.14
10.03.2022,14492.84
09.03.2022,14630.48
08.03.2022,14046.47
07.03.2022,14163.41
04.03.2022,14302.84
03.03.2022,14775.06
02.03.2022,15034.27
01.03.2022,15019.41
28.02.2022,15171.55
25.02.2022,15154.49
24.02.2022,14724.39
23.02.2022,15086.76
22.02.2022,15112.88
21.02.2022,15030.92
18.02.2022,15185.61
17.02.2022,15272.57
16.02.2022,15410.08
15.02.2022,15403.23
14.02.2022,15206.08
11.02.2022,15471.25
10.02.2022,15572.71
09.02.2022,15618.04
08.02.2022,15344.86
07.02.2022,15421.07
04.02.2022,15371.60
03.02.2022,15488.37
02.02.2022,15677.42
01.02.2022,15654.34
31.01.2022,15512.80
28.01.2022,15342.23
27.01.2022,15420.59
26.01.2022,15351.47
25.01.2022,15154.85
24.01.2022,15073.40
21.01.2022,15666.10
20.01.2022,15925.62
19.01.2022,15859.44
18.01.2022,15876.69
17.01.2022,16029.12
14.01.2022,15882.36
13.01.2022,16024.86
12.01.2022,16095.77
11.01.2022,16113.74
10.01.2022,15973.54
07.01.2022,16286.02
06.01.2022,16300.02
05.01.2022,16466.13
04.01.2022,16484.60
03.01.2022,16530.60
30.12.2021,16444.52
29.12.2021,16506.21
28.12.2021,16552.36
27.12.2021,16422.57
23.12.2021,16321.23
22.12.2021,16228.74
21.12.2021,16156.50
20.12.2021,16048.68
17.12.2021,16183.81
16.12.2021,16274.37
15.12.2021,16000.10
14.12.2021,15849.47
13.12.2021,16025.78
10.12.2021,16093.08
09.12.2021,16104.43
08.12.2021,16087.09
07.12.2021,15996.61
06.12.2021,15781.50
03.12.2021,15540.56
02.12.2021,15560.96
01.12.2021,15671.30
30.11.2021,15532.99
29.11.2021,15633.20
26.11.2021,15600.34
25.11.2021,15900.61
24.11.2021,15837.86
23.11.2021,15816.78
22.11.2021,16038.70
19.11.2021,16109.21
18.11.2021,16121.32
17.11.2021,16193.97
16.11.2021,16163.29
15.11.2021,16135.39
12.11.2021,16143.78
11.11.2021,16025.69
10.11.2021,15997.93
09.11.2021,15982.92
08.11.2021,15945.00
05.11.2021,15906.57
04.11.2021,16019.05
03.11.2021,15952.11
02.11.2021,15851.56
01.11.2021,15744.40
29.10.2021,15613.26
28.10.2021,15668.32
27.10.2021,15565.38
26.10.2021,15631.59
25.10.2021,15536.60
22.10.2021,15543.14
21.10.2021,15515.26
20.10.2021,15490.58
19.10.2021,15406.49
18.10.2021,15442.71
15.10.2021,15436.66
14.10.2021,15359.81
13.10.2021,15246.01
12.10.2021,15145.27
11.10.2021,15144.59
08.10.2021,15131.97
07.10.2021,15144.13
06.10.2021,14920.28
05.10.2021,14964.50
04.10.2021,14933.24
01.10.2021,14960.93
30.09.2021,15044.61
29.09.2021,15016.78
28.09.2021,14858.28
27.09.2021,15155.31
24.09.2021,15338.57
23.09.2021,15495.27
22.09.2021,15369.06
21.09.2021,15302.08
20.09.2021,15255.59
17.09.2021,15474.81
16.09.2021,15577.40
15.09.2021,15499.14
14.09.2021,15637.08
13.09.2021,15604.56
10.09.2021,15592.35
09.09.2021,15655.95
08.09.2021,15741.88
07.09.2021,15921.59
06.09.2021,16007.06
03.09.2021,15911.62
02.09.2021,16008.58
01.09.2021,15994.64
31.08.2021,15947.70
30.08.2021,16005.29
27.08.2021,15982.28
26.08.2021,15923.10
25.08.2021,15869.98
24.08.2021,15945.38
23.08.2021,15988.63
20.08.2021,15917.89
19.08.2021,15892.53
18.08.2021,16065.04
17.08.2021,15981.01
16.08.2021,15901.83
13.08.2021,15953.85
12.08.2021,15912.80
11.08.2021,15861.35
10.08.2021,15837.90
09.08.2021,15783.30
06.08.2021,15644.02
05.08.2021,15684.34
04.08.2021,15654.76
03.08.2021,15629.71
02.08.2021,15647.58
30.07.2021,15578.26
29.07.2021,15534.09
28.07.2021,15514.63
27.07.2021,15457.44
26.07.2021,15505.38
23.07.2021,15597.54
22.07.2021,15424.39
21.07.2021,15471.29
20.07.2021,15366.64
19.07.2021,15268.61
16.07.2021,15460.32
15.07.2021,15408.67
14.07.2021,15488.73
13.07.2021,15520.82
12.07.2021,15530.43
09.07.2021,15408.93
08.07.2021,15344.41
07.07.2021,15539.46
06.07.2021,15389.28
05.07.2021,15393.21
02.07.2021,15393.77
01.07.2021,15383.60
30.06.2021,15347.05
29.06.2021,15449.65
28.06.2021,15419.10
25.06.2021,15420.47
24.06.2021,15407.96
23.06.2021,15286.73
22.06.2021,15382.88
21.06.2021,15388.87
18.06.2021,15309.60
17.06.2021,15395.94
16.06.2021,15373.26
15.06.2021,15308.29
14.06.2021,15241.50
11.06.2021,15203.04
10.06.2021,15151.84
09.06.2021,15152.83
08.06.2021,15006.48
07.06.2021,14975.05
04.06.2021,14918.59
03.06.2021,14836.00
02.06.2021,14796.86
01.06.2021,14752.14
31.05.2021,14668.99
28.05.2021,14731.05
27.05.2021,14621.42
26.05.2021,14619.82
25.05.2021,14562.33
21.05.2021,14454.16
20.05.2021,14362.58
19.05.2021,14226.08
18.05.2021,14339.46
17.05.2021,14298.56
14.05.2021,14265.70
12.05.2021,14142.12
11.05.2021,14106.08
10.05.2021,14288.17
07.05.2021,14362.75
06.05.2021,14258.87
05.05.2021,14266.24
04.05.2021,14087.75
03.05.2021,14284.22
30.04.2021,14179.11
29.04.2021,14257.82
28.04.2021,14287.66
27.04.2021,14295.28
26.04.2021,14375.30
23.04.2021,14418.02
22.04.2021,14437.62
21.04.2021,14387.11
20.04.2021,14252.04
19.04.2021,14401.23
16.04.2021,14398.22
15.04.2021,14300.38
14.04.2021,14251.77
13.04.2021,14210.51
12.04.2021,14249.85
09.04.2021,14329.31
08.04.2021,14254.09
07.04.2021,14152.57
06.04.2021,14211.09
01.04.2021,14123.88
31.03.2021,14015.01
30.03.2021,14087.42
29.03.2021,14031.22
26.03.2021,14035.61
25.03.2021,14009.97
24.03.2021,13979.60
23.03.2021,14016.82
22.03.2021,13959.58
19.03.2021,13862.45
18.03.2021,13866.47
17.03.2021,13741.51
16.03.2021,13772.86
15.03.2021,13673.21
12.03.2021,13628.25
11.03.2021,13683.70
10.03.2021,13690.26
09.03.2021,13630.49
08.03.2021,13571.43
05.03.2021,13311.13
04.03.2021,13469.97
03.03.2021,13432.91
02.03.2021,13480.61
01.03.2021,13363.54
26.02.2021,13134.38
25.02.2021,13309.86
24.02.2021,13385.38
23.02.2021,13250.56
22.02.2021,13393.04
19.02.2021,13404.24
18.02.2021,13394.99
17.02.2021,13494.59
16.02.2021,13624.92
15.02.2021,13647.37
12.02.2021,13575.82
11.02.2021,13543.47
10.02.2021,13502.13
09.02.2021,13485.99
08.02.2021,13467.41
05.02.2021,13429.30
04.02.2021,13546.92
03.02.2021,13452.09
02.02.2021,13476.98
01.02.2021,13378.67
29.01.2021,13192.93
28.01.2021,13493.11
27.01.2021,13536.56
26.01.2021,13612.11
25.01.2021,13534.33
22.01.2021,13563.86
21.01.2021,13556.65
20.01.2021,13575.89
19.01.2021,13494.56
18.01.2021,13531.83
15.01.2021,13489.01
14.01.2021,13486.84
13.01.2021,13465.39
12.01.2021,13492.16
11.01.2021,13472.82
08.01.2021,13426.94
07.01.2021,13392.38
06.01.2021,13356.34
05.01.2021,13320.60
04.01.2021,13377.26
30.12.2020,13327.88
29.12.2020,13317.54
28.12.2020,13211.73
23.12.2020,12995.26
22.12.2020,12978.92
21.12.2020,12856.30
18.12.2020,13104.43
17.12.2020,13113.48
16.12.2020,13007.14
15.12.2020,12877.24
14.12.2020,12901.80
11.12.2020,12924.50
10.12.2020,12923.75
09.12.2020,12964.78
08.12.2020,12911.15
07.12.2020,12900.29
04.12.2020,12889.33
03.12.2020,12862.45
02.12.2020,12961.27
01.12.2020,12978.66
30.11.2020,13003.41
27.11.2020,13040.78
26.11.2020,13021.12
25.11.2020,12990.81
24.11.2020,12991.55
23.11.2020,12957.35
20.11.2020,13018.47
19.11.2020,13003.42
18.11.2020,13090.40
17.11.2020,13090.44
16.11.2020,13122.00
13.11.2020,13016.98
12.11.2020,13016.04
11.11.2020,13056.09
10.11.2020,12860.96
09.11.2020,12934.27
06.11.2020,12834.60
05.11.2020,12825.58
04.11.2020,12801.26
03.11.2020,12466.51
02.11.2020,12218.22
30.10.2020,11994.43
29.10.2020,11950.93
28.10.2020,12002.57
27.10.2020,12336.91
26.10.2020,12436.17
23.10.2020,12507.62
22.10.2020,12484.61
21.10.2020,12494.65
20.10.2020,12678.82
19.10.2020,12704.81
16.10.2020,12737.19
15.10.2020,12589.29
14.10.2020,12860.66
13.10.2020,12912.51
12.10.2020,12947.75
09.10.2020,12884.56
08.10.2020,12817.58
07.10.2020,12721.04
06.10.2020,12769.27
05.10.2020,12864.17
02.10.2020,12805.42
01.10.2020,12784.14
30.09.2020,12724.65
29.09.2020,12758.55
28.09.2020,12835.36
25.09.2020,12715.68
24.09.2020,12701.95
23.09.2020,12842.66
22.09.2020,12862.45
21.09.2020,12823.90
18.09.2020,13070.79
17.09.2020,13039.72
16.09.2020,13083.32
15.09.2020,13030.37
14.09.2020,12962.02
11.09.2020,12944.12
10.09.2020,12889.53
09.09.2020,12913.75
08.09.2020,12730.77
07.09.2020,12792.68
04.09.2020,12626.52
03.09.2020,12729.45
02.09.2020,12939.48
01.09.2020,12716.30
31.08.2020,12658.85
28.08.2020,12675.56
27.08.2020,12771.95
26.08.2020,12853.83
25.08.2020,12746.37
24.08.2020,12832.24
21.08.2020,12725.02
20.08.2020,12741.25
19.08.2020,12827.74
18.08.2020,12660.31
17.08.2020,12714.76
14.08.2020,12633.19
13.08.2020,12735.78
12.08.2020,12742.57
11.08.2020,12595.55
10.08.2020,12511.72
07.08.2020,12498.53
06.08.2020,12488.41
05.08.2020,12516.57
04.08.2020,12582.82
03.08.2020,12658.60
31.07.2020,12407.39
30.07.2020,12526.27
29.07.2020,12723.98
28.07.2020,12720.22
27.07.2020,12712.74
24.07.2020,12646.71
23.07.2020,12870.97
22.07.2020,12916.79
21.07.2020,12908.04
20.07.2020,12944.85
17.07.2020,12880.80
16.07.2020,12893.61
15.07.2020,12926.12
14.07.2020,12686.64
13.07.2020,12757.74
10.07.2020,12670.41
09.07.2020,12566.95
08.07.2020,12601.98
07.07.2020,12626.00
06.07.2020,12675.82
03.07.2020,12521.87
02.07.2020,12588.24
01.07.2020,12488.75
30.06.2020,12436.03
29.06.2020,12455.22
26.06.2020,12427.07
25.06.2020,12469.44
24.06.2020,12415.97
23.06.2020,12662.96
22.06.2020,12571.88
19.06.2020,12689.30
18.06.2020,12600.57
17.06.2020,12624.93
16.06.2020,12406.67
15.06.2020,12179.11
12.06.2020,12124.97
11.06.2020,12166.47
10.06.2020,12521.37
09.06.2020,12564.25
08.06.2020,12522.58
05.06.2020,12563.68
04.06.2020,12462.10
03.06.2020,12584.39
02.06.2020,12357.74
29.05.2020,12246.05
28.05.2020,12330.08
27.05.2020,12071.40
26.05.2020,12236.25
25.05.2020,12241.89
22.05.2020,12083.85
20.05.2020,12213.80
19.05.2020,12178.43
18.05.2020,12126.58
15.05.2020,11852.02
14.05.2020,11763.03
13.05.2020,12008.42
12.05.2020,12124.33
11.05.2020,12078.87
08.05.2020,12037.15
07.05.2020,11970.01
06.05.2020,11917.13
05.05.2020,11822.22
04.05.2020,11642.65
30.04.2020,11905.85
29.04.2020,12162.34
28.04.2020,12194.55
27.04.2020,12081.24
24.04.2020,11905.12
23.04.2020,11891.70
22.04.2020,11900.18
21.04.2020,11772.60
20.04.2020,12030.41
17.04.2020,11824.11
16.04.2020,11604.76
15.04.2020,11456.29
14.04.2020,11688.52
09.04.2020,11561.53
08.04.2020,11556.95
07.04.2020,11601.24
06.04.2020,11544.88
03.04.2020,11291.93
02.04.2020,11273.22
01.04.2020,11194.22
31.03.2020,11319.54
30.03.2020,11161.03
27.03.2020,10932.18
26.03.2020,11147.02
25.03.2020,10906.75
24.03.2020,10609.62
23.03.2020,9990.66
20.03.2020,10528.85
19.03.2020,10692.19
18.03.2020,10129.06
17.03.2020,10296.23
16.03.2020,10029.88
13.03.2020,10227.06
12.03.2020,10144.29
11.03.2020,11161.17
10.03.2020,11227.97
09.03.2020,11248.96
06.03.2020,11880.22
05.03.2020,12347.87
04.03.2020,12482.78
03.03.2020,12300.34
02.03.2020,12046.83
28.02.2020,11897.75
27.02.2020,12341.04
26.02.2020,12703.63
25.02.2020,12670.86
24.02.2020,12926.59
21.02.2020,13400.18
20.02.2020,13453.31
19.02.2020,13561.17
18.02.2020,13424.11
17.02.2020,13457.28
14.02.2020,13419.95
13.02.2020,13356.42
12.02.2020,13373.62
11.02.2020,13397.54
10.02.2020,13331.64
07.02.2020,13280.42
06.02.2020,13297.95
05.02.2020,13284.03
04.02.2020,13077.32
03.02.2020,12916.30
31.01.2020,12870.99
30.01.2020,13013.22
29.01.2020,13150.38
28.01.2020,13055.30
27.01.2020,12940.79
24.01.2020,13149.91
23.01.2020,13104.33
22.01.2020,13211.52
21.01.2020,13194.07
20.01.2020,13134.37
17.01.2020,13117.25
16.01.2020,12947.78
15.01.2020,12914.36
14.01.2020,12894.36
13.01.2020,12857.70
10.01.2020,12866.50
09.01.2020,12880.66
08.01.2020,12879.51
07.01.2020,12924.74
06.01.2020,12899.70
03.01.2020,12938.67
30.12.2019,12837.50
27.12.2019,12972.24
23.12.2019,12957.44
20.12.2019,12895.69
19.12.2019,12767.23
18.12.2019,12748.55
17.12.2019,12734.78
16.12.2019,12743.81
13.12.2019,12614.74
12.12.2019,12629.27
11.12.2019,12582.71
10.12.2019,12561.99
09.12.2019,12623.99
06.12.2019,12652.97
05.12.2019,12530.74
04.12.2019,12493.29
03.12.2019,12378.23
02.12.2019,12508.68
29.11.2019,12676.11
28.11.2019,12719.74
27.11.2019,12714.90
26.11.2019,12684.52
25.11.2019,12633.06
22.11.2019,12515.59
21.11.2019,12486.28
20.11.2019,12537.58
19.11.2019,12510.38
18.11.2019,12499.63
15.11.2019,12460.67
14.11.2019,12370.51
13.11.2019,12446.37
12.11.2019,12453.92
11.11.2019,12455.56
08.11.2019,12451.14
07.11.2019,12466.71
06.11.2019,12449.87
05.11.2019,12398.58
04.11.2019,12465.81
01.11.2019,12371.58
31.10.2019,12337.05
30.10.2019,12385.46
29.10.2019,12369.84
28.10.2019,12344.53
25.10.2019,12306.45
24.10.2019,12211.83
23.10.2019,12103.51
22.10.2019,12105.12
21.10.2019,12082.59
18.10.2019,12062.18
17.10.2019,12121.34
16.10.2019,12183.26
15.10.2019,12200.47
14.10.2019,12117.85
11.10.2019,12178.19
10.10.2019,12054.47
09.10.2019,11982.69
08.10.2019,11944.72
07.10.2019,12075.22
04.10.2019,11970.07
03.10.2019,11882.52
02.10.2019,11868.32
01.10.2019,12093.10
30.09.2019,12233.13
27.09.2019,12188.31
26.09.2019,12157.64
25.09.2019,12047.15
24.09.2019,12141.17
23.09.2019,12129.21
20.09.2019,12186.86
19.09.2019,12201.76
18.09.2019,12152.90
17.09.2019,12137.72
16.09.2019,12072.88
13.09.2019,12170.68
12.09.2019,12249.42
11.09.2019,12249.32
10.09.2019,12164.05
09.09.2019,12239.50
06.09.2019,12266.71
05.09.2019,12161.50
04.09.2019,12071.91
03.09.2019,12011.90
02.09.2019,12091.05
30.08.2019,12060.92
29.08.2019,11979.83
28.08.2019,11883.15
27.08.2019,11917.73
26.08.2019,11829.49
23.08.2019,11869.00
22.08.2019,11931.42
21.08.2019,11981.83
20.08.2019,11875.82
19.08.2019,11947.89
16.08.2019,11826.61
15.08.2019,11682.31
14.08.2019,11713.85
13.08.2019,11894.59
12.08.2019,11872.65
09.08.2019,11869.44
08.08.2019,11871.42
07.08.2019,11633.24
06.08.2019,11642.45
05.08.2019,11687.61
02.08.2019,11937.15
31.07.2019,12064.45
30.07.2019,12027.05
29.07.2019,12108.89
26.07.2019,12094.91
25.07.2019,11985.79
24.07.2019,12016.24
23.07.2019,12074.37
22.07.2019,12015.25
19.07.2019,12028.67
18.07.2019,12094.50
17.07.2019,12030.79
16.07.2019,11924.37
15.07.2019,11894.53
12.07.2019,11838.27
11.07.2019,11953.83
10.07.2019,12018.10
09.07.2019,12043.18
08.07.2019,12088.96
05.07.2019,12069.25
04.07.2019,12179.17
03.07.2019,12175.80
02.07.2019,12118.36
01.07.2019,12057.62
28.06.2019,11977.38
27.06.2019,11914.67
26.06.2019,11880.90
25.06.2019,11956.70
24.06.2019,11955.46
21.06.2019,11983.34
20.06.2019,12054.39
19.06.2019,12024.03
18.06.2019,12055.62
17.06.2019,11899.36
14.06.2019,11891.10
13.06.2019,11913.51
12.06.2019,11909.10
11.06.2019,11883.11
07.06.2019,11782.30
06.06.2019,11701.65
05.06.2019,11685.24
04.06.2019,11601.42
03.06.2019,11632.88
31.05.2019,11544.54
29.05.2019,11550.06
28.05.2019,11710.90
27.05.2019,11746.31
24.05.2019,11685.87
23.05.2019,11607.16
22.05.2019,11676.36
21.05.2019,11638.12
20.05.2019,11578.95
17.05.2019,11672.21
16.05.2019,11679.83
15.05.2019,11470.12
14.05.2019,11386.68
13.05.2019,11330.82
10.05.2019,11465.43
09.05.2019,11419.83
08.05.2019,11647.00
07.05.2019,11594.44
06.05.2019,11676.14
03.05.2019,11721.89
02.05.2019,11707.67
30.04.2019,11735.16
29.04.2019,11705.76
26.04.2019,11691.50
25.04.2019,11656.50
24.04.2019,11615.39
23.04.2019,11590.87
18.04.2019,11479.28
17.04.2019,11495.14
16.04.2019,11498.81
15.04.2019,11427.71
12.04.2019,11344.22
11.04.2019,11400.54
10.04.2019,11408.76
09.04.2019,11429.49
08.04.2019,11394.33
05.04.2019,11385.65
04.04.2019,11356.35
03.04.2019,11368.06
02.04.2019,11318.91
01.04.2019,11319.26
29.03.2019,11241.19
28.03.2019,11161.60
27.03.2019,11140.68
26.03.2019,11145.93
25.03.2019,11038.06
22.03.2019,11061.88
21.03.2019,11210.12
20.03.2019,11210.25
19.03.2019,11273.08
18.03.2019,11238.54
15.03.2019,11232.13
14.03.2019,11223.63
13.03.2019,11115.77
12.03.2019,11054.18
11.03.2019,11059.13
08.03.2019,10973.77
07.03.2019,11042.46
06.03.2019,11067.39
05.03.2019,11061.57
04.03.2019,11046.27
01.03.2019,11003.17
28.02.2019,10964.46
27.02.2019,10982.75
26.02.2019,11047.79
25.02.2019,10986.72
22.02.2019,10936.60
21.02.2019,10925.41
20.02.2019,10899.97
19.02.2019,10826.27
18.02.2019,10847.32
15.02.2019,10805.32
14.02.2019,10705.15
13.02.2019,10696.30
12.02.2019,10661.10
11.02.2019,10600.11
08.02.2019,10527.03
07.02.2019,10571.75
06.02.2019,10695.03
05.02.2019,10698.55
04.02.2019,10541.91
01.02.2019,10530.31
31.01.2019,10514.35
30.01.2019,10509.19
29.01.2019,10465.25
28.01.2019,10367.76
25.01.2019,10434.48
24.01.2019,10451.43
23.01.2019,10468.35
22.01.2019,10465.61
21.01.2019,10512.30
18.01.2019,10525.14
17.01.2019,10408.94
16.01.2019,10358.72
15.01.2019,10292.77
14.01.2019,10218.85
11.01.2019,10293.34
10.01.2019,10266.56
09.01.2019,10148.06
08.01.2019,10077.94
07.01.2019,9970.79
04.01.2019,10033.30
03.01.2019,9858.59
28.12.2018,9830.06
27.12.2018,9576.69
21.12.2018,9812.59
20.12.2018,9798.58
19.12.2018,9953.93
18.12.2018,9940.71
17.12.2018,10038.49
14.12.2018,10175.98
13.12.2018,10295.34
12.12.2018,10346.57
11.12.2018,10182.89
10.12.2018,10002.02
07.12.2018,10220.83
06.12.2018,10128.86
05.12.2018,10442.87
04.12.2018,10602.37
03.12.2018,10632.00
30.11.2018,10540.95
29.11.2018,10542.09
28.11.2018,10413.88
27.11.2018,10416.09
26.11.2018,10450.44
23.11.2018,10358.24
22.11.2018,10286.86
21.11.2018,10343.41
20.11.2018,10261.54
19.11.2018,10312.50
16.11.2018,10432.30
15.11.2018,10400.03
14.11.2018,10483.80
13.11.2018,10583.71
12.11.2018,10555.00
09.11.2018,10677.08
08.11.2018,10695.74
07.11.2018,10660.24
06.11.2018,10596.97
05.11.2018,10614.81
02.11.2018,10616.04
01.11.2018,10639.88
31.10.2018,10635.53
30.10.2018,10441.22
29.10.2018,10332.75
26.10.2018,10222.78
25.10.2018,10260.57
24.10.2018,10260.83
23.10.2018,10311.65
22.10.2018,10464.14
19.10.2018,10468.58
18.10.2018,10377.84
17.10.2018,10349.93
16.10.2018,10393.04
15.10.2018,10218.24
12.10.2018,10232.38
11.10.2018,10201.83
10.10.2018,10478.85
09.10.2018,10594.67
08.10.2018,10592.49
05.10.2018,10698.23
04.10.2018,10779.07
03.10.2018,10895.87
02.10.2018,10808.26
01.10.2018,10852.07
28.09.2018,10807.82
27.09.2018,10826.95
26.09.2018,10795.50
25.09.2018,10735.93
24.09.2018,10662.02
21.09.2018,10717.95
20.09.2018,10728.83
19.09.2018,10662.87
18.09.2018,10640.04
17.09.2018,10663.91
14.09.2018,10710.03
13.09.2018,10688.38
12.09.2018,10690.62
11.09.2018,10644.02
10.09.2018,10649.99
07.09.2018,10552.68
06.09.2018,10529.09
05.09.2018,10586.23
04.09.2018,10697.14
03.09.2018,10766.68
31.08.2018,10740.34
30.08.2018,10804.66
29.08.2018,10847.38
28.08.2018,10845.36
27.08.2018,10860.64
24.08.2018,10804.53
23.08.2018,10804.15
22.08.2018,10792.58
21.08.2018,10822.83
20.08.2018,10791.15
17.08.2018,10721.58
16.08.2018,10718.33
15.08.2018,10639.02
14.08.2018,10741.81
13.08.2018,10734.17
10.08.2018,10767.08
09.08.2018,10903.67
08.08.2018,10920.96
07.08.2018,10946.63
06.08.2018,10892.53
03.08.2018,10891.76
02.08.2018,10882.89
31.07.2018,10898.11
30.07.2018,10904.51
27.07.2018,10919.28
26.07.2018,10880.89
25.07.2018,10750.64
24.07.2018,10741.11
23.07.2018,10694.63
20.07.2018,10731.47
19.07.2018,10669.66
18.07.2018,10685.24
17.07.2018,10568.80
16.07.2018,10595.33
13.07.2018,10606.14
12.07.2018,10563.57
11.07.2018,10424.83
10.07.2018,10516.99
09.07.2018,10493.23
06.07.2018,10417.28
05.07.2018,10384.36
04.07.2018,10366.86
03.07.2018,10344.10
02.07.2018,10238.95
29.06.2018,10327.29
28.06.2018,10161.46
27.06.2018,10221.51
26.06.2018,10188.40
25.06.2018,10161.30
22.06.2018,10335.43
21.06.2018,10163.72
20.06.2018,10275.15
19.06.2018,10181.39
18.06.2018,10258.50
15.06.2018,10399.71
14.06.2018,10458.07
13.06.2018,10400.88
12.06.2018,10396.23
11.06.2018,10368.55
08.06.2018,10250.69
07.06.2018,10294.48
06.06.2018,10291.13
05.06.2018,10274.00
04.06.2018,10359.75
01.06.2018,10333.98
31.05.2018,10164.78
30.05.2018,10289.04
29.05.2018,10353.03
28.05.2018,10505.10
25.05.2018,10480.92
24.05.2018,10481.77
23.05.2018,10505.46
22.05.2018,10654.16
18.05.2018,10662.39
17.05.2018,10712.36
16.05.2018,10686.80
15.05.2018,10717.81
14.05.2018,10725.91
11.05.2018,10723.13
09.05.2018,10694.64
08.05.2018,10652.07
07.05.2018,10682.08
04.05.2018,10558.86
03.05.2018,10491.07
02.05.2018,10545.98
30.04.2018,10524.92
27.04.2018,10485.83
26.04.2018,10470.85
25.04.2018,10350.30
24.04.2018,10420.16
23.04.2018,10421.33
20.04.2018,10409.15
19.04.2018,10433.74
18.04.2018,10430.50
17.04.2018,10412.22
16.04.2018,10301.63
13.04.2018,10295.28
12.04.2018,10286.61
11.04.2018,10206.36
10.04.2018,10262.17
09.04.2018,10179.40
06.04.2018,10166.27
05.04.2018,10202.03
04.04.2018,9989.58
03.04.2018,10065.34
29.03.2018,10189.89
28.03.2018,10201.62
27.03.2018,10088.78
26.03.2018,9943.46
23.03.2018,10006.38
22.03.2018,10083.63
21.03.2018,10248.67
20.03.2018,10312.43
19.03.2018,10275.11
16.03.2018,10347.08
15.03.2018,10355.25
14.03.2018,10285.24
13.03.2018,10296.19
12.03.2018,10391.19
09.03.2018,10353.92
08.03.2018,10303.91
07.03.2018,10174.50
06.03.2018,10160.44
05.03.2018,10140.97
02.03.2018,9940.31
01.03.2018,10121.25
28.02.2018,10258.63
27.02.2018,10356.17
26.02.2018,10393.60
23.02.2018,10305.94
22.02.2018,10322.82
21.02.2018,10346.83
20.02.2018,10332.98
19.02.2018,10260.82
16.02.2018,10353.58
15.02.2018,10275.35
14.02.2018,10247.01
13.02.2018,10090.41
12.02.2018,10167.88
09.02.2018,10007.05
08.02.2018,10103.56
07.02.2018,10353.40
06.02.2018,10179.98
05.02.2018,10459.26
02.02.2018,10604.43
01.02.2018,10698.54
31.01.2018,10737.45
30.01.2018,10821.56
29.01.2018,10859.89
26.01.2018,10922.90
25.01.2018,10886.49
24.01.2018,10969.03
23.01.2018,10977.78
22.01.2018,10950.96
19.01.2018,10935.16
18.01.2018,10872.14
17.01.2018,10864.03
16.01.2018,10878.33
15.01.2018,10948.29
12.01.2018,10951.73
11.01.2018,10903.44
10.01.2018,10926.76
09.01.2018,11027.21
08.01.2018,10944.57
05.01.2018,10955.40
04.01.2018,10892.52
03.01.2018,10857.70
29.12.2017,10751.51
28.12.2017,10779.42
27.12.2017,10803.98
22.12.2017,10756.39
21.12.2017,10780.76
20.12.2017,10671.60
19.12.2017,10764.36
18.12.2017,10811.74
15.12.2017,10748.35
14.12.2017,10742.59
13.12.2017,10752.01
12.12.2017,10720.02
11.12.2017,10675.25
08.12.2017,10690.20
07.12.2017,10632.63
06.12.2017,10663.29
05.12.2017,10645.83
04.12.2017,10684.88
01.12.2017,10618.31
30.11.2017,10674.94
29.11.2017,10655.04
28.11.2017,10687.38
27.11.2017,10624.71
24.11.2017,10688.03
23.11.2017,10675.80
22.11.2017,10650.89
21.11.2017,10692.18
20.11.2017,10654.77
17.11.2017,10533.22
16.11.2017,10499.32
15.11.2017,10422.33
14.11.2017,10472.64
13.11.2017,10500.05
10.11.2017,10483.15
09.11.2017,10524.10
08.11.2017,10631.21
07.11.2017,10585.67
06.11.2017,10657.75
03.11.2017,10691.91
02.11.2017,10633.71
01.11.2017,10639.20
31.10.2017,10604.40
30.10.2017,10529.66
27.10.2017,10531.06
26.10.2017,10543.37
25.10.2017,10415.97
24.10.2017,10518.84
23.10.2017,10570.86
20.10.2017,10554.08
19.10.2017,10547.64
18.10.2017,10634.71
17.10.2017,10586.57
16.10.2017,10600.13
13.10.2017,10643.34
12.10.2017,10625.26
11.10.2017,10585.00
10.10.2017,10583.56
09.10.2017,10571.48
06.10.2017,10558.31
05.10.2017,10577.21
04.10.2017,10596.59
03.10.2017,10592.13
02.10.2017,10540.37
29.09.2017,10447.33
28.09.2017,10394.99
27.09.2017,10368.34
26.09.2017,10389.87
25.09.2017,10424.77
22.09.2017,10421.04
21.09.2017,10415.72
20.09.2017,10386.81
19.09.2017,10380.83
18.09.2017,10336.35
15.09.2017,10306.40
14.09.2017,10357.63
13.09.2017,10336.27
12.09.2017,10340.45
11.09.2017,10260.20
08.09.2017,10175.26
07.09.2017,10166.32
06.09.2017,10107.10
05.09.2017,10123.77
04.09.2017,10117.67
01.09.2017,10200.85
31.08.2017,10177.22
30.08.2017,10095.32
29.08.2017,10043.93
28.08.2017,10112.58
25.08.2017,10165.55
24.08.2017,10202.21
23.08.2017,10218.79
22.08.2017,10228.00
21.08.2017,10132.53
18.08.2017,10123.34
17.08.2017,10201.31
16.08.2017,10285.86
15.08.2017,10255.28
14.08.2017,10276.92
11.08.2017,10112.23
10.08.2017,10187.53
09.08.2017,10282.86
08.08.2017,10431.16
07.08.2017,10425.43
04.08.2017,10448.96
03.08.2017,10402.86
02.08.2017,10388.68
31.07.2017,10310.53
28.07.2017,10263.55
27.07.2017,10262.63
26.07.2017,10231.40
25.07.2017,10168.31
24.07.2017,10137.89
21.07.2017,10184.45
20.07.2017,10285.42
19.07.2017,10278.32
18.07.2017,10228.30
17.07.2017,10292.47
14.07.2017,10278.86
13.07.2017,10241.01
12.07.2017,10254.15
11.07.2017,10099.23
10.07.2017,10173.09
07.07.2017,10110.24
06.07.2017,10099.68
05.07.2017,10180.57
04.07.2017,10188.79
03.07.2017,10233.49
30.06.2017,10128.34
29.06.2017,10150.92
28.06.2017,10294.45
27.06.2017,10297.96
26.06.2017,10358.54
23.06.2017,10275.66
22.06.2017,10296.05
21.06.2017,10233.89
20.06.2017,10272.33
19.06.2017,10289.08
16.06.2017,10215.31
15.06.2017,10086.18
14.06.2017,10093.77
13.06.2017,10103.57
12.06.2017,10029.78
09.06.2017,10096.02
08.06.2017,10054.96
07.06.2017,10123.61
06.06.2017,10154.64
02.06.2017,10290.10
01.06.2017,10267.67
31.05.2017,10248.87
30.05.2017,10247.37
29.05.2017,10269.40
26.05.2017,10285.32
24.05.2017,10268.81
23.05.2017,10288.98
22.05.2017,10308.69
19.05.2017,10238.22
18.05.2017,10136.94
17.05.2017,10209.24
16.05.2017,10371.65
15.05.2017,10347.27
12.05.2017,10358.97
11.05.2017,10290.52
10.05.2017,10320.78
09.05.2017,10341.28
08.05.2017,10250.11
05.05.2017,10203.58
04.05.2017,10162.93
03.05.2017,10073.67
02.05.2017,10058.62
28.04.2017,9976.11
27.04.2017,10002.68
26.04.2017,9975.34
25.04.2017,9911.31
24.04.2017,9814.54
21.04.2017,9646.64
20.04.2017,9652.68
19.04.2017,9624.74
18.04.2017,9602.33
13.04.2017,9705.97
12.04.2017,9735.41
11.04.2017,9700.91
10.04.2017,9679.70
07.04.2017,9638.15
06.04.2017,9634.80
05.04.2017,9635.70
04.04.2017,9633.35
03.04.2017,9615.91
31.03.2017,9637.82
30.03.2017,9658.25
29.03.2017,9608.07
28.03.2017,9543.37
27.03.2017,9535.06
24.03.2017,9560.72
23.03.2017,9574.36
22.03.2017,9500.13
21.03.2017,9554.41
20.03.2017,9640.19
17.03.2017,9637.68
16.03.2017,9608.75
15.03.2017,9578.45
14.03.2017,9551.88
13.03.2017,9571.48
10.03.2017,9557.65
09.03.2017,9521.54
08.03.2017,9511.23
07.03.2017,9507.79
06.03.2017,9537.08
03.03.2017,9541.35
02.03.2017,9534.27
01.03.2017,9456.58
28.02.2017,9367.08
27.02.2017,9339.45
24.02.2017,9335.19
23.02.2017,9385.30
22.02.2017,9400.65
21.02.2017,9381.61
20.02.2017,9326.25
17.02.2017,9308.74
16.02.2017,9272.15
15.02.2017,9291.29
14.02.2017,9231.04
13.02.2017,9262.97
10.02.2017,9256.15
09.02.2017,9231.35
08.02.2017,9171.02
07.02.2017,9161.80
06.02.2017,9112.56
03.02.2017,9132.14
02.02.2017,9056.89
01.02.2017,9104.34
31.01.2017,9063.32
30.01.2017,9090.07
27.01.2017,9152.03
26.01.2017,9175.24
25.01.2017,9157.03
24.01.2017,9011.49
23.01.2017,9002.04
20.01.2017,9045.41
19.01.2017,9046.53
18.01.2017,9080.21
17.01.2017,9068.59
16.01.2017,9121.83
13.01.2017,9205.22
12.01.2017,9127.74
11.01.2017,9180.53
10.01.2017,9198.87
09.01.2017,9175.24
06.01.2017,9166.05
05.01.2017,9142.16
04.01.2017,9102.46
03.01.2017,9061.16
30.12.2016,8965.70
29.12.2016,8992.19
28.12.2016,8996.88
27.12.2016,8997.41
23.12.2016,8964.87
22.12.2016,8966.45
21.12.2016,8958.17
20.12.2016,8964.94
19.12.2016,8954.67
16.12.2016,8945.48
15.12.2016,8924.73
14.12.2016,8861.49
13.12.2016,8882.92
12.12.2016,8761.89
09.12.2016,8827.99
08.12.2016,8685.38
07.12.2016,8665.60
06.12.2016,8654.48
05.12.2016,8590.56
02.12.2016,8526.58
01.12.2016,8528.45
30.11.2016,8623.48
29.11.2016,8595.24
28.11.2016,8572.19
25.11.2016,8628.02
24.11.2016,8544.82
23.11.2016,8496.74
22.11.2016,8491.66
21.11.2016,8592.56
18.11.2016,8648.15
17.11.2016,8695.42
16.11.2016,8640.66
15.11.2016,8630.29
14.11.2016,8615.08
11.11.2016,8601.43
10.11.2016,8659.98
09.11.2016,8637.73
08.11.2016,8492.96
07.11.2016,8480.29
04.11.2016,8332.71
03.11.2016,8387.11
02.11.2016,8439.74
01.11.2016,8510.92
31.10.2016,8578.70
28.10.2016,8649.34
27.10.2016,8660.79
26.10.2016,8637.39
25.10.2016,8671.57
24.10.2016,8734.07
21.10.2016,8781.74
20.10.2016,8809.39
19.10.2016,8840.48
18.10.2016,8818.23
17.10.2016,8743.13
14.10.2016,8836.42
13.10.2016,8742.07
12.10.2016,8810.39
11.10.2016,8878.33
10.10.2016,8916.42
07.10.2016,8867.05
06.10.2016,8922.07
05.10.2016,8946.99
04.10.2016,8985.31
03.10.2016,8918.35
30.09.2016,8883.25
29.09.2016,8902.79
28.09.2016,8957.13
27.09.2016,8909.87
26.09.2016,8901.56
23.09.2016,9009.21
22.09.2016,9041.76
21.09.2016,8953.60
20.09.2016,8958.79
19.09.2016,8921.02
16.09.2016,8850.97
15.09.2016,8906.48
14.09.2016,8880.78
13.09.2016,8885.44
12.09.2016,8911.83
09.09.2016,8978.18
08.09.2016,9036.80
07.09.2016,9045.49
06.09.2016,9028.14
05.09.2016,9035.77
02.09.2016,9013.26
01.09.2016,8861.83
31.08.2016,8915.79
30.08.2016,8951.50
29.08.2016,8901.60
26.08.2016,8888.07
25.08.2016,8859.19
24.08.2016,8916.14
23.08.2016,8919.18
22.08.2016,8875.98
19.08.2016,8846.36
18.08.2016,8910.87
17.08.2016,8868.38
16.08.2016,8939.28
15.08.2016,9033.76
12.08.2016,9021.82
11.08.2016,9022.16
10.08.2016,8932.36
09.08.2016,8948.78
08.08.2016,8880.22
05.08.2016,8898.06
04.08.2016,8787.52
03.08.2016,8709.30
02.08.2016,8713.96
29.07.2016,8828.20
28.07.2016,8793.66
27.07.2016,8912.13
26.07.2016,8911.47
25.07.2016,8878.15
22.07.2016,8877.17
21.07.2016,8860.14
20.07.2016,8884.70
19.07.2016,8791.30
18.07.2016,8837.97
15.07.2016,8823.03
14.07.2016,8846.40
13.07.2016,8816.66
12.07.2016,8811.17
11.07.2016,8783.94
08.07.2016,8674.36
07.07.2016,8591.48
06.07.2016,8517.56
05.07.2016,8574.56
04.07.2016,8704.98
01.07.2016,8736.59
30.06.2016,8660.22
29.06.2016,8612.42
28.06.2016,8398.25
27.06.2016,8204.31
24.06.2016,8395.77
23.06.2016,8683.57
22.06.2016,8627.15
21.06.2016,8593.56
20.06.2016,8559.73
17.06.2016,8359.96
16.06.2016,8273.96
15.06.2016,8331.34
14.06.2016,8284.20
13.06.2016,8435.82
10.06.2016,8586.33
09.06.2016,8745.38
08.06.2016,8814.19
07.06.2016,8889.92
06.06.2016,8837.17
03.06.2016,8818.74
02.06.2016,8869.70
01.06.2016,8854.99
31.05.2016,8887.41
30.05.2016,8942.47
27.05.2016,8953.95
26.05.2016,8896.46
25.05.2016,8832.82
24.05.2016,8792.23
23.05.2016,8709.57
20.05.2016,8664.60
19.05.2016,8571.04
18.05.2016,8623.71
17.05.2016,8563.02
13.05.2016,8571.08
12.05.2016,8527.73
11.05.2016,8562.06
10.05.2016,8561.69
09.05.2016,8455.06
06.05.2016,8368.97
04.05.2016,8377.01
03.05.2016,8470.24
02.05.2016,8591.16
29.04.2016,8566.82
28.04.2016,8695.94
27.04.2016,8684.28
26.04.2016,8663.01
25.04.2016,8653.91
22.04.2016,8682.00
21.04.2016,8727.27
20.04.2016,8766.27
19.04.2016,8735.99
18.04.2016,8625.08
15.04.2016,8595.82
14.04.2016,8606.64
13.04.2016,8526.67
12.04.2016,8386.40
11.04.2016,8353.94
08.04.2016,8356.38
07.04.2016,8292.21
06.04.2016,8301.87
05.04.2016,8208.52
04.04.2016,8267.77
01.04.2016,8223.59
31.03.2016,8316.61
30.03.2016,8345.85
29.03.2016,8289.71
24.03.2016,8264.02
23.03.2016,8381.71
22.03.2016,8345.22
21.03.2016,8341.79
18.03.2016,8310.11
17.03.2016,8348.21
16.03.2016,8392.71
15.03.2016,8420.39
14.03.2016,8491.73
11.03.2016,8468.81
10.03.2016,8354.04
09.03.2016,8437.31
08.03.2016,8432.54
07.03.2016,8480.30
04.03.2016,8443.82
03.03.2016,8400.55
02.03.2016,8438.22
01.03.2016,8374.26
29.02.2016,8249.38
26.02.2016,8276.36
25.02.2016,8189.53
24.02.2016,8025.51
23.02.2016,8144.16
22.02.2016,8286.26
19.02.2016,8188.54
18.02.2016,8237.47
17.02.2016,8251.32
16.02.2016,8112.22
15.02.2016,8143.61
12.02.2016,7941.01
11.02.2016,7783.35
10.02.2016,8019.35
09.02.2016,7869.03
08.02.2016,8051.04
05.02.2016,8266.50
04.02.2016,8309.54
03.02.2016,8425.14
02.02.2016,8497.19
01.02.2016,8604.92
29.01.2016,8610.70
28.01.2016,8443.66
27.01.2016,8594.86
26.01.2016,8578.65
25.01.2016,8515.20
22.01.2016,8526.14
21.01.2016,8293.01
20.01.2016,8228.94
19.01.2016,8479.87
18.01.2016,8349.08
15.01.2016,8364.62
14.01.2016,8568.05
13.01.2016,8683.72
12.01.2016,8603.77
11.01.2016,8486.14
08.01.2016,8527.36
07.01.2016,8710.45
06.01.2016,8878.74
05.01.2016,8971.66
04.01.2016,8929.25
30.12.2015,9093.97
29.12.2015,9153.55
28.12.2015,9012.57
23.12.2015,8976.74
22.12.2015,8793.67
21.12.2015,8817.15
18.12.2015,8879.82
17.12.2015,8928.38
16.12.2015,8874.34
15.12.2015,8849.37
14.12.2015,8644.82
11.12.2015,8759.29
10.12.2015,8889.25
09.12.2015,8888.58
08.12.2015,8964.84
07.12.2015,9092.31
04.12.2015,9060.20
03.12.2015,9110.68
02.12.2015,9262.21
01.12.2015,9241.18
30.11.2015,9232.94
27.11.2015,9231.05
26.11.2015,9196.55
25.11.2015,9164.00
24.11.2015,9042.23
23.11.2015,9156.24
20.11.2015,9237.18
19.11.2015,9228.92
18.11.2015,9211.72
17.11.2015,9173.78
16.11.2015,8958.37
13.11.2015,8978.46
12.11.2015,9039.70
11.11.2015,9108.70
10.11.2015,9067.62
09.11.2015,9095.06
06.11.2015,9188.52
05.11.2015,9201.24
04.11.2015,9163.99
03.11.2015,9148.43
02.11.2015,9145.85
30.10.2015,9133.48
29.10.2015,9150.81
28.10.2015,9126.02
27.10.2015,9044.68
26.10.2015,9107.65
23.10.2015,9108.52
22.10.2015,8985.10
21.10.2015,8810.02
20.10.2015,8846.16
19.10.2015,8890.89
16.10.2015,8899.93
15.10.2015,8838.66
14.10.2015,8766.29
13.10.2015,8847.35
12.10.2015,8900.98
09.10.2015,8877.94
08.10.2015,8865.62
07.10.2015,8825.63
06.10.2015,8942.61
05.10.2015,8908.35
02.10.2015,8688.23
01.10.2015,8680.07
30.09.2015,8679.82
29.09.2015,8496.71
28.09.2015,8557.95
25.09.2015,8681.18
24.09.2015,8467.46
23.09.2015,8643.09
22.09.2015,8667.22
21.09.2015,8959.26
18.09.2015,8915.54
17.09.2015,9015.11
16.09.2015,9031.32
15.09.2015,8955.35
14.09.2015,8859.56
11.09.2015,8940.52
10.09.2015,8948.58
09.09.2015,9033.84
08.09.2015,8928.39
07.09.2015,8865.75
04.09.2015,8819.21
03.09.2015,8937.40
02.09.2015,8792.36
01.09.2015,8786.39
31.08.2015,8984.61
28.08.2015,8943.21
27.08.2015,8972.88
26.08.2015,8719.96
25.08.2015,8914.67
24.08.2015,8622.81
21.08.2015,8953.40
20.08.2015,9244.65
19.08.2015,9391.63
18.08.2015,9520.20
17.08.2015,9527.34
14.08.2015,9485.21
13.08.2015,9462.15
12.08.2015,9330.17
11.08.2015,9564.05
10.08.2015,9641.33
07.08.2015,9545.16
06.08.2015,9597.01
05.08.2015,9665.61
04.08.2015,9615.44
03.08.2015,9601.14
31.07.2015,9559.21
30.07.2015,9525.93
29.07.2015,9513.07
28.07.2015,9406.56
27.07.2015,9325.60
24.07.2015,9443.12
23.07.2015,9502.53
22.07.2015,9416.38
21.07.2015,9505.24
20.07.2015,9593.74
17.07.2015,9558.38
16.07.2015,9566.73
15.07.2015,9429.75
14.07.2015,9423.71
13.07.2015,9364.16
10.07.2015,9249.63
09.07.2015,9103.03
08.07.2015,8971.81
07.07.2015,8893.30
06.07.2015,8992.71
03.07.2015,9047.09
02.07.2015,9092.07
01.07.2015,9043.87
30.06.2015,8918.62
29.06.2015,8999.97
26.06.2015,9137.05
25.06.2015,9173.57
24.06.2015,9211.69
23.06.2015,9264.22
22.06.2015,9156.52
19.06.2015,9012.87
18.06.2015,9020.48
17.06.2015,9048.20
16.06.2015,9107.60
15.06.2015,9066.71
12.06.2015,9173.94
11.06.2015,9286.93
10.06.2015,9249.42
09.06.2015,9138.06
08.06.2015,9211.23
05.06.2015,9253.39
04.06.2015,9379.78
03.06.2015,9398.95
02.06.2015,9345.84
01.06.2015,9409.17
29.05.2015,9377.54
28.05.2015,9523.78
27.05.2015,9524.33
26.05.2015,9410.30
22.05.2015,9491.66
21.05.2015,9503.14
20.05.2015,9463.17
19.05.2015,9444.96
18.05.2015,9350.06
15.05.2015,9270.81
13.05.2015,9208.02
12.05.2015,9201.15
11.05.2015,9275.59
08.05.2015,9234.40
07.05.2015,9031.03
06.05.2015,9046.05
05.05.2015,9175.69
04.05.2015,9238.02
30.04.2015,9208.19
29.04.2015,9218.81
28.04.2015,9359.50
27.04.2015,9445.78
24.04.2015,9402.78
23.04.2015,9433.35
22.04.2015,9437.72
21.04.2015,9390.52
20.04.2015,9336.36
17.04.2015,9279.64
16.04.2015,9428.62
15.04.2015,9458.68
14.04.2015,9444.45
13.04.2015,9459.68
10.04.2015,9494.96
09.04.2015,9417.41
08.04.2015,9279.11
07.04.2015,9288.34
02.04.2015,9144.53
01.04.2015,9143.85
31.03.2015,9137.24
30.03.2015,9207.50
27.03.2015,9090.88
26.03.2015,9095.46
25.03.2015,9193.87
24.03.2015,9294.27
23.03.2015,9357.78
20.03.2015,9378.08
19.03.2015,9307.29
18.03.2015,9241.55
17.03.2015,9192.99
16.03.2015,9232.64
13.03.2015,9160.03
12.03.2015,9117.74
11.03.2015,9104.92
10.03.2015,9020.97
09.03.2015,9054.24
06.03.2015,9083.83
05.03.2015,9040.92
04.03.2015,8951.65
03.03.2015,8920.22
02.03.2015,8965.65
27.02.2015,8921.78
26.02.2015,8943.96
25.02.2015,8882.40
24.02.2015,8883.54
23.02.2015,8866.66
20.02.2015,8785.55
19.02.2015,8792.57
18.02.2015,8700.19
17.02.2015,8638.67
16.02.2015,8606.62
13.02.2015,8550.15
12.02.2015,8505.28
11.02.2015,8464.42
10.02.2015,8503.20
09.02.2015,8505.13
06.02.2015,8467.87
05.02.2015,8430.49
04.02.2015,8480.45
03.02.2015,8336.73
02.02.2015,8307.13
30.01.2015,8262.63
29.01.2015,8297.55
28.01.2015,8179.85
27.01.2015,8260.64
26.01.2015,8173.20
23.01.2015,8041.51
22.01.2015,7890.63
21.01.2015,7899.05
20.01.2015,8057.91
19.01.2015,8040.96
16.01.2015,7804.32
15.01.2015,8284.45
14.01.2015,9061.76
13.01.2015,9143.49
12.01.2015,9017.40
09.01.2015,8975.70
08.01.2015,8999.38
07.01.2015,8780.60
06.01.2015,8757.10
05.01.2015,8816.37
30.12.2014,8857.03
29.12.2014,8902.99
23.12.2014,8890.94
22.12.2014,8897.48
19.12.2014,8843.34
18.12.2014,8863.81
17.12.2014,8642.65
16.12.2014,8654.09
15.12.2014,8579.67
12.12.2014,8746.79
11.12.2014,8894.62
10.12.2014,8863.98
09.12.2014,8892.63
08.12.2014,9020.30
05.12.2014,9062.01
04.12.2014,8967.59
03.12.2014,9011.34
02.12.2014,8979.13
01.12.2014,8984.90
28.11.2014,8992.90
27.11.2014,8976.55
26.11.2014,8909.82
25.11.2014,8899.68
24.11.2014,8910.91
21.11.2014,8926.80
20.11.2014,8838.88
19.11.2014,8832.25
18.11.2014,8820.55
17.11.2014,8776.21
14.11.2014,8768.27
13.11.2014,8805.82
12.11.2014,8728.48
11.11.2014,8755.39
10.11.2014,8728.01
07.11.2014,8676.38
06.11.2014,8722.58
05.11.2014,8699.69
04.11.2014,8582.01
03.11.2014,8610.24
31.10.2014,8691.83
30.10.2014,8583.66
29.10.2014,8520.43
28.10.2014,8494.64
27.10.2014,8390.74
24.10.2014,8404.69
23.10.2014,8419.12
22.10.2014,8377.85
21.10.2014,8279.16
20.10.2014,8161.50
17.10.2014,8130.92
16.10.2014,7938.95
15.10.2014,8013.85
14.10.2014,8198.27
13.10.2014,8202.19
10.10.2014,8236.83
09.10.2014,8348.99
08.10.2014,8386.96
07.10.2014,8432.55
06.10.2014,8584.87
03.10.2014,8554.87
02.10.2014,8520.50
01.10.2014,8650.47
30.09.2014,8695.61
29.09.2014,8642.09
26.09.2014,8647.16
25.09.2014,8648.44
24.09.2014,8675.57
23.09.2014,8647.62
22.09.2014,8702.73
19.09.2014,8723.49
18.09.2014,8708.11
17.09.2014,8698.48
16.09.2014,8678.29
15.09.2014,8677.42
12.09.2014,8678.70
11.09.2014,8706.12
10.09.2014,8693.93
09.09.2014,8705.49
08.09.2014,8699.48
05.09.2014,8677.34
04.09.2014,8718.80
03.09.2014,8692.96
02.09.2014,8654.50
01.09.2014,8639.11
29.08.2014,8566.25
28.08.2014,8533.40
27.08.2014,8576.79
26.08.2014,8582.02
25.08.2014,8526.79
22.08.2014,8470.85
21.08.2014,8483.24
20.08.2014,8444.39
19.08.2014,8444.05
18.08.2014,8370.56
15.08.2014,8286.38
14.08.2014,8342.64
13.08.2014,8300.17
12.08.2014,8243.20
11.08.2014,8241.80
08.08.2014,8178.20
07.08.2014,8214.73
06.08.2014,8202.45
05.08.2014,8258.94
04.08.2014,8220.46
31.07.2014,8329.69
30.07.2014,8414.66
29.07.2014,8452.93
28.07.2014,8445.27
25.07.2014,8485.48
24.07.2014,8547.68
23.07.2014,8515.93
22.07.2014,8501.68
21.07.2014,8426.03
18.07.2014,8428.23
17.07.2014,8464.92
16.07.2014,8526.41
15.07.2014,8481.66
14.07.2014,8476.22
11.07.2014,8377.69
10.07.2014,8380.13
09.07.2014,8445.24
08.07.2014,8461.90
07.07.2014,8518.55
04.07.2014,8578.71
03.07.2014,8592.40
02.07.2014,8509.39
01.07.2014,8506.71
30.06.2014,8455.66
27.06.2014,8460.36
26.06.2014,8442.64
25.06.2014,8477.90
24.06.2014,8566.98
23.06.2014,8541.15
20.06.2014,8593.67
19.06.2014,8567.63
18.06.2014,8546.76
17.06.2014,8551.47
16.06.2014,8547.44
13.06.2014,8548.91
12.06.2014,8569.42
11.06.2014,8602.06
10.06.2014,8640.30
06.06.2014,8561.22
05.06.2014,8536.85
04.06.2014,8547.90
03.06.2014,8541.21
02.06.2014,8570.42
30.05.2014,8557.99
28.05.2014,8579.06
27.05.2014,8580.08
26.05.2014,8578.22
23.05.2014,8561.97
22.05.2014,8554.43
21.05.2014,8516.24
20.05.2014,8493.73
19.05.2014,8499.29
16.05.2014,8525.51
15.05.2014,8496.65
14.05.2014,8489.32
13.05.2014,8433.34
12.05.2014,8430.99
09.05.2014,8384.82
08.05.2014,8342.34
07.05.2014,8301.35
06.05.2014,8283.30
05.05.2014,8297.19
02.05.2014,8316.05
30.04.2014,8333.70
29.04.2014,8295.17
28.04.2014,8245.49
25.04.2014,8234.99
24.04.2014,8262.01
23.04.2014,8284.25
22.04.2014,8299.37
17.04.2014,8205.66
16.04.2014,8151.89
15.04.2014,8101.86
14.04.2014,8125.61
11.04.2014,8077.28
10.04.2014,8194.64
09.04.2014,8189.58
08.04.2014,8188.52
07.04.2014,8182.46
04.04.2014,8275.67
03.04.2014,8267.29
02.04.2014,8255.81
01.04.2014,8208.11
31.03.2014,8202.18
28.03.2014,8128.85
27.03.2014,8085.31
26.03.2014,8089.81
25.03.2014,8050.11
24.03.2014,7955.78
21.03.2014,8043.81
20.03.2014,8016.83
19.03.2014,7992.22
18.03.2014,8003.85
17.03.2014,7926.88
14.03.2014,7872.24
13.03.2014,7957.59
12.03.2014,8051.23
11.03.2014,8104.11
10.03.2014,8111.48
07.03.2014,8125.61
06.03.2014,8220.15
05.03.2014,8152.24
04.03.2014,8130.28
03.03.2014,7976.79
28.02.2014,8160.44
27.02.2014,8147.58
26.02.2014,8153.20
25.02.2014,8126.01
24.02.2014,8106.86
21.02.2014,8055.81
20.02.2014,8012.56
19.02.2014,8043.29
18.02.2014,8045.37
17.02.2014,8045.72
14.02.2014,8043.03
13.02.2014,8012.22
12.02.2014,8021.19
11.02.2014,7982.98
10.02.2014,7944.86
07.02.2014,7941.18
06.02.2014,7851.74
05.02.2014,7753.46
04.02.2014,7733.24
03.02.2014,7747.46
31.01.2014,7830.51
30.01.2014,7841.63
29.01.2014,7782.97
28.01.2014,7828.64
27.01.2014,7768.04
24.01.2014,7835.56
23.01.2014,8024.60
22.01.2014,8081.26
21.01.2014,8096.90
20.01.2014,8090.86
17.01.2014,8086.58
16.01.2014,8061.50
15.01.2014,8045.13
14.01.2014,8008.21
13.01.2014,8030.68
10.01.2014,7987.63
09.01.2014,7925.13
08.01.2014,7971.42
07.01.2014,7944.03
06.01.2014,7902.12
03.01.2014,7900.80
30.12.2013,7838.00
27.12.2013,7850.82
23.12.2013,7749.68
20.12.2013,7722.21
19.12.2013,7665.63
18.12.2013,7535.12
17.12.2013,7483.61
16.12.2013,7506.68
13.12.2013,7476.98
12.12.2013,7494.60
11.12.2013,7588.28
10.12.2013,7604.45
09.12.2013,7678.19
06.12.2013,7681.16
05.12.2013,7645.07
04.12.2013,7664.47
03.12.2013,7725.15
02.12.2013,7859.15
29.11.2013,7867.29
28.11.2013,7863.54
27.11.2013,7849.75
26.11.2013,7845.18
25.11.2013,7895.87
22.11.2013,7848.96
21.11.2013,7863.11
20.11.2013,7876.82
19.11.2013,7898.42
18.11.2013,7945.98
15.11.2013,7921.40
14.11.2013,7898.01
13.11.2013,7834.37
12.11.2013,7864.91
11.11.2013,7881.11
08.11.2013,7838.90
07.11.2013,7830.96
06.11.2013,7824.27
05.11.2013,7756.32
04.11.2013,7787.81
01.11.2013,7816.25
31.10.2013,7829.04
30.10.2013,7818.86
29.10.2013,7820.03
28.10.2013,7860.73
25.10.2013,7826.78
24.10.2013,7813.18
23.10.2013,7796.23
22.10.2013,7795.46
21.10.2013,7722.39
18.10.2013,7683.08
17.10.2013,7629.98
16.10.2013,7586.48
15.10.2013,7590.66
14.10.2013,7542.51
11.10.2013,7550.03
10.10.2013,7474.95
09.10.2013,7384.31
08.10.2013,7450.45
07.10.2013,7502.96
04.10.2013,7550.03
03.10.2013,7549.23
02.10.2013,7568.51
01.10.2013,7649.67
30.09.2013,7611.23
27.09.2013,7640.72
26.09.2013,7646.30
25.09.2013,7642.10
24.09.2013,7639.41
23.09.2013,7643.30
20.09.2013,7686.81
19.09.2013,7679.95
18.09.2013,7644.62
17.09.2013,7615.02
16.09.2013,7627.81
13.09.2013,7627.23
12.09.2013,7622.39
11.09.2013,7640.71
10.09.2013,7633.14
09.09.2013,7537.70
06.09.2013,7549.36
05.09.2013,7529.52
04.09.2013,7479.43
03.09.2013,7466.79
02.09.2013,7486.04
30.08.2013,7353.92
29.08.2013,7368.45
28.08.2013,7373.36
27.08.2013,7473.43
26.08.2013,7600.26
23.08.2013,7587.41
22.08.2013,7568.84
21.08.2013,7474.69
20.08.2013,7514.88
19.08.2013,7524.13
16.08.2013,7542.24
15.08.2013,7561.80
14.08.2013,7647.09
13.08.2013,7607.39
12.08.2013,7576.78
09.08.2013,7553.74
08.08.2013,7531.24
07.08.2013,7543.18
06.08.2013,7562.68
05.08.2013,7548.46
02.08.2013,7528.90
31.07.2013,7398.59
30.07.2013,7388.64
29.07.2013,7384.53
26.07.2013,7369.05
25.07.2013,7427.80
24.07.2013,7479.33
23.07.2013,7459.76
22.07.2013,7493.06
19.07.2013,7495.08
18.07.2013,7497.71
17.07.2013,7488.74
16.07.2013,7490.92
15.07.2013,7552.42
12.07.2013,7536.26
11.07.2013,7540.26
10.07.2013,7524.66
09.07.2013,7503.66
08.07.2013,7427.50
05.07.2013,7348.32
04.07.2013,7393.11
03.07.2013,7251.28
02.07.2013,7300.96
01.07.2013,7305.01
28.06.2013,7247.62
27.06.2013,7238.10
26.06.2013,7134.10
25.06.2013,6997.95
24.06.2013,6861.36
21.06.2013,7023.76
20.06.2013,7088.59
19.06.2013,7303.25
18.06.2013,7274.91
17.06.2013,7295.05
14.06.2013,7211.34
13.06.2013,7201.59
12.06.2013,7228.63
11.06.2013,7244.22
10.06.2013,7353.80
07.06.2013,7344.99
06.06.2013,7202.68
05.06.2013,7313.12
04.06.2013,7428.50
03.06.2013,7344.96
31.05.2013,7495.05
30.05.2013,7553.89
29.05.2013,7561.44
28.05.2013,7732.69
27.05.2013,7668.68
24.05.2013,7674.59
23.05.2013,7673.63
22.05.2013,7889.83
21.05.2013,7810.32
17.05.2013,7776.41
16.05.2013,7755.07
15.05.2013,7800.96
14.05.2013,7693.05
13.05.2013,7656.90
10.05.2013,7684.72
08.05.2013,7606.27
07.05.2013,7504.83
06.05.2013,7458.23
03.05.2013,7461.21
02.05.2013,7420.15
30.04.2013,7424.88
29.04.2013,7417.43
26.04.2013,7367.47
25.04.2013,7405.06
24.04.2013,7359.24
23.04.2013,7302.90
22.04.2013,7129.85
19.04.2013,7139.10
18.04.2013,7097.56
17.04.2013,7061.89
16.04.2013,7225.23
15.04.2013,7259.34
12.04.2013,7228.31
11.04.2013,7268.06
10.04.2013,7228.60
09.04.2013,7114.69
08.04.2013,7146.83
05.04.2013,7083.20
04.04.2013,7194.69
03.04.2013,7294.58
02.04.2013,7317.05
28.03.2013,7243.46
27.03.2013,7209.15
26.03.2013,7225.81
25.03.2013,7188.17
22.03.2013,7173.96
21.03.2013,7197.51
20.03.2013,7270.71
19.03.2013,7220.40
18.03.2013,7260.02
15.03.2013,7290.42
14.03.2013,7272.24
13.03.2013,7214.02
12.03.2013,7233.69
11.03.2013,7196.89
08.03.2013,7186.87
07.03.2013,7156.98
06.03.2013,7111.85
05.03.2013,7129.89
04.03.2013,7013.86
01.03.2013,7027.07
28.02.2013,7024.53
27.02.2013,6930.18
26.02.2013,6895.03
25.02.2013,6979.02
22.02.2013,6946.87
21.02.2013,6904.09
20.02.2013,7009.31
19.02.2013,6973.51
18.02.2013,6903.35
15.02.2013,6907.21
14.02.2013,6890.52
13.02.2013,6886.97
12.02.2013,6832.97
11.02.2013,6818.34
08.02.2013,6809.23
07.02.2013,6755.55
06.02.2013,6835.20
05.02.2013,6811.08
04.02.2013,6775.12
01.02.2013,6824.36
31.01.2013,6789.40
30.01.2013,6789.27
29.01.2013,6848.51
28.01.2013,6876.58
25.01.2013,6854.89
24.01.2013,6849.77
23.01.2013,6794.09
22.01.2013,6710.38
21.01.2013,6751.27
18.01.2013,6777.89
17.01.2013,6826.12
16.01.2013,6715.43
15.01.2013,6690.79
14.01.2013,6634.68
11.01.2013,6619.71
10.01.2013,6583.62
09.01.2013,6589.71
08.01.2013,6521.60
07.01.2013,6502.07
04.01.2013,6507.68
03.01.2013,6470.37
28.12.2012,6290.52
27.12.2012,6324.04
21.12.2012,6344.62
20.12.2012,6368.60
19.12.2012,6394.35
18.12.2012,6363.99
17.12.2012,6346.16
14.12.2012,6349.20
13.12.2012,6362.37
12.12.2012,6397.83
11.12.2012,6410.86
10.12.2012,6386.54
07.12.2012,6370.83
06.12.2012,6358.44
05.12.2012,6305.55
04.12.2012,6302.20
03.12.2012,6289.91
30.11.2012,6275.35
29.11.2012,6273.78
28.11.2012,6211.83
27.11.2012,6176.98
26.11.2012,6151.07
23.11.2012,6181.63
22.11.2012,6149.04
21.11.2012,6116.75
20.11.2012,6095.80
19.11.2012,6111.56
16.11.2012,5990.69
15.11.2012,6048.40
14.11.2012,6136.15
13.11.2012,6176.81
12.11.2012,6162.68
09.11.2012,6183.32
08.11.2012,6182.50
07.11.2012,6172.94
06.11.2012,6219.25
05.11.2012,6184.96
02.11.2012,6185.15
01.11.2012,6147.80
31.10.2012,6088.61
30.10.2012,6122.53
29.10.2012,6093.86
26.10.2012,6097.07
25.10.2012,6097.45
24.10.2012,6114.95
23.10.2012,6112.81
22.10.2012,6219.35
19.10.2012,6227.95
18.10.2012,6252.96
17.10.2012,6254.77
16.10.2012,6241.30
15.10.2012,6178.03
12.10.2012,6139.18
11.10.2012,6138.99
10.10.2012,6114.41
09.10.2012,6136.37
08.10.2012,6142.73
05.10.2012,6162.58
04.10.2012,6124.60
03.10.2012,6103.79
02.10.2012,6114.80
01.10.2012,6111.71
28.09.2012,6010.92
27.09.2012,6052.98
26.09.2012,6044.42
25.09.2012,6112.79
24.09.2012,6101.60
21.09.2012,6111.62
20.09.2012,6071.67
19.09.2012,6085.95
18.09.2012,6061.01
17.09.2012,6082.19
14.09.2012,6090.75
13.09.2012,6038.72
12.09.2012,6017.16
11.09.2012,6022.10
10.09.2012,6024.80
07.09.2012,6045.23
06.09.2012,6028.21
05.09.2012,5934.75
04.09.2012,5883.63
03.09.2012,5948.48
31.08.2012,5903.73
30.08.2012,5892.47
29.08.2012,5932.29
28.08.2012,5931.78
27.08.2012,5994.08
24.08.2012,5979.38
23.08.2012,5964.87
22.08.2012,5985.09
21.08.2012,6024.30
20.08.2012,6014.51
17.08.2012,6033.32
16.08.2012,6020.56
15.08.2012,6011.82
14.08.2012,6011.28
13.08.2012,5975.09
10.08.2012,5994.37
09.08.2012,6016.03
08.08.2012,5974.20
07.08.2012,5972.04
06.08.2012,5972.98
03.08.2012,5962.98
02.08.2012,5910.99
31.07.2012,5915.33
30.07.2012,5918.21
27.07.2012,5881.58
26.07.2012,5807.09
25.07.2012,5723.84
24.07.2012,5723.37
23.07.2012,5724.19
20.07.2012,5823.89
19.07.2012,5860.86
18.07.2012,5804.51
17.07.2012,5745.61
16.07.2012,5733.94
13.07.2012,5723.14
12.07.2012,5693.22
11.07.2012,5726.35
10.07.2012,5744.14
09.07.2012,5714.68
06.07.2012,5736.32
05.07.2012,5758.66
04.07.2012,5757.79
03.07.2012,5751.33
02.07.2012,5672.69
29.06.2012,5633.27
28.06.2012,5551.89
27.06.2012,5564.79
26.06.2012,5528.14
25.06.2012,5522.13
22.06.2012,5567.84
21.06.2012,5594.09
20.06.2012,5603.35
19.06.2012,5609.65
18.06.2012,5525.39
15.06.2012,5503.45
14.06.2012,5495.71
13.06.2012,5532.19
12.06.2012,5507.31
11.06.2012,5473.79
08.06.2012,5471.03
07.06.2012,5476.39
06.06.2012,5429.85
05.06.2012,5329.89
04.06.2012,5325.76
01.06.2012,5386.38
31.05.2012,5456.06
30.05.2012,5504.52
29.05.2012,5525.93
25.05.2012,5477.46
24.05.2012,5467.89
23.05.2012,5437.51
22.05.2012,5522.27
21.05.2012,5437.63
18.05.2012,5419.76
16.05.2012,5488.88
15.05.2012,5479.35
14.05.2012,5495.76
11.05.2012,5573.12
10.05.2012,5546.97
09.05.2012,5551.38
08.05.2012,5588.02
07.05.2012,5650.34
04.05.2012,5655.48
03.05.2012,5701.96
02.05.2012,5708.26
30.04.2012,5697.40
27.04.2012,5704.19
26.04.2012,5704.19
25.04.2012,5717.74
24.04.2012,5684.51
23.04.2012,5668.91
20.04.2012,5737.83
19.04.2012,5709.90
18.04.2012,5684.21
17.04.2012,5705.36
16.04.2012,5627.83
13.04.2012,5595.35
12.04.2012,5641.00
11.04.2012,5578.04
10.04.2012,5576.06
05.04.2012,5670.32
04.04.2012,5670.72
03.04.2012,5757.13
02.04.2012,5787.14
30.03.2012,5715.79
29.03.2012,5661.16
28.03.2012,5726.65
27.03.2012,5749.48
26.03.2012,5760.04
23.03.2012,5717.71
22.03.2012,5722.78
21.03.2012,5767.26
20.03.2012,5774.11
19.03.2012,5805.04
16.03.2012,5814.10
15.03.2012,5802.24
14.03.2012,5773.19
13.03.2012,5739.87
12.03.2012,5675.81
09.03.2012,5681.28
08.03.2012,5646.62
07.03.2012,5567.04
06.03.2012,5517.53
05.03.2012,5620.12
02.03.2012,5622.18
01.03.2012,5598.42
29.02.2012,5584.32
28.02.2012,5593.99
27.02.2012,5610.20
24.02.2012,5606.56
23.02.2012,5613.33
22.02.2012,5609.12
21.02.2012,5648.68
20.02.2012,5664.49
17.02.2012,5653.57
16.02.2012,5632.39
15.02.2012,5622.59
14.02.2012,5589.81
13.02.2012,5599.85
10.02.2012,5562.23
09.02.2012,5594.53
08.02.2012,5583.65
07.02.2012,5585.07
06.02.2012,5575.60
03.02.2012,5579.91
02.02.2012,5501.25
01.02.2012,5501.24
31.01.2012,5412.50
30.01.2012,5404.29
27.01.2012,5463.88
26.01.2012,5514.98
25.01.2012,5488.71
24.01.2012,5539.01
23.01.2012,5536.79
20.01.2012,5527.64
19.01.2012,5588.35
18.01.2012,5516.19
17.01.2012,5465.62
16.01.2012,5440.51
13.01.2012,5411.38
12.01.2012,5427.91
11.01.2012,5412.89
10.01.2012,5447.56
09.01.2012,5390.35
06.01.2012,5411.09
05.01.2012,5422.20
04.01.2012,5456.56
03.01.2012,5452.77
30.12.2011,5343.52
29.12.2011,5309.59
28.12.2011,5304.90
27.12.2011,5302.10
23.12.2011,5308.95
22.12.2011,5261.82
21.12.2011,5227.89
20.12.2011,5226.86
19.12.2011,5186.61
16.12.2011,5161.69
15.12.2011,5200.17
14.12.2011,5151.77
13.12.2011,5201.85
12.12.2011,5190.60
09.12.2011,5239.85
08.12.2011,5193.39
07.12.2011,5227.52
06.12.2011,5228.09
05.12.2011,5211.10
02.12.2011,5186.26
01.12.2011,5149.44
30.11.2011,5131.31
29.11.2011,5016.42
28.11.2011,5008.46
25.11.2011,4887.84
24.11.2011,4858.16
23.11.2011,4880.15
22.11.2011,4939.67
21.11.2011,4966.04
18.11.2011,5091.26
17.11.2011,5122.25
16.11.2011,5160.49
15.11.2011,5147.00
14.11.2011,5151.03
11.11.2011,5146.15
10.11.2011,5068.48
09.11.2011,5105.57
08.11.2011,5175.45
07.11.2011,5143.34
04.11.2011,5153.65
03.11.2011,5161.72
02.11.2011,5099.69
01.11.2011,5077.68
31.10.2011,5211.91
28.10.2011,5317.48
27.10.2011,5297.06
26.10.2011,5178.36
25.10.2011,5184.81
24.10.2011,5253.56
21.10.2011,5210.90
20.10.2011,5122.94
19.10.2011,5168.28
18.10.2011,5148.34
17.10.2011,5180.62
14.10.2011,5214.56
13.10.2011,5169.65
12.10.2011,5227.36
11.10.2011,5180.07
10.10.2011,5169.36
07.10.2011,5110.95
06.10.2011,5094.71
05.10.2011,4973.87
04.10.2011,4914.82
03.10.2011,4970.13
30.09.2011,5006.46
29.09.2011,5080.92
28.09.2011,5035.58
27.09.2011,5050.99
26.09.2011,4898.05
23.09.2011,4812.81
22.09.2011,4809.88
21.09.2011,4985.93
20.09.2011,4987.19
19.09.2011,4895.18
16.09.2011,4981.49
15.09.2011,4957.27
14.09.2011,4934.46
13.09.2011,4878.81
12.09.2011,4832.64
09.09.2011,4947.29
08.09.2011,5034.15
07.09.2011,5008.87
06.09.2011,4880.64
05.09.2011,4691.06
02.09.2011,4889.19
01.09.2011,5040.13
31.08.2011,5049.37
30.08.2011,4971.48
29.08.2011,4963.52
26.08.2011,4844.58
25.08.2011,4824.77
24.08.2011,4846.20
23.08.2011,4752.33
22.08.2011,4680.95
19.08.2011,4641.39
18.08.2011,4727.20
17.08.2011,4931.69
16.08.2011,4897.38
15.08.2011,4870.52
12.08.2011,4796.12
11.08.2011,4597.72
10.08.2011,4395.38
09.08.2011,4570.98
08.08.2011,4547.76
05.08.2011,4742.83
04.08.2011,4845.24
03.08.2011,5030.26
02.08.2011,5098.89
29.07.2011,5315.45
28.07.2011,5389.91
27.07.2011,5424.28
26.07.2011,5502.39
25.07.2011,5517.74
22.07.2011,5534.61
21.07.2011,5534.54
20.07.2011,5466.23
19.07.2011,5403.53
18.07.2011,5345.28
15.07.2011,5450.53
14.07.2011,5495.14
13.07.2011,5540.46
12.07.2011,5528.27
11.07.2011,5560.06
08.07.2011,5660.40
07.07.2011,5710.28
06.07.2011,5681.48
05.07.2011,5740.61
04.07.2011,5746.75
01.07.2011,5731.47
30.06.2011,5684.50
29.06.2011,5605.22
28.06.2011,5516.99
27.06.2011,5501.55
24.06.2011,5514.85
23.06.2011,5510.97
22.06.2011,5623.13
21.06.2011,5664.03
20.06.2011,5608.39
17.06.2011,5644.42
16.06.2011,5651.51
15.06.2011,5697.99
14.06.2011,5748.31
10.06.2011,5706.65
09.06.2011,5773.29
08.06.2011,5759.01
07.06.2011,5827.97
06.06.2011,5864.95
03.06.2011,5902.92
01.06.2011,5977.84
31.05.2011,6023.04
30.05.2011,5951.74
27.05.2011,5965.95
26.05.2011,5947.06
25.05.2011,5942.82
24.05.2011,5939.98
23.05.2011,5924.71
20.05.2011,6013.29
19.05.2011,6034.88
18.05.2011,6012.85
17.05.2011,5976.68
16.05.2011,6042.12
13.05.2011,6045.46
12.05.2011,6046.77
11.05.2011,6050.83
10.05.2011,6021.84
09.05.2011,5979.96
06.05.2011,6017.89
05.05.2011,5947.07
04.05.2011,5966.00
03.05.2011,6004.14
02.05.2011,6019.20
29.04.2011,6013.04
28.04.2011,5994.01
27.04.2011,5954.55
26.04.2011,5959.25
21.04.2011,5937.46
20.04.2011,5919.50
19.04.2011,5817.71
18.04.2011,5748.19
15.04.2011,5833.94
14.04.2011,5799.70
13.04.2011,5807.59
12.04.2011,5794.53
11.04.2011,5874.37
08.04.2011,5889.89
07.04.2011,5892.11
06.04.2011,5876.73
05.04.2011,5871.62
04.04.2011,5862.34
01.04.2011,5865.28
31.03.2011,5791.55
30.03.2011,5821.82
29.03.2011,5788.64
28.03.2011,5785.24
25.03.2011,5775.40
24.03.2011,5744.20
23.03.2011,5690.02
22.03.2011,5663.18
21.03.2011,5659.92
18.03.2011,5548.33
17.03.2011,5513.89
16.03.2011,5466.82
15.03.2011,5542.25
14.03.2011,5696.11
11.03.2011,5763.76
10.03.2011,5810.40
09.03.2011,5855.85
08.03.2011,5907.56
07.03.2011,5890.47
04.03.2011,5916.78
03.03.2011,5964.12
02.03.2011,5923.29
01.03.2011,5962.11
28.02.2011,5952.30
25.02.2011,5889.33
24.02.2011,5865.20
23.02.2011,5921.66
22.02.2011,5938.76
21.02.2011,5991.43
18.02.2011,6023.95
17.02.2011,6015.67
16.02.2011,6020.98
15.02.2011,6008.18
14.02.2011,5991.42
11.02.2011,5984.07
10.02.2011,5937.18
09.02.2011,5957.99
08.02.2011,5964.91
07.02.2011,5944.37
04.02.2011,5913.03
03.02.2011,5878.80
02.02.2011,5884.26
01.02.2011,5886.51
31.01.2011,5814.95
28.01.2011,5854.77
27.01.2011,5883.83
26.01.2011,5899.17
25.01.2011,5881.97
24.01.2011,5900.09
21.01.2011,5876.14
20.01.2011,5833.43
19.01.2011,5880.81
18.01.2011,5944.79
17.01.2011,5902.84
14.01.2011,5888.19
13.01.2011,5889.90
12.01.2011,5936.84
11.01.2011,5866.99
10.01.2011,5783.09
07.01.2011,5827.71
06.01.2011,5858.48
05.01.2011,5852.35
04.01.2011,5844.27
03.01.2011,5842.19
30.12.2010,5790.62
29.12.2010,5893.97
28.12.2010,5890.85
27.12.2010,5890.31
23.12.2010,5920.38
22.12.2010,5882.47
21.12.2010,5887.61
20.12.2010,5852.96
17.12.2010,5861.40
16.12.2010,5879.47
15.12.2010,5873.57
14.12.2010,5861.33
13.12.2010,5844.66
10.12.2010,5843.78
09.12.2010,5859.49
08.12.2010,5845.27
07.12.2010,5811.45
06.12.2010,5766.56
03.12.2010,5784.12
02.12.2010,5812.27
01.12.2010,5742.99
30.11.2010,5652.48
29.11.2010,5719.20
26.11.2010,5787.57
25.11.2010,5806.37
24.11.2010,5756.62
23.11.2010,5708.74
22.11.2010,5824.16
19.11.2010,5867.72
18.11.2010,5880.98
17.11.2010,5782.23
16.11.2010,5764.90
15.11.2010,5835.85
12.11.2010,5788.08
11.11.2010,5798.37
10.11.2010,5818.99
09.11.2010,5857.10
08.11.2010,5868.25
05.11.2010,5857.47
04.11.2010,5862.42
03.11.2010,5791.91
02.11.2010,5813.75
01.11.2010,5783.60
29.10.2010,5754.64
28.10.2010,5760.50
27.10.2010,5752.60
26.10.2010,5756.06
25.10.2010,5788.08
22.10.2010,5756.44
21.10.2010,5780.71
20.10.2010,5746.80
19.10.2010,5745.16
18.10.2010,5747.43
15.10.2010,5724.52
14.10.2010,5725.95
13.10.2010,5732.85
12.10.2010,5666.21
11.10.2010,5676.61
08.10.2010,5654.69
07.10.2010,5662.16
06.10.2010,5640.84
05.10.2010,5606.99
04.10.2010,5554.29
01.10.2010,5585.86
30.09.2010,5594.62
29.09.2010,5604.09
28.09.2010,5619.99
27.09.2010,5618.41
24.09.2010,5633.12
23.09.2010,5583.81
22.09.2010,5617.94
21.09.2010,5677.22
20.09.2010,5706.08
17.09.2010,5643.01
16.09.2010,5668.42
15.09.2010,5675.59
14.09.2010,5700.46
13.09.2010,5705.42
10.09.2010,5697.49
09.09.2010,5662.87
08.09.2010,5631.91
07.09.2010,5611.53
06.09.2010,5661.23
03.09.2010,5645.28
02.09.2010,5591.68
01.09.2010,5589.16
31.08.2010,5465.25
30.08.2010,5482.90
27.08.2010,5464.65
26.08.2010,5421.80
25.08.2010,5392.58
24.08.2010,5435.64
23.08.2010,5494.92
20.08.2010,5473.51
19.08.2010,5554.58
18.08.2010,5619.67
17.08.2010,5613.93
16.08.2010,5549.27
13.08.2010,5556.78
12.08.2010,5543.04
11.08.2010,5536.86
10.08.2010,5651.93
09.08.2010,5654.04
06.08.2010,5596.51
05.08.2010,5641.49
04.08.2010,5644.46
03.08.2010,5609.71
02.08.2010,5593.96
30.07.2010,5489.77
29.07.2010,5506.79
28.07.2010,5549.03
27.07.2010,5546.36
26.07.2010,5487.08
23.07.2010,5483.21
22.07.2010,5477.81
21.07.2010,5426.68
20.07.2010,5413.62
19.07.2010,5443.90
16.07.2010,5472.04
15.07.2010,5558.11
14.07.2010,5591.40
13.07.2010,5567.00
12.07.2010,5504.63
09.07.2010,5482.67
08.07.2010,5438.53
07.07.2010,5388.17
06.07.2010,5357.69
05.07.2010,5256.58
02.07.2010,5282.12
01.07.2010,5286.99
30.06.2010,5407.82
29.06.2010,5419.34
28.06.2010,5562.95
25.06.2010,5529.13
24.06.2010,5565.75
23.06.2010,5623.56
22.06.2010,5690.75
21.06.2010,5737.19
18.06.2010,5673.78
17.06.2010,5689.03
16.06.2010,5701.12
15.06.2010,5692.80
14.06.2010,5678.73
11.06.2010,5639.60
10.06.2010,5598.76
09.06.2010,5553.36
08.06.2010,5480.50
07.06.2010,5534.94
04.06.2010,5545.77
03.06.2010,5637.74
02.06.2010,5590.06
01.06.2010,5557.81
31.05.2010,5562.49
28.05.2010,5577.68
27.05.2010,5576.78
26.05.2010,5441.23
25.05.2010,5367.12
21.05.2010,5482.85
20.05.2010,5519.35
19.05.2010,5623.29
18.05.2010,5714.23
17.05.2010,5678.08
14.05.2010,5680.55
12.05.2010,5807.94
11.05.2010,5742.89
10.05.2010,5720.35
07.05.2010,5487.22
06.05.2010,5652.93
05.05.2010,5712.75
04.05.2010,5748.76
03.05.2010,5830.74
30.04.2010,5847.37
29.04.2010,5896.86
28.04.2010,5828.57
27.04.2010,5913.93
26.04.2010,6035.01
23.04.2010,6005.63
22.04.2010,5964.91
21.04.2010,6036.84
20.04.2010,6056.04
19.04.2010,6023.49
16.04.2010,6064.88
15.04.2010,6124.16
14.04.2010,6083.37
13.04.2010,6055.07
12.04.2010,6074.64
09.04.2010,6056.87
08.04.2010,5969.34
07.04.2010,6012.51
06.04.2010,6046.85
01.04.2010,6041.21
31.03.2010,6007.84
30.03.2010,6000.55
29.03.2010,5984.70
26.03.2010,5974.36
25.03.2010,6014.10
24.03.2010,5994.86
23.03.2010,5991.23
22.03.2010,5980.88
19.03.2010,5992.63
18.03.2010,6006.96
17.03.2010,6004.28
16.03.2010,5982.88
15.03.2010,5939.38
12.03.2010,5949.97
11.03.2010,5959.48
10.03.2010,5974.31
09.03.2010,5968.09
08.03.2010,5955.99
05.03.2010,5949.76
04.03.2010,5914.19
03.03.2010,5891.60
02.03.2010,5888.03
01.03.2010,5826.09
26.02.2010,5763.27
25.02.2010,5706.83
24.02.2010,5744.44
23.02.2010,5715.11
22.02.2010,5747.38
19.02.2010,5761.57
18.02.2010,5706.62
17.02.2010,5651.70
16.02.2010,5592.49
15.02.2010,5552.38
12.02.2010,5531.33
11.02.2010,5525.84
10.02.2010,5473.24
09.02.2010,5457.04
08.02.2010,5479.39
05.02.2010,5419.18
04.02.2010,5531.07
03.02.2010,5661.26
02.02.2010,5659.21
01.02.2010,5613.19
29.01.2010,5570.19
28.01.2010,5568.20
27.01.2010,5593.99
26.01.2010,5604.80
25.01.2010,5579.35
22.01.2010,5612.12
21.01.2010,5683.46
20.01.2010,5694.09
19.01.2010,5731.98
18.01.2010,5707.52
15.01.2010,5683.32
14.01.2010,5720.94
13.01.2010,5659.10
12.01.2010,5649.43
11.01.2010,5691.22
08.01.2010,5709.40
07.01.2010,5658.43
06.01.2010,5661.26
05.01.2010,5673.58
04.01.2010,5703.14
30.12.2009,5626.40
29.12.2009,5674.39
28.12.2009,5657.90
23.12.2009,5648.15
22.12.2009,5647.05
21.12.2009,5584.67
18.12.2009,5552.99
17.12.2009,5571.12
16.12.2009,5608.29
15.12.2009,5538.15
14.12.2009,5529.97
11.12.2009,5510.46
10.12.2009,5508.23
09.12.2009,5462.21
08.12.2009,5504.53
07.12.2009,5563.60
04.12.2009,5583.84
03.12.2009,5537.08
02.12.2009,5490.54
01.12.2009,5475.85
30.11.2009,5388.37
27.11.2009,5448.78
26.11.2009,5405.15
25.11.2009,5520.93
24.11.2009,5502.93
23.11.2009,5515.40
20.11.2009,5412.71
19.11.2009,5423.97
18.11.2009,5496.39
17.11.2009,5500.32
16.11.2009,5536.24
13.11.2009,5477.95
12.11.2009,5481.13
11.11.2009,5493.31
10.11.2009,5485.61
09.11.2009,5497.21
06.11.2009,5420.83
05.11.2009,5412.69
04.11.2009,5396.20
03.11.2009,5342.56
02.11.2009,5403.60
30.10.2009,5402.58
29.10.2009,5452.28
28.10.2009,5393.50
27.10.2009,5475.74
26.10.2009,5430.24
23.10.2009,5494.36
22.10.2009,5515.25
21.10.2009,5540.83
20.10.2009,5540.68
19.10.2009,5550.38
16.10.2009,5480.81
15.10.2009,5510.91
14.10.2009,5528.41
13.10.2009,5460.21
12.10.2009,5507.33
09.10.2009,5438.39
08.10.2009,5444.87
07.10.2009,5405.34
06.10.2009,5417.63
05.10.2009,5321.39
02.10.2009,5308.94
01.10.2009,5401.11
30.09.2009,5461.31
29.09.2009,5453.52
28.09.2009,5431.34
25.09.2009,5388.32
24.09.2009,5422.02
23.09.2009,5486.43
22.09.2009,5477.30
21.09.2009,5448.59
18.09.2009,5465.66
17.09.2009,5458.61
16.09.2009,5442.62
15.09.2009,5373.55
14.09.2009,5378.45
11.09.2009,5382.52
10.09.2009,5359.32
09.09.2009,5348.60
08.09.2009,5335.26
07.09.2009,5323.47
04.09.2009,5267.12
03.09.2009,5226.09
02.09.2009,5235.32
01.09.2009,5274.08
31.08.2009,5346.17
28.08.2009,5346.00
27.08.2009,5309.32
26.08.2009,5313.86
25.08.2009,5333.52
24.08.2009,5329.47
21.08.2009,5280.90
20.08.2009,5190.87
19.08.2009,5144.37
18.08.2009,5124.09
17.08.2009,5068.29
14.08.2009,5155.36
13.08.2009,5151.67
12.08.2009,5130.51
11.08.2009,5118.14
10.08.2009,5164.74
07.08.2009,5177.64
06.08.2009,5131.66
05.08.2009,5086.96
04.08.2009,5104.54
03.08.2009,5129.03
31.07.2009,5109.40
30.07.2009,5089.39
29.07.2009,4973.16
28.07.2009,4953.45
27.07.2009,4961.65
24.07.2009,4937.15
23.07.2009,4944.17
22.07.2009,4845.30
21.07.2009,4844.56
20.07.2009,4832.44
17.07.2009,4800.90
16.07.2009,4756.92
15.07.2009,4708.11
14.07.2009,4621.74
13.07.2009,4580.15
10.07.2009,4519.90
09.07.2009,4572.78
08.07.2009,4561.16
07.07.2009,4596.37
06.07.2009,4613.55
03.07.2009,4606.65
02.07.2009,4623.04
01.07.2009,4714.93
30.06.2009,4662.64
29.06.2009,4689.08
26.06.2009,4636.49
25.06.2009,4623.46
24.06.2009,4683.93
23.06.2009,4581.82
22.06.2009,4575.71
19.06.2009,4671.34
18.06.2009,4633.58
17.06.2009,4578.03
16.06.2009,4645.80
15.06.2009,4669.51
12.06.2009,4764.89
11.06.2009,4735.32
10.06.2009,4699.77
09.06.2009,4660.18
08.06.2009,4660.94
05.06.2009,4668.00
04.06.2009,4682.64
03.06.2009,4652.78
02.06.2009,4688.29
29.05.2009,4615.16
28.05.2009,4614.59
27.05.2009,4673.33
26.05.2009,4675.38
25.05.2009,4693.68
22.05.2009,4662.54
20.05.2009,4743.73
19.05.2009,4731.36
18.05.2009,4672.51
15.05.2009,4602.49
14.05.2009,4600.95
13.05.2009,4537.21
12.05.2009,4597.50
11.05.2009,4609.99
08.05.2009,4641.91
07.05.2009,4585.75
06.05.2009,4579.92
05.05.2009,4548.68
04.05.2009,4569.05
30.04.2009,4487.52
29.04.2009,4423.26
28.04.2009,4352.62
27.04.2009,4405.59
24.04.2009,4359.80
23.04.2009,4279.26
22.04.2009,4305.08
21.04.2009,4303.80
20.04.2009,4295.95
17.04.2009,4395.91
16.04.2009,4367.81
15.04.2009,4290.28
14.04.2009,4315.43
09.04.2009,4286.42
08.04.2009,4220.86
07.04.2009,4203.95
06.04.2009,4220.83
03.04.2009,4247.68
02.04.2009,4340.64
01.04.2009,4204.26
31.03.2009,4137.35
30.03.2009,3998.55
27.03.2009,4100.57
26.03.2009,4169.52
25.03.2009,4172.09
24.03.2009,4131.84
23.03.2009,4140.56
20.03.2009,4032.30
19.03.2009,4032.28
18.03.2009,4018.53
17.03.2009,4040.44
16.03.2009,4045.48
13.03.2009,3948.39
12.03.2009,3885.26
11.03.2009,3835.21
10.03.2009,3784.32
09.03.2009,3621.61
06.03.2009,3625.55
05.03.2009,3687.19
04.03.2009,3750.06
03.03.2009,3663.36
02.03.2009,3726.90
27.02.2009,3929.92
26.02.2009,3956.50
25.02.2009,3905.94
24.02.2009,3922.94
23.02.2009,3983.60
20.02.2009,4029.56
19.02.2009,4143.82
18.02.2009,4117.97
17.02.2009,4112.33
16.02.2009,4223.13
13.02.2009,4264.05
12.02.2009,4242.74
11.02.2009,4259.95
10.02.2009,4275.95
09.02.2009,4289.79
06.02.2009,4264.07
05.02.2009,4241.85
04.02.2009,4329.16
03.02.2009,4314.26
02.02.2009,4276.46
30.01.2009,4375.72
29.01.2009,4364.36
28.01.2009,4472.64
27.01.2009,4409.93
26.01.2009,4454.64
23.01.2009,4372.10
22.01.2009,4398.80
21.01.2009,4377.97
20.01.2009,4393.07
19.01.2009,4445.22
16.01.2009,4487.51
15.01.2009,4446.27
14.01.2009,4444.60
13.01.2009,4569.72
12.01.2009,4620.33
09.01.2009,4701.11
08.01.2009,4740.84
07.01.2009,4756.90
06.01.2009,4787.95
05.01.2009,4747.31
30.12.2008,4567.57
29.12.2008,4514.37
23.12.2008,4462.28
22.12.2008,4477.33
19.12.2008,4508.01
18.12.2008,4547.46
17.12.2008,4569.73
16.12.2008,4582.82
15.12.2008,4553.68
12.12.2008,4633.20
11.12.2008,4704.14
10.12.2008,4722.79
09.12.2008,4786.48
08.12.2008,4765.22
05.12.2008,4543.38
04.12.2008,4642.68
03.12.2008,4607.55
02.12.2008,4562.41
01.12.2008,4554.59
28.11.2008,4780.29
27.11.2008,4647.75
26.11.2008,4532.63
25.11.2008,4520.57
24.11.2008,4504.37
21.11.2008,4257.41
20.11.2008,4373.73
19.11.2008,4543.74
18.11.2008,4663.84
17.11.2008,4653.68
14.11.2008,4797.20
13.11.2008,4724.22
12.11.2008,4701.47
11.11.2008,4844.80
10.11.2008,5013.78
07.11.2008,4946.48
06.11.2008,4881.31
05.11.2008,5086.55
04.11.2008,5255.49
03.11.2008,5110.60
31.10.2008,5044.85
30.10.2008,4813.58
29.10.2008,4831.09
28.10.2008,4561.01
27.10.2008,4530.87
24.10.2008,4682.67
23.10.2008,4860.50
22.10.2008,4899.12
21.10.2008,5102.46
20.10.2008,5121.22
17.10.2008,5031.60
16.10.2008,4755.98
15.10.2008,4916.56
14.10.2008,5197.00
13.10.2008,4961.89
10.10.2008,4487.20
09.10.2008,4837.80
08.10.2008,5051.12
07.10.2008,5333.52
06.10.2008,5369.22
03.10.2008,5701.94
02.10.2008,5598.83
01.10.2008,5608.46
30.09.2008,5563.93
29.09.2008,5445.68
26.09.2008,5709.49
25.09.2008,5812.89
24.09.2008,5697.21
23.09.2008,5723.05
22.09.2008,5795.08
19.09.2008,5898.23
18.09.2008,5580.72
17.09.2008,5609.97
16.09.2008,5676.18
15.09.2008,5826.92
12.09.2008,6033.06
11.09.2008,5922.05
10.09.2008,5964.88
09.09.2008,6017.74
08.09.2008,6015.39
05.09.2008,5857.78
04.09.2008,5946.61
03.09.2008,6082.24
02.09.2008,6116.22
01.09.2008,6054.18
29.08.2008,6061.78
28.08.2008,6019.62
27.08.2008,5937.61
26.08.2008,5944.74
25.08.2008,5915.88
22.08.2008,5939.95
21.08.2008,5865.04
20.08.2008,5939.68
19.08.2008,5953.65
18.08.2008,6049.25
15.08.2008,6054.89
14.08.2008,6027.30
13.08.2008,6016.52
12.08.2008,6102.04
11.08.2008,6128.57
08.08.2008,6067.24
07.08.2008,6008.01
06.08.2008,6022.65
05.08.2008,5997.19
04.08.2008,5913.72
31.07.2008,5964.48
30.07.2008,5942.20
29.07.2008,5852.02
28.07.2008,5835.43
25.07.2008,5865.01
24.07.2008,5901.22
23.07.2008,5913.29
22.07.2008,5803.50
21.07.2008,5761.30
18.07.2008,5722.54
17.07.2008,5653.04
16.07.2008,5518.96
15.07.2008,5500.76
14.07.2008,5599.37
11.07.2008,5568.22
10.07.2008,5701.73
09.07.2008,5800.33
08.07.2008,5690.09
07.07.2008,5724.02
04.07.2008,5687.77
03.07.2008,5738.62
02.07.2008,5744.93
01.07.2008,5757.64
30.06.2008,5855.52
27.06.2008,5790.78
26.06.2008,5860.14
25.06.2008,5969.93
24.06.2008,5923.67
23.06.2008,5930.71
20.06.2008,5966.09
19.06.2008,6043.12
18.06.2008,6066.37
17.06.2008,6128.45
16.06.2008,6113.98
13.06.2008,6126.49
12.06.2008,6097.66
11.06.2008,6055.63
10.06.2008,6145.81
09.06.2008,6184.76
06.06.2008,6240.35
05.06.2008,6380.35
04.06.2008,6338.95
03.06.2008,6394.03
02.06.2008,6366.62
30.05.2008,6333.56
29.05.2008,6350.20
28.05.2008,6295.80
27.05.2008,6246.07
26.05.2008,6205.82
23.05.2008,6280.89
22.05.2008,6368.49
21.05.2008,6366.41
20.05.2008,6405.61
19.05.2008,6527.77
16.05.2008,6434.43
15.05.2008,6448.59
14.05.2008,6380.15
13.05.2008,6363.83
09.05.2008,6290.45
08.05.2008,6372.35
07.05.2008,6408.37
06.05.2008,6330.78
05.05.2008,6415.76
02.05.2008,6416.30
30.04.2008,6294.68
29.04.2008,6238.68
28.04.2008,6305.16
25.04.2008,6247.41
24.04.2008,6195.12
23.04.2008,6104.23
22.04.2008,6092.82
21.04.2008,6131.77
18.04.2008,6155.43
17.04.2008,5968.65
16.04.2008,6020.68
15.04.2008,5935.37
14.04.2008,5897.30
11.04.2008,5989.01
10.04.2008,6034.90
09.04.2008,6108.61
08.04.2008,6232.22
07.04.2008,6277.98
04.04.2008,6227.36
03.04.2008,6181.59
02.04.2008,6243.90
01.04.2008,6165.70
31.03.2008,5961.47
28.03.2008,5967.91
27.03.2008,5983.78
26.03.2008,5912.74
25.03.2008,5947.81
20.03.2008,5766.65
19.03.2008,5820.40
18.03.2008,5782.53
17.03.2008,5607.38
14.03.2008,5887.20
13.03.2008,5976.06
12.03.2008,5987.34
11.03.2008,5908.28
10.03.2008,5833.23
07.03.2008,5931.00
06.03.2008,5994.96
05.03.2008,6040.62
04.03.2008,5984.46
03.03.2008,6082.96
29.02.2008,6188.55
28.02.2008,6266.41
27.02.2008,6359.60
26.02.2008,6337.86
25.02.2008,6237.31
22.02.2008,6116.57
21.02.2008,6144.27
20.02.2008,6066.56
19.02.2008,6131.40
18.02.2008,6145.58
15.02.2008,6043.72
14.02.2008,6160.07
13.02.2008,6168.29
12.02.2008,6165.28
11.02.2008,6009.54
08.02.2008,6080.33
07.02.2008,6056.40
06.02.2008,6168.12
05.02.2008,6137.07
04.02.2008,6321.23
01.02.2008,6354.02
31.01.2008,6234.18
30.01.2008,6236.68
29.01.2008,6264.46
28.01.2008,6155.43
25.01.2008,6241.94
24.01.2008,6226.52
23.01.2008,5971.89
22.01.2008,6074.62
21.01.2008,5918.64
18.01.2008,6235.47
17.01.2008,6309.73
16.01.2008,6356.56
15.01.2008,6463.24
14.01.2008,6640.15
11.01.2008,6614.08
10.01.2008,6710.78
09.01.2008,6751.91
08.01.2008,6757.95
07.01.2008,6612.89
04.01.2008,6647.47
03.01.2008,6793.14
28.12.2007,6925.44
27.12.2007,6944.42
21.12.2007,6900.22
20.12.2007,6847.80
19.12.2007,6843.90
18.12.2007,6896.47
17.12.2007,6949.15
14.12.2007,7060.05
13.12.2007,7045.29
12.12.2007,7196.59
11.12.2007,7193.94
10.12.2007,7210.38
07.12.2007,7150.21
06.12.2007,7102.40
05.12.2007,7107.43
04.12.2007,7018.70
03.12.2007,7070.37
30.11.2007,7154.69
29.11.2007,7069.87
28.11.2007,7001.82
27.11.2007,6826.90
26.11.2007,6788.45
23.11.2007,6792.41
22.11.2007,6682.74
21.11.2007,6617.88
20.11.2007,6795.54
19.11.2007,6753.61
16.11.2007,6928.81
15.11.2007,7019.01
14.11.2007,7054.97
13.11.2007,6957.91
12.11.2007,6919.63
09.11.2007,6911.39
08.11.2007,7051.88
07.11.2007,7126.42
06.11.2007,7181.73
05.11.2007,7131.13
02.11.2007,7182.38
01.11.2007,7272.74
31.10.2007,7372.14
30.10.2007,7301.69
29.10.2007,7357.00
26.10.2007,7319.94
25.10.2007,7286.23
24.10.2007,7234.40
23.10.2007,7277.21
22.10.2007,7227.51
19.10.2007,7304.42
18.10.2007,7373.67
17.10.2007,7408.81
16.10.2007,7395.12
15.10.2007,7483.63
12.10.2007,7494.64
11.10.2007,7512.91
10.10.2007,7477.86
09.10.2007,7442.55
08.10.2007,7411.95
05.10.2007,7389.42
04.10.2007,7365.78
03.10.2007,7390.15
02.10.2007,7371.53
01.10.2007,7328.45
28.09.2007,7262.53
27.09.2007,7219.62
26.09.2007,7195.45
25.09.2007,7169.21
24.09.2007,7226.21
21.09.2007,7218.66
20.09.2007,7218.82
19.09.2007,7308.55
18.09.2007,7122.96
17.09.2007,7052.42
14.09.2007,7121.90
13.09.2007,7205.29
12.09.2007,7138.29
11.09.2007,7089.28
10.09.2007,7009.12
07.09.2007,7067.97
06.09.2007,7189.34
05.09.2007,7201.12
04.09.2007,7302.63
03.09.2007,7233.24
31.08.2007,7231.45
30.08.2007,7145.04
29.08.2007,7108.19
28.08.2007,7099.16
27.08.2007,7202.45
24.08.2007,7146.90
23.08.2007,7112.49
22.08.2007,7089.53
21.08.2007,6990.32
20.08.2007,6983.62
17.08.2007,6936.40
16.08.2007,6850.07
15.08.2007,7061.31
14.08.2007,6992.60
13.08.2007,7096.46
10.08.2007,7000.24
09.08.2007,7201.84
08.08.2007,7323.94
07.08.2007,7157.88
06.08.2007,7076.68
03.08.2007,7113.28
02.08.2007,7190.24
31.07.2007,7271.66
30.07.2007,7127.30
27.07.2007,7129.40
26.07.2007,7139.37
25.07.2007,7310.92
24.07.2007,7409.53
23.07.2007,7466.38
20.07.2007,7459.26
19.07.2007,7520.41
18.07.2007,7428.53
17.07.2007,7540.26
16.07.2007,7601.81
13.07.2007,7574.38
12.07.2007,7565.51
11.07.2007,7534.13
10.07.2007,7559.24
09.07.2007,7596.14
06.07.2007,7570.44
05.07.2007,7539.74
04.07.2007,7591.87
03.07.2007,7546.85
02.07.2007,7505.66
29.06.2007,7514.07
28.06.2007,7458.75
27.06.2007,7367.54
26.06.2007,7405.11
25.06.2007,7459.32
22.06.2007,7486.93
21.06.2007,7533.58
20.06.2007,7625.57
19.06.2007,7609.47
18.06.2007,7634.71
15.06.2007,7648.79
14.06.2007,7569.23
13.06.2007,7452.91
12.06.2007,7481.66
11.06.2007,7511.84
08.06.2007,7450.48
07.06.2007,7453.20
06.06.2007,7551.52
05.06.2007,7657.76
04.06.2007,7715.13
01.06.2007,7746.54
31.05.2007,7682.32
30.05.2007,7628.09
29.05.2007,7641.63
25.05.2007,7628.76
24.05.2007,7614.41
23.05.2007,7678.08
22.05.2007,7618.45
21.05.2007,7646.93
18.05.2007,7657.77
16.05.2007,7603.91
15.05.2007,7620.36
14.05.2007,7615.92
11.05.2007,7630.65
10.05.2007,7605.14
09.05.2007,7626.29
08.05.2007,7587.88
07.05.2007,7647.57
04.05.2007,7644.82
03.05.2007,7594.94
02.05.2007,7634.10
30.04.2007,7620.11
27.04.2007,7609.91
26.04.2007,7655.55
25.04.2007,7613.97
24.04.2007,7546.47
23.04.2007,7585.84
20.04.2007,7558.24
19.04.2007,7447.89
18.04.2007,7446.56
17.04.2007,7407.32
16.04.2007,7435.69
13.04.2007,7365.76
12.04.2007,7309.08
11.04.2007,7332.14
10.04.2007,7339.80
05.04.2007,7293.49
04.04.2007,7257.11
03.04.2007,7247.63
02.04.2007,7173.11
30.03.2007,7183.53
29.03.2007,7179.96
28.03.2007,7100.32
27.03.2007,7170.75
26.03.2007,7204.92
23.03.2007,7259.77
22.03.2007,7247.45
21.03.2007,7146.91
20.03.2007,7094.00
19.03.2007,7064.57
16.03.2007,6962.95
15.03.2007,6955.09
14.03.2007,6853.21
13.03.2007,7049.26
12.03.2007,7104.30
09.03.2007,7126.88
08.03.2007,7124.53
07.03.2007,7040.07
06.03.2007,6957.55
05.03.2007,6877.09
02.03.2007,6977.27
01.03.2007,6960.79
28.02.2007,6974.44
27.02.2007,7058.26
26.02.2007,7315.13
23.02.2007,7340.80
22.02.2007,7345.89
21.02.2007,7317.24
20.02.2007,7390.19
19.02.2007,7414.40
16.02.2007,7407.77
15.02.2007,7385.15
14.02.2007,7374.17
13.02.2007,7323.91
12.02.2007,7341.40
09.02.2007,7371.58
08.02.2007,7323.81
07.02.2007,7368.52
06.02.2007,7346.90
05.02.2007,7340.21
02.02.2007,7340.04
01.02.2007,7307.27
31.01.2007,7241.78
30.01.2007,7242.24
29.01.2007,7211.84
26.01.2007,7158.49
25.01.2007,7227.50
24.01.2007,7240.03
23.01.2007,7196.52
22.01.2007,7200.17
19.01.2007,7232.38
18.01.2007,7197.03
17.01.2007,7197.25
16.01.2007,7171.38
15.01.2007,7188.17
12.01.2007,7129.93
11.01.2007,7091.34
10.01.2007,6996.38
09.01.2007,7006.67
08.01.2007,6983.72
05.01.2007,7015.51
04.01.2007,7033.63
03.01.2007,7032.74
29.12.2006,6929.18
28.12.2006,6936.82
27.12.2006,6950.95
22.12.2006,6879.49
21.12.2006,6914.10
20.12.2006,6907.60
19.12.2006,6896.88
18.12.2006,6939.71
15.12.2006,6908.09
14.12.2006,6899.15
13.12.2006,6829.92
12.12.2006,6818.90
11.12.2006,6766.03
08.12.2006,6724.10
07.12.2006,6743.73
06.12.2006,6693.74
05.12.2006,6645.89
04.12.2006,6664.60
01.12.2006,6621.07
30.11.2006,6663.75
29.11.2006,6721.62
28.11.2006,6635.46
27.11.2006,6678.73
24.11.2006,6774.18
23.11.2006,6856.32
22.11.2006,6875.83
21.11.2006,6869.80
20.11.2006,6858.84
17.11.2006,6850.03
16.11.2006,6881.77
15.11.2006,6881.16
14.11.2006,6834.88
13.11.2006,6844.59
10.11.2006,6834.18
09.11.2006,6852.48
08.11.2006,6856.47
07.11.2006,6897.22
06.11.2006,6870.58
03.11.2006,6796.92
02.11.2006,6756.27
01.11.2006,6733.14
31.10.2006,6700.40
30.10.2006,6755.83
27.10.2006,6788.27
26.10.2006,6770.31
25.10.2006,6774.49
24.10.2006,6755.23
23.10.2006,6779.00
20.10.2006,6741.73
19.10.2006,6724.17
18.10.2006,6717.33
17.10.2006,6656.12
16.10.2006,6726.39
13.10.2006,6738.76
12.10.2006,6752.66
11.10.2006,6724.09
10.10.2006,6716.92
09.10.2006,6656.83
06.10.2006,6636.57
05.10.2006,6629.85
04.10.2006,6582.51
03.10.2006,6538.83
02.10.2006,6534.75
29.09.2006,6567.56
28.09.2006,6558.31
27.09.2006,6553.68
26.09.2006,6530.12
25.09.2006,6446.96
22.09.2006,6464.50
21.09.2006,6524.18
20.09.2006,6498.32
19.09.2006,6419.24
18.09.2006,6435.75
15.09.2006,6411.43
14.09.2006,6376.73
13.09.2006,6397.76
12.09.2006,6378.29
11.09.2006,6305.08
08.09.2006,6359.73
07.09.2006,6327.77
06.09.2006,6366.51
05.09.2006,6404.22
04.09.2006,6406.94
01.09.2006,6377.78
31.08.2006,6357.87
30.08.2006,6367.20
29.08.2006,6349.66
28.08.2006,6311.20
25.08.2006,6299.84
24.08.2006,6295.65
23.08.2006,6282.94
22.08.2006,6284.29
21.08.2006,6264.61
18.08.2006,6283.52
17.08.2006,6304.05
16.08.2006,6285.77
15.08.2006,6257.76
14.08.2006,6165.49
11.08.2006,6116.27
10.08.2006,6105.91
09.08.2006,6137.27
08.08.2006,6071.48
07.08.2006,6068.12
04.08.2006,6141.98
03.08.2006,6083.68
02.08.2006,6151.09
31.07.2006,6175.15
28.07.2006,6173.50
27.07.2006,6110.25
26.07.2006,6076.37
25.07.2006,6050.09
24.07.2006,6046.42
21.07.2006,5931.20
20.07.2006,5962.95
19.07.2006,5915.30
18.07.2006,5807.34
17.07.2006,5839.99
14.07.2006,5853.24
13.07.2006,5914.27
12.07.2006,6005.42
11.07.2006,5978.63
10.07.2006,6001.60
07.07.2006,5965.80
06.07.2006,6000.48
05.07.2006,5967.19
04.07.2006,6019.99
03.07.2006,6008.19
30.06.2006,5955.64
29.06.2006,5870.06
28.06.2006,5788.21
27.06.2006,5772.23
26.06.2006,5811.92
23.06.2006,5826.43
22.06.2006,5823.25
21.06.2006,5780.33
20.06.2006,5760.81
19.06.2006,5738.62
16.06.2006,5691.80
15.06.2006,5708.48
14.06.2006,5586.67
13.06.2006,5573.99
12.06.2006,5709.34
09.06.2006,5789.23
08.06.2006,5717.72
07.06.2006,5876.43
06.06.2006,5843.39
02.06.2006,5975.32
01.06.2006,5933.68
31.05.2006,5924.57
30.05.2006,5869.59
29.05.2006,5987.22
26.05.2006,5976.62
24.05.2006,5824.15
23.05.2006,5889.25
22.05.2006,5778.58
19.05.2006,5930.78
18.05.2006,5919.83
17.05.2006,5977.60
16.05.2006,6149.84
15.05.2006,6129.67
12.05.2006,6212.36
11.05.2006,6325.13
10.05.2006,6332.07
09.05.2006,6340.86
08.05.2006,6324.92
05.05.2006,6285.98
04.05.2006,6215.75
03.05.2006,6197.04
02.05.2006,6271.50
28.04.2006,6251.53
27.04.2006,6269.96
26.04.2006,6264.41
25.04.2006,6235.05
24.04.2006,6261.14
21.04.2006,6271.76
20.04.2006,6241.49
19.04.2006,6215.32
18.04.2006,6147.98
13.04.2006,6178.99
12.04.2006,6154.77
11.04.2006,6173.13
10.04.2006,6232.52
07.04.2006,6232.42
06.04.2006,6229.23
05.04.2006,6219.60
04.04.2006,6190.11
03.04.2006,6206.34
31.03.2006,6163.39
30.03.2006,6169.12
29.03.2006,6130.95
28.03.2006,6125.28
27.03.2006,6129.74
24.03.2006,6172.46
23.03.2006,6155.36
22.03.2006,6182.01
21.03.2006,6173.81
20.03.2006,6175.51
17.03.2006,6162.17
16.03.2006,6135.65
15.03.2006,6131.56
14.03.2006,6142.41
13.03.2006,6145.67
10.03.2006,6095.15
09.03.2006,6017.18
08.03.2006,5995.95
07.03.2006,6021.37
06.03.2006,6063.84
03.03.2006,6061.05
02.03.2006,6050.42
01.03.2006,6075.75
28.02.2006,6012.26
27.02.2006,6084.58
24.02.2006,6051.98
23.02.2006,6068.62
22.02.2006,6105.55
21.02.2006,6078.54
20.02.2006,6039.98
17.02.2006,6014.36
16.02.2006,6006.64
15.02.2006,5929.55
14.02.2006,5988.75
13.02.2006,5991.82
10.02.2006,5973.56
09.02.2006,5979.71
08.02.2006,5947.96
07.02.2006,5952.59
06.02.2006,5954.78
03.02.2006,5954.72
02.02.2006,5917.74
01.02.2006,5948.78
31.01.2006,5928.95
30.01.2006,5912.75
27.01.2006,5904.32
26.01.2006,5875.77
25.01.2006,5826.92
24.01.2006,5834.18
23.01.2006,5839.84
20.01.2006,5839.37
19.01.2006,5890.47
18.01.2006,5861.67
17.01.2006,5903.46
16.01.2006,5939.35
13.01.2006,5914.65
12.01.2006,5910.93
11.01.2006,5876.23
10.01.2006,5811.98
09.01.2006,5849.79
06.01.2006,5850.81
05.01.2006,5837.78
04.01.2006,5851.15
03.01.2006,5780.41
30.12.2005,5742.41
29.12.2005,5765.29
28.12.2005,5721.06
27.12.2005,5711.45
23.12.2005,5674.03
22.12.2005,5686.73
21.12.2005,5707.41
20.12.2005,5682.81
19.12.2005,5692.10
16.12.2005,5663.82
15.12.2005,5639.56
14.12.2005,5681.13
13.12.2005,5722.66
12.12.2005,5714.89
09.12.2005,5716.48
08.12.2005,5712.21
07.12.2005,5732.14
06.12.2005,5747.10
05.12.2005,5730.66
02.12.2005,5732.20
01.12.2005,5691.90
30.11.2005,5601.68
29.11.2005,5624.34
28.11.2005,5613.74
25.11.2005,5669.12
24.11.2005,5650.02
23.11.2005,5664.50
22.11.2005,5644.33
21.11.2005,5632.25
18.11.2005,5617.29
17.11.2005,5547.36
16.11.2005,5505.04
15.11.2005,5544.75
14.11.2005,5537.73
11.11.2005,5563.78
10.11.2005,5490.08
09.11.2005,5485.02
08.11.2005,5498.08
07.11.2005,5496.27
04.11.2005,5462.27
03.11.2005,5466.11
02.11.2005,5397.09
01.11.2005,5383.51
31.10.2005,5338.40
28.10.2005,5221.61
27.10.2005,5253.50
26.10.2005,5295.02
25.10.2005,5272.24
24.10.2005,5253.48
21.10.2005,5207.01
20.10.2005,5234.28
19.10.2005,5187.48
18.10.2005,5283.90
17.10.2005,5243.53
14.10.2005,5233.64
13.10.2005,5233.28
12.10.2005,5275.60
11.10.2005,5309.04
10.10.2005,5297.15
07.10.2005,5293.58
06.10.2005,5292.04
05.10.2005,5358.30
04.10.2005,5371.95
03.10.2005,5346.17
30.09.2005,5271.01
29.09.2005,5237.18
28.09.2005,5266.81
27.09.2005,5228.12
26.09.2005,5229.51
23.09.2005,5181.37
22.09.2005,5147.05
21.09.2005,5167.57
20.09.2005,5220.31
19.09.2005,5196.42
16.09.2005,5198.02
15.09.2005,5157.40
14.09.2005,5142.54
13.09.2005,5116.31
12.09.2005,5139.25
09.09.2005,5117.54
08.09.2005,5100.40
07.09.2005,5102.37
06.09.2005,5047.24
05.09.2005,4998.19
02.09.2005,4991.38
01.09.2005,5005.49
31.08.2005,4977.17
30.08.2005,4944.82
29.08.2005,4937.75
26.08.2005,4925.01
25.08.2005,4949.78
24.08.2005,4988.17
23.08.2005,5010.43
22.08.2005,5051.88
19.08.2005,5059.53
18.08.2005,5028.18
17.08.2005,5053.39
16.08.2005,5058.99
15.08.2005,5055.58
12.08.2005,5062.28
11.08.2005,5084.18
10.08.2005,5090.99
09.08.2005,5055.90
08.08.2005,5052.37
05.08.2005,5033.13
04.08.2005,5039.72
03.08.2005,5067.41
02.08.2005,5076.25
01.08.2005,5032.11
29.07.2005,5025.01
28.07.2005,5029.87
27.07.2005,4994.99
26.07.2005,4964.90
25.07.2005,4951.06
22.07.2005,4944.96
21.07.2005,4939.66
20.07.2005,4950.75
19.07.2005,4933.05
18.07.2005,4919.88
15.07.2005,4916.48
14.07.2005,4909.55
13.07.2005,4870.06
12.07.2005,4820.08
11.07.2005,4838.67
08.07.2005,4804.43
07.07.2005,4755.78
06.07.2005,4799.37
05.07.2005,4778.32
04.07.2005,4777.61
01.07.2005,4771.11
30.06.2005,4752.39
29.06.2005,4755.96
28.06.2005,4718.69
27.06.2005,4703.42
24.06.2005,4728.28
23.06.2005,4763.36
22.06.2005,4770.74
21.06.2005,4775.61
20.06.2005,4735.37
17.06.2005,4754.63
16.06.2005,4751.42
15.06.2005,4748.84
14.06.2005,4757.50
13.06.2005,4754.67
10.06.2005,4732.84
09.06.2005,4733.82
08.06.2005,4728.71
07.06.2005,4727.53
06.06.2005,4691.31
03.06.2005,4706.65
02.06.2005,4718.59
01.06.2005,4704.55
31.05.2005,4645.39
30.05.2005,4667.03
27.05.2005,4667.09
26.05.2005,4652.55
25.05.2005,4620.81
24.05.2005,4609.61
23.05.2005,4579.15
20.05.2005,4566.69
19.05.2005,4563.28
18.05.2005,4548.28
17.05.2005,4512.37
13.05.2005,4512.58
12.05.2005,4516.11
11.05.2005,4492.07
10.05.2005,4491.09
09.05.2005,4551.49
06.05.2005,4566.17
04.05.2005,4534.37
03.05.2005,4489.38
02.05.2005,4484.77
29.04.2005,4444.06
28.04.2005,4427.51
27.04.2005,4422.01
26.04.2005,4478.56
25.04.2005,4469.80
22.04.2005,4480.12
21.04.2005,4453.39
20.04.2005,4460.72
19.04.2005,4484.36
18.04.2005,4447.49
15.04.2005,4520.67
14.04.2005,4535.39
13.04.2005,4524.27
12.04.2005,4505.29
11.04.2005,4522.63
08.04.2005,4524.17
07.04.2005,4526.26
06.04.2005,4510.03
05.04.2005,4470.68
04.04.2005,4440.26
01.04.2005,4473.72
31.03.2005,4456.72
30.03.2005,4457.45
29.03.2005,4474.02
24.03.2005,4460.00
23.03.2005,4452.34
22.03.2005,4449.04
21.03.2005,4445.78
18.03.2005,4440.14
17.03.2005,4461.05
16.03.2005,4471.79
15.03.2005,4518.76
14.03.2005,4484.18
11.03.2005,4490.44
10.03.2005,4471.28
09.03.2005,4485.88
08.03.2005,4494.66
07.03.2005,4518.14
04.03.2005,4513.74
03.03.2005,4490.76
02.03.2005,4491.93
01.03.2005,4465.87
28.02.2005,4435.52
25.02.2005,4437.11
24.02.2005,4399.19
23.02.2005,4387.16
22.02.2005,4420.74
21.02.2005,4434.73
18.02.2005,4417.08
17.02.2005,4401.48
16.02.2005,4392.22
15.02.2005,4424.57
14.02.2005,4421.55
11.02.2005,4421.12
10.02.2005,4390.30
09.02.2005,4383.13
08.02.2005,4392.72
07.02.2005,4384.04
04.02.2005,4363.04
03.02.2005,4342.58
02.02.2005,4325.30
01.02.2005,4324.85
31.01.2005,4305.72
28.01.2005,4288.54
27.01.2005,4303.48
26.01.2005,4300.16
25.01.2005,4297.05
24.01.2005,4285.03
21.01.2005,4277.91
20.01.2005,4272.08
19.01.2005,4286.75
18.01.2005,4277.75
17.01.2005,4291.68
14.01.2005,4267.54
13.01.2005,4235.99
12.01.2005,4220.94
11.01.2005,4252.50
10.01.2005,4265.26
07.01.2005,4266.76
06.01.2005,4271.48
05.01.2005,4259.73
04.01.2005,4294.56
03.01.2005,4289.16
30.12.2004,4234.56
29.12.2004,4233.34
28.12.2004,4226.88
27.12.2004,4226.79
23.12.2004,4233.15
22.12.2004,4227.28
21.12.2004,4193.70
20.12.2004,4199.16
17.12.2004,4165.40
16.12.2004,4195.28
15.12.2004,4187.55
14.12.2004,4196.82
13.12.2004,4177.60
10.12.2004,4147.41
09.12.2004,4129.16
08.12.2004,4135.13
07.12.2004,4131.68
06.12.2004,4103.96
03.12.2004,4128.61
02.12.2004,4138.18
01.12.2004,4097.44
30.11.2004,4052.75
29.11.2004,4103.99
26.11.2004,4124.02
25.11.2004,4122.20
24.11.2004,4090.45
23.11.2004,4105.18
22.11.2004,4128.27
19.11.2004,4159.63
18.11.2004,4205.17
17.11.2004,4209.16
16.11.2004,4189.38
15.11.2004,4204.62
12.11.2004,4214.24
11.11.2004,4184.29
10.11.2004,4155.73
09.11.2004,4129.71
08.11.2004,4150.08
05.11.2004,4165.52
04.11.2004,4118.01
03.11.2004,4110.38
02.11.2004,4071.70
01.11.2004,4027.66
29.10.2004,3987.28
28.10.2004,4022.24
27.10.2004,3996.40
26.10.2004,3964.39
25.10.2004,3950.41
22.10.2004,4007.81
21.10.2004,4011.35
20.10.2004,3995.34
19.10.2004,4023.78
18.10.2004,3986.98
15.10.2004,3986.81
14.10.2004,4014.65
13.10.2004,4056.09
12.10.2004,4043.19
11.10.2004,4064.64
08.10.2004,4085.64
07.10.2004,4106.89
06.10.2004,4146.86
05.10.2004,4147.97
04.10.2004,4152.45
01.10.2004,4100.13
30.09.2004,4057.34
29.09.2004,4099.99
28.09.2004,4075.98
27.09.2004,4038.18
24.09.2004,4067.70
23.09.2004,4078.92
22.09.2004,4123.01
21.09.2004,4145.01
20.09.2004,4108.93
17.09.2004,4105.47
16.09.2004,4091.08
15.09.2004,4098.02
14.09.2004,4099.09
13.09.2004,4121.66
10.09.2004,4095.51
09.09.2004,4082.51
08.09.2004,4105.63
07.09.2004,4109.19
06.09.2004,4096.32
03.09.2004,4069.97
02.09.2004,4034.47
01.09.2004,4047.91
31.08.2004,4016.27
30.08.2004,4036.60
27.08.2004,4044.75
26.08.2004,4022.60
25.08.2004,3985.14
24.08.2004,3987.62
23.08.2004,3994.87
20.08.2004,3956.92
19.08.2004,3962.40
18.08.2004,3941.62
17.08.2004,3976.20
16.08.2004,3958.45
13.08.2004,3928.35
12.08.2004,3958.40
11.08.2004,3968.60
10.08.2004,3980.65
09.08.2004,3962.76
06.08.2004,3995.03
05.08.2004,4075.69
04.08.2004,4079.05
03.08.2004,4128.68
02.08.2004,4092.78
30.07.2004,4098.61
29.07.2004,4103.74
28.07.2004,4077.13
27.07.2004,4068.12
26.07.2004,4028.66
23.07.2004,4055.30
22.07.2004,4050.59
21.07.2004,4112.62
20.07.2004,4067.89
19.07.2004,4029.22
16.07.2004,4052.75
15.07.2004,4061.70
14.07.2004,4109.85
13.07.2004,4102.10
12.07.2004,4104.79
09.07.2004,4114.74
08.07.2004,4135.91
07.07.2004,4111.26
06.07.2004,4117.02
05.07.2004,4145.40
02.07.2004,4160.00
01.07.2004,4173.04
30.06.2004,4166.47
29.06.2004,4213.54
28.06.2004,4225.26
25.06.2004,4207.45
24.06.2004,4203.22
23.06.2004,4190.18
22.06.2004,4192.75
21.06.2004,4231.48
18.06.2004,4215.37
17.06.2004,4222.58
16.06.2004,4225.41
15.06.2004,4199.61
14.06.2004,4174.41
11.06.2004,4213.27
10.06.2004,4206.06
09.06.2004,4229.63
08.06.2004,4240.75
07.06.2004,4246.96
04.06.2004,4206.96
03.06.2004,4184.87
02.06.2004,4163.85
01.06.2004,4134.03
28.05.2004,4161.31
27.05.2004,4213.32
26.05.2004,4189.37
25.05.2004,4170.16
24.05.2004,4193.32
21.05.2004,4166.82
19.05.2004,4208.25
18.05.2004,4155.04
17.05.2004,4132.97
14.05.2004,4188.24
13.05.2004,4206.25
12.05.2004,4159.72
11.05.2004,4208.90
10.05.2004,4154.51
07.05.2004,4286.81
06.05.2004,4291.26
05.05.2004,4331.23
04.05.2004,4288.54
03.05.2004,4281.06
30.04.2004,4252.39
29.04.2004,4258.51
28.04.2004,4269.66
27.04.2004,4306.19
26.04.2004,4314.27
23.04.2004,4270.56
22.04.2004,4247.55
21.04.2004,4245.77
20.04.2004,4270.48
19.04.2004,4241.58
16.04.2004,4229.89
15.04.2004,4222.29
14.04.2004,4205.20
13.04.2004,4236.17
08.04.2004,4228.65
07.04.2004,4205.17
06.04.2004,4201.26
05.04.2004,4232.99
02.04.2004,4211.32
01.04.2004,4164.45
31.03.2004,4098.04
30.03.2004,4097.90
29.03.2004,4111.39
26.03.2004,4073.54
25.03.2004,4075.05
24.03.2004,4011.59
23.03.2004,4015.52
22.03.2004,3987.98
19.03.2004,4095.49
18.03.2004,4087.59
17.03.2004,4143.35
16.03.2004,4112.84
15.03.2004,4096.41
12.03.2004,4154.04
11.03.2004,4158.04
10.03.2004,4278.35
09.03.2004,4268.56
08.03.2004,4288.98
05.03.2004,4294.96
04.03.2004,4319.43
03.03.2004,4277.22
02.03.2004,4291.70
01.03.2004,4246.29
27.02.2004,4221.28
26.02.2004,4205.94
25.02.2004,4214.07
24.02.2004,4210.47
23.02.2004,4264.25
20.02.2004,4246.92
19.02.2004,4259.29
18.02.2004,4228.44
17.02.2004,4256.46
16.02.2004,4248.11
13.02.2004,4240.62
12.02.2004,4238.07
11.02.2004,4259.92
10.02.2004,4257.65
09.02.2004,4251.55
06.02.2004,4209.26
05.02.2004,4169.78
04.02.2004,4180.25
03.02.2004,4154.36
02.02.2004,4188.92
30.01.2004,4152.32
29.01.2004,4170.22
28.01.2004,4195.42
27.01.2004,4185.99
26.01.2004,4157.66
23.01.2004,4166.34
22.01.2004,4136.19
21.01.2004,4109.15
20.01.2004,4096.94
19.01.2004,4118.96
16.01.2004,4115.32
15.01.2004,4068.69
14.01.2004,4062.66
13.01.2004,4016.71
12.01.2004,3981.89
09.01.2004,4025.16
08.01.2004,4046.58
07.01.2004,4028.70
06.01.2004,4037.99
05.01.2004,4029.01
30.12.2003,3961.58
29.12.2003,3931.16
23.12.2003,3911.68
22.12.2003,3892.85
19.12.2003,3907.72
18.12.2003,3908.26
17.12.2003,3867.08
16.12.2003,3883.90
15.12.2003,3912.77
12.12.2003,3892.75
11.12.2003,3895.47
10.12.2003,3856.74
09.12.2003,3891.00
08.12.2003,3871.87
05.12.2003,3876.77
04.12.2003,3919.51
03.12.2003,3924.52
02.12.2003,3883.42
01.12.2003,3881.74
28.11.2003,3842.74
27.11.2003,3841.26
26.11.2003,3824.90
25.11.2003,3831.88
24.11.2003,3826.36
21.11.2003,3761.22
20.11.2003,3756.13
19.11.2003,3753.80
18.11.2003,3793.31
17.11.2003,3809.14
14.11.2003,3877.43
13.11.2003,3848.76
12.11.2003,3812.19
11.11.2003,3806.77
10.11.2003,3796.61
07.11.2003,3835.56
06.11.2003,3787.63
05.11.2003,3764.87
04.11.2003,3798.32
03.11.2003,3842.24
31.10.2003,3769.49
30.10.2003,3775.43
29.10.2003,3743.17
28.10.2003,3746.00
27.10.2003,3724.15
24.10.2003,3700.20
23.10.2003,3698.20
22.10.2003,3735.61
21.10.2003,3789.27
20.10.2003,3796.41
17.10.2003,3783.72
16.10.2003,3791.73
15.10.2003,3790.74
14.10.2003,3782.46
13.10.2003,3793.67
10.10.2003,3746.25
09.10.2003,3753.00
08.10.2003,3704.51
07.10.2003,3687.10
06.10.2003,3710.30
03.10.2003,3737.14
02.10.2003,3651.95
01.10.2003,3636.46
30.09.2003,3626.43
29.09.2003,3667.42
26.09.2003,3684.26
25.09.2003,3704.43
24.09.2003,3754.68
23.09.2003,3740.99
22.09.2003,3773.24
19.09.2003,3855.39
18.09.2003,3884.34
17.09.2003,3866.93
16.09.2003,3846.31
15.09.2003,3818.00
12.09.2003,3801.65
11.09.2003,3805.35
10.09.2003,3801.71
09.09.2003,3798.60
08.09.2003,3822.53
05.09.2003,3805.07
04.09.2003,3797.81
03.09.2003,3792.97
02.09.2003,3719.10
01.09.2003,3739.17
29.08.2003,3674.70
28.08.2003,3723.14
27.08.2003,3706.28
26.08.2003,3688.65
25.08.2003,3699.88
22.08.2003,3751.83
21.08.2003,3721.07
20.08.2003,3683.20
19.08.2003,3703.86
18.08.2003,3688.91
15.08.2003,3668.65
14.08.2003,3625.19
13.08.2003,3596.36
12.08.2003,3604.75
11.08.2003,3573.29
08.08.2003,3575.15
07.08.2003,3560.43
06.08.2003,3568.38
05.08.2003,3601.93
04.08.2003,3563.67
01.08.2003,3599.70
31.07.2003,3620.38
30.07.2003,3596.62
29.07.2003,3562.27
28.07.2003,3570.05
25.07.2003,3529.94
24.07.2003,3545.35
23.07.2003,3499.48
22.07.2003,3479.71
21.07.2003,3484.06
18.07.2003,3504.59
17.07.2003,3501.89
16.07.2003,3525.45
15.07.2003,3535.93
14.07.2003,3550.97
11.07.2003,3503.65
10.07.2003,3466.80
09.07.2003,3473.19
08.07.2003,3505.59
07.07.2003,3517.45
04.07.2003,3446.07
03.07.2003,3444.60
02.07.2003,3421.82
01.07.2003,3361.85
30.06.2003,3437.73
27.06.2003,3459.41
26.06.2003,3456.46
25.06.2003,3445.79
24.06.2003,3443.64
23.06.2003,3443.99
20.06.2003,3517.26
19.06.2003,3506.64
18.06.2003,3556.37
17.06.2003,3529.01
16.06.2003,3495.65
13.06.2003,3427.04
12.06.2003,3484.50
11.06.2003,3458.46
10.06.2003,3421.17
06.06.2003,3419.33
05.06.2003,3363.30
04.06.2003,3389.89
03.06.2003,3365.93
02.06.2003,3393.30
30.05.2003,3310.52
28.05.2003,3329.62
27.05.2003,3263.14
26.05.2003,3245.10
23.05.2003,3269.11
22.05.2003,3263.69
21.05.2003,3184.84
20.05.2003,3227.65
19.05.2003,3209.08
16.05.2003,3276.10
15.05.2003,3256.68
14.05.2003,3244.52
13.05.2003,3237.22
12.05.2003,3198.13
09.05.2003,3218.21
08.05.2003,3223.82
07.05.2003,3297.21
06.05.2003,3304.84
05.05.2003,3265.39
02.05.2003,3220.02
30.04.2003,3235.31
29.04.2003,3212.84
28.04.2003,3242.31
25.04.2003,3187.02
24.04.2003,3215.22
23.04.2003,3261.43
22.04.2003,3220.20
17.04.2003,3214.39
16.04.2003,3222.17
15.04.2003,3252.02
14.04.2003,3178.30
11.04.2003,3149.41
10.04.2003,3099.26
09.04.2003,3164.46
08.04.2003,3142.15
07.04.2003,3159.86
04.04.2003,3087.52
03.04.2003,3042.55
02.04.2003,3005.82
01.04.2003,2914.60
31.03.2003,2882.43
28.03.2003,2962.41
27.03.2003,2951.78
26.03.2003,2987.57
25.03.2003,2996.06
24.03.2003,2974.94
21.03.2003,3121.09
20.03.2003,3010.09
19.03.2003,2993.01
18.03.2003,2926.65
17.03.2003,2900.74
14.03.2003,2825.76
13.03.2003,2679.89
12.03.2003,2603.37
11.03.2003,2632.91
10.03.2003,2643.19
07.03.2003,2741.90
06.03.2003,2781.45
05.03.2003,2785.79
04.03.2003,2839.85
03.03.2003,2933.19
28.02.2003,2907.11
27.02.2003,2861.25
26.02.2003,2845.39
25.02.2003,2873.40
24.02.2003,2931.68
21.02.2003,2963.78
20.02.2003,2954.85
19.02.2003,2951.85
18.02.2003,3025.16
17.02.2003,3056.94
14.02.2003,2990.05
13.02.2003,2918.01
12.02.2003,2915.64
11.02.2003,2982.91
10.02.2003,2918.45
07.02.2003,2960.73
06.02.2003,2984.36
05.02.2003,3066.13
04.02.2003,3048.78
03.02.2003,3123.71
31.01.2003,3089.68
30.01.2003,3081.59
29.01.2003,3029.90
28.01.2003,3015.55
27.01.2003,3027.03
24.01.2003,3136.77
23.01.2003,3170.21
22.01.2003,3170.01
21.01.2003,3255.16
20.01.2003,3272.52
17.01.2003,3321.32
16.01.2003,3370.79
15.01.2003,3391.01
14.01.2003,3459.71
13.01.2003,3410.45
10.01.2003,3389.29
09.01.2003,3389.64
08.01.2003,3405.45
07.01.2003,3411.90
06.01.2003,3430.28
03.01.2003,3417.43
30.12.2002,3245.50
27.12.2002,3209.09
23.12.2002,3309.28
20.12.2002,3337.77
19.12.2002,3341.09
18.12.2002,3356.58
17.12.2002,3418.85
16.12.2002,3442.48
13.12.2002,3385.86
12.12.2002,3407.57
11.12.2002,3423.98
10.12.2002,3422.18
09.12.2002,3392.60
06.12.2002,3438.78
05.12.2002,3451.89
04.12.2002,3491.15
03.12.2002,3490.59
02.12.2002,3585.52
29.11.2002,3561.69
28.11.2002,3580.10
27.11.2002,3599.00
26.11.2002,3539.76
25.11.2002,3579.13
22.11.2002,3584.02
21.11.2002,3565.01
20.11.2002,3498.26
19.11.2002,3478.95
18.11.2002,3501.09
15.11.2002,3498.54
14.11.2002,3443.95
13.11.2002,3368.72
12.11.2002,3385.19
11.11.2002,3343.83
08.11.2002,3380.12
07.11.2002,3415.46
06.11.2002,3486.49
05.11.2002,3502.28
04.11.2002,3494.50
01.11.2002,3406.67
31.10.2002,3442.53
30.10.2002,3401.27
29.10.2002,3312.07
28.10.2002,3411.14
25.10.2002,3433.97
24.10.2002,3407.36
23.10.2002,3322.09
22.10.2002,3395.74
21.10.2002,3420.19
18.10.2002,3452.97
17.10.2002,3464.51
16.10.2002,3416.55
15.10.2002,3461.79
14.10.2002,3281.04
11.10.2002,3310.08
10.10.2002,3153.42
09.10.2002,3095.92
08.10.2002,3138.05
07.10.2002,3183.83
04.10.2002,3258.46
03.10.2002,3332.14
02.10.2002,3372.69
01.10.2002,3292.04
30.09.2002,3336.21
27.09.2002,3415.40
26.09.2002,3406.91
25.09.2002,3243.34
24.09.2002,3190.10
23.09.2002,3193.19
20.09.2002,3309.07
19.09.2002,3305.07
18.09.2002,3363.21
17.09.2002,3429.34
16.09.2002,3460.31
13.09.2002,3460.38
12.09.2002,3542.09
11.09.2002,3652.77
10.09.2002,3571.13
09.09.2002,3511.75
06.09.2002,3559.01
05.09.2002,3465.93
04.09.2002,3470.97
03.09.2002,3446.33
02.09.2002,3562.88
30.08.2002,3652.39
29.08.2002,3586.70
28.08.2002,3678.62
27.08.2002,3823.61
26.08.2002,3782.08
23.08.2002,3824.20
22.08.2002,3833.42
21.08.2002,3811.47
20.08.2002,3742.47
19.08.2002,3842.09
16.08.2002,3754.47
15.08.2002,3766.81
14.08.2002,3662.49
13.08.2002,3687.37
12.08.2002,3636.94
09.08.2002,3689.19
08.08.2002,3646.47
07.08.2002,3523.49
06.08.2002,3569.30
05.08.2002,3395.24
02.08.2002,3522.24
01.08.2002,3559.72
31.07.2002,3623.48
30.07.2002,3632.58
29.07.2002,3664.06
26.07.2002,3503.19
25.07.2002,3427.53
24.07.2002,3234.84
23.07.2002,3262.26
22.07.2002,3314.62
19.07.2002,3498.09
18.07.2002,3689.69
17.07.2002,3706.01
16.07.2002,3658.20
15.07.2002,3746.08
12.07.2002,3911.01
11.07.2002,3867.54
10.07.2002,4023.31
09.07.2002,4147.14
08.07.2002,4170.08
05.07.2002,4169.92
04.07.2002,4053.61
03.07.2002,3963.86
02.07.2002,4063.18
01.07.2002,4146.72
28.06.2002,4146.93
27.06.2002,3979.29
26.06.2002,3919.18
25.06.2002,4023.73
24.06.2002,3902.35
21.06.2002,4030.79
20.06.2002,4023.65
19.06.2002,4148.48
18.06.2002,4213.68
17.06.2002,4269.49
14.06.2002,4153.43
13.06.2002,4205.63
12.06.2002,4264.96
11.06.2002,4389.80
10.06.2002,4347.46
07.06.2002,4335.71
06.06.2002,4411.94
05.06.2002,4436.43
04.06.2002,4442.31
03.06.2002,4529.68
31.05.2002,4546.05
30.05.2002,4523.85
29.05.2002,4559.23
28.05.2002,4550.01
27.05.2002,4565.67
24.05.2002,4543.34
23.05.2002,4536.18
22.05.2002,4553.35
21.05.2002,4575.14
20.05.2002,4564.49
17.05.2002,4586.90
16.05.2002,4615.13
15.05.2002,4599.06
14.05.2002,4566.84
13.05.2002,4529.52
10.05.2002,4508.76
09.05.2002,4542.65
08.05.2002,4540.36
07.05.2002,4466.67
06.05.2002,4529.34
03.05.2002,4544.63
02.05.2002,4515.65
30.04.2002,4519.16
29.04.2002,4525.27
26.04.2002,4503.45
25.04.2002,4541.01
24.04.2002,4598.15
23.04.2002,4594.98
22.04.2002,4600.12
19.04.2002,4597.10
18.04.2002,4599.26
17.04.2002,4601.89
16.04.2002,4578.03
15.04.2002,4536.31
12.04.2002,4522.59
11.04.2002,4527.60
10.04.2002,4580.77
09.04.2002,4556.94
08.04.2002,4521.36
05.04.2002,4572.06
04.04.2002,4575.79
03.04.2002,4591.52
02.04.2002,4573.11
28.03.2002,4561.61
27.03.2002,4545.63
26.03.2002,4537.96
25.03.2002,4515.98
22.03.2002,4519.69
21.03.2002,4506.75
20.03.2002,4513.65
19.03.2002,4524.13
18.03.2002,4518.81
15.03.2002,4485.27
14.03.2002,4468.83
13.03.2002,4437.94
12.03.2002,4410.21
11.03.2002,4438.62
08.03.2002,4460.83
07.03.2002,4399.70
06.03.2002,4380.48
05.03.2002,4376.22
04.03.2002,4393.54
01.03.2002,4332.68
28.02.2002,4332.86
27.02.2002,4310.91
26.02.2002,4240.05
25.02.2002,4255.18
22.02.2002,4224.52
21.02.2002,4253.44
20.02.2002,4232.31
19.02.2002,4247.13
18.02.2002,4350.83
15.02.2002,4374.97
14.02.2002,4377.77
13.02.2002,4322.32
12.02.2002,4270.03
11.02.2002,4286.25
08.02.2002,4262.79
07.02.2002,4251.30
06.02.2002,4175.97
05.02.2002,4194.14
04.02.2002,4237.35
01.02.2002,4261.93
31.01.2002,4265.15
30.01.2002,4246.22
29.01.2002,4319.18
28.01.2002,4378.10
25.01.2002,4351.95
24.01.2002,4364.93
23.01.2002,4313.52
22.01.2002,4284.46
21.01.2002,4263.81
18.01.2002,4303.57
17.01.2002,4319.58
16.01.2002,4269.13
15.01.2002,4305.72
14.01.2002,4311.61
11.01.2002,4389.29
10.01.2002,4355.44
09.01.2002,4354.48
08.01.2002,4321.85
07.01.2002,4368.06
04.01.2002,4372.28
03.01.2002,4359.12
02.01.2002,4351.45
28.12.2001,4382.94
27.12.2001,4374.90
21.12.2001,4340.79
20.12.2001,4296.84
19.12.2001,4231.51
18.12.2001,4282.94
17.12.2001,4302.98
14.12.2001,4228.23
13.12.2001,4273.20
12.12.2001,4315.98
11.12.2001,4324.06
10.12.2001,4340.72
07.12.2001,4398.69
06.12.2001,4407.06
05.12.2001,4409.71
04.12.2001,4346.82
03.12.2001,4259.32
30.11.2001,4260.27
29.11.2001,4296.55
28.11.2001,4289.90
27.11.2001,4367.96
26.11.2001,4406.64
23.11.2001,4399.00
22.11.2001,4451.80
21.11.2001,4424.67
20.11.2001,4417.91
19.11.2001,4496.30
16.11.2001,4464.20
15.11.2001,4447.49
14.11.2001,4363.20
13.11.2001,4336.97
12.11.2001,4236.68
09.11.2001,4307.15
08.11.2001,4339.98
07.11.2001,4244.37
06.11.2001,4234.34
05.11.2001,4226.83
02.11.2001,4163.70
01.11.2001,4149.82
31.10.2001,4137.99
30.10.2001,4089.15
29.10.2001,4176.38
26.10.2001,4253.84
25.10.2001,4213.23
24.10.2001,4267.62
23.10.2001,4263.71
22.10.2001,4197.46
19.10.2001,4129.11
18.10.2001,4144.81
17.10.2001,4106.45
16.10.2001,4082.64
15.10.2001,4082.97
12.10.2001,4110.68
11.10.2001,4151.23
10.10.2001,4064.84
09.10.2001,4037.50
08.10.2001,4047.75
05.10.2001,4049.18
04.10.2001,4086.64
03.10.2001,3985.58
02.10.2001,4021.86
01.10.2001,4032.03
28.09.2001,4085.51
27.09.2001,3968.87
26.09.2001,3920.27
25.09.2001,3858.78
24.09.2001,3754.35
21.09.2001,3546.60
20.09.2001,3735.14
19.09.2001,3908.69
18.09.2001,3956.96
17.09.2001,4004.50
14.09.2001,3903.15
13.09.2001,4080.07
12.09.2001,4042.86
11.09.2001,3955.34
10.09.2001,4238.06
07.09.2001,4323.05
06.09.2001,4410.84
05.09.2001,4482.96
04.09.2001,4519.43
03.09.2001,4458.20
31.08.2001,4540.71
30.08.2001,4511.31
29.08.2001,4545.41
28.08.2001,4599.50
27.08.2001,4663.22
24.08.2001,4633.31
23.08.2001,4574.22
22.08.2001,4599.42
21.08.2001,4643.99
20.08.2001,4585.22
17.08.2001,4610.48
16.08.2001,4644.94
15.08.2001,4686.85
14.08.2001,4712.31
13.08.2001,4645.73
10.08.2001,4594.87
09.08.2001,4654.38
08.08.2001,4749.08
07.08.2001,4761.26
06.08.2001,4765.61
03.08.2001,4755.23
02.08.2001,4792.86
01.08.2001,4775.11
31.07.2001,4732.71
30.07.2001,4713.57
27.07.2001,4681.22
26.07.2001,4635.32
25.07.2001,4628.45
24.07.2001,4691.64
23.07.2001,4790.88
20.07.2001,4793.13
19.07.2001,4833.85
18.07.2001,4750.25
17.07.2001,4775.05
16.07.2001,4800.84
13.07.2001,4804.87
12.07.2001,4799.65
11.07.2001,4726.98
10.07.2001,4783.56
09.07.2001,4839.40
06.07.2001,4837.37
05.07.2001,4924.60
04.07.2001,4964.46
03.07.2001,5003.83
02.07.2001,5048.65
29.06.2001,5006.54
28.06.2001,4950.23
27.06.2001,4852.99
26.06.2001,4898.93
25.06.2001,4961.49
22.06.2001,4957.15
21.06.2001,4997.48
20.06.2001,4996.01
19.06.2001,5039.58
18.06.2001,5071.58
15.06.2001,5084.82
14.06.2001,5114.34
13.06.2001,5179.67
12.06.2001,5133.83
11.06.2001,5196.28
08.06.2001,5227.55
07.06.2001,5251.39
06.06.2001,5246.05
05.06.2001,5247.32
01.06.2001,5206.79
31.05.2001,5183.45
30.05.2001,5222.72
29.05.2001,5258.14
28.05.2001,5289.08
25.05.2001,5296.73
23.05.2001,5317.20
22.05.2001,5315.83
21.05.2001,5294.50
18.05.2001,5283.52
17.05.2001,5272.37
16.05.2001,5224.59
15.05.2001,5215.25
14.05.2001,5170.86
11.05.2001,5201.94
10.05.2001,5181.75
09.05.2001,5110.60
08.05.2001,5147.83
07.05.2001,5160.00
04.05.2001,5093.64
03.05.2001,5056.15
02.05.2001,5098.16
30.04.2001,5064.11
27.04.2001,5009.70
26.04.2001,4981.73
25.04.2001,4983.58
24.04.2001,5022.58
23.04.2001,4966.92
20.04.2001,5011.22
19.04.2001,5046.85
18.04.2001,5071.74
17.04.2001,5007.60
12.04.2001,5007.11
11.04.2001,5002.75
10.04.2001,4950.80
09.04.2001,4885.97
06.04.2001,4817.94
05.04.2001,4829.64
04.04.2001,4727.87
03.04.2001,4761.82
02.04.2001,4867.53
30.03.2001,4952.28
29.03.2001,4869.65
28.03.2001,4829.04
27.03.2001,4850.35
26.03.2001,4829.85
23.03.2001,4666.13
22.03.2001,4565.45
21.03.2001,4815.02
20.03.2001,4889.70
19.03.2001,4867.80
16.03.2001,4917.09
15.03.2001,5024.82
14.03.2001,4998.09
13.03.2001,5101.77
12.03.2001,5116.27
09.03.2001,5205.61
08.03.2001,5230.57
07.03.2001,5254.34
06.03.2001,5254.32
05.03.2001,5227.55
02.03.2001,5200.62
01.03.2001,5219.54
28.02.2001,5320.82
27.02.2001,5316.48
26.02.2001,5307.33
23.02.2001,5269.82
22.02.2001,5306.62
21.02.2001,5303.60
20.02.2001,5348.08
19.02.2001,5382.70
16.02.2001,5378.92
15.02.2001,5451.38
14.02.2001,5418.70
13.02.2001,5478.01
12.02.2001,5469.39
09.02.2001,5484.39
08.02.2001,5500.61
07.02.2001,5550.43
06.02.2001,5573.41
05.02.2001,5560.94
02.02.2001,5532.75
01.02.2001,5514.20
31.01.2001,5564.09
30.01.2001,5555.57
29.01.2001,5552.43
26.01.2001,5556.39
25.01.2001,5521.47
24.01.2001,5494.03
23.01.2001,5459.08
22.01.2001,5460.57
19.01.2001,5454.57
18.01.2001,5497.86
17.01.2001,5518.18
16.01.2001,5451.59
15.01.2001,5449.11
12.01.2001,5441.12
11.01.2001,5449.70
10.01.2001,5441.81
09.01.2001,5498.51
08.01.2001,5515.63
05.01.2001,5521.97
04.01.2001,5603.67
03.01.2001,5601.76
29.12.2000,5621.13
28.12.2000,5627.97
27.12.2000,5573.72
22.12.2000,5501.27
21.12.2000,5468.73
20.12.2000,5508.82
19.12.2000,5563.39
18.12.2000,5511.11
15.12.2000,5449.22
14.12.2000,5495.63
13.12.2000,5563.85
12.12.2000,5549.24
11.12.2000,5565.46
08.12.2000,5538.44
07.12.2000,5550.57
06.12.2000,5604.16
05.12.2000,5643.81
04.12.2000,5550.89
01.12.2000,5578.25
30.11.2000,5533.21
29.11.2000,5597.20
28.11.2000,5613.82
27.11.2000,5656.80
24.11.2000,5614.67
23.11.2000,5596.16
22.11.2000,5581.55
21.11.2000,5669.53
20.11.2000,5657.99
17.11.2000,5657.66
16.11.2000,5656.32
15.11.2000,5639.04
14.11.2000,5642.47
13.11.2000,5565.27
10.11.2000,5609.89
09.11.2000,5604.36
08.11.2000,5658.69
07.11.2000,5673.29
06.11.2000,5676.82
03.11.2000,5631.90
02.11.2000,5644.83
01.11.2000,5575.75
31.10.2000,5572.90
30.10.2000,5554.52
27.10.2000,5509.27
26.10.2000,5492.22
25.10.2000,5479.88
24.10.2000,5503.16
23.10.2000,5433.57
20.10.2000,5404.64
19.10.2000,5422.95
18.10.2000,5335.09
17.10.2000,5339.68
16.10.2000,5316.58
13.10.2000,5354.00
12.10.2000,5393.80
11.10.2000,5375.42
10.10.2000,5478.84
09.10.2000,5441.50
06.10.2000,5549.83
05.10.2000,5578.45
04.10.2000,5566.71
03.10.2000,5572.97
02.10.2000,5526.35
29.09.2000,5423.60
28.09.2000,5520.03
27.09.2000,5514.37
26.09.2000,5518.53
25.09.2000,5550.31
22.09.2000,5511.47
21.09.2000,5466.14
20.09.2000,5459.60
19.09.2000,5483.78
18.09.2000,5524.60
15.09.2000,5573.87
14.09.2000,5565.31
13.09.2000,5579.74
12.09.2000,5586.63
11.09.2000,5625.34
08.09.2000,5625.33
07.09.2000,5644.45
06.09.2000,5641.44
05.09.2000,5662.85
04.09.2000,5673.55
01.09.2000,5690.66
31.08.2000,5681.82
30.08.2000,5676.34
29.08.2000,5704.34
28.08.2000,5753.37
25.08.2000,5736.29
24.08.2000,5758.82
23.08.2000,5770.05
22.08.2000,5739.89
21.08.2000,5713.61
18.08.2000,5686.91
17.08.2000,5689.41
16.08.2000,5730.99
15.08.2000,5687.15
14.08.2000,5690.01
11.08.2000,5655.71
10.08.2000,5639.88
09.08.2000,5658.87
08.08.2000,5653.38
07.08.2000,5655.54
04.08.2000,5580.18
03.08.2000,5575.78
02.08.2000,5585.35
31.07.2000,5504.14
28.07.2000,5489.64
27.07.2000,5490.74
26.07.2000,5495.93
25.07.2000,5505.25
24.07.2000,5505.41
21.07.2000,5448.21
20.07.2000,5463.87
19.07.2000,5454.34
18.07.2000,5433.73
17.07.2000,5450.09
14.07.2000,5464.90
13.07.2000,5471.54
12.07.2000,5431.35
11.07.2000,5446.01
10.07.2000,5435.26
07.07.2000,5423.00
06.07.2000,5413.23
05.07.2000,5382.58
04.07.2000,5351.49
03.07.2000,5318.93
30.06.2000,5293.34
29.06.2000,5253.98
28.06.2000,5264.54
27.06.2000,5242.17
26.06.2000,5241.37
23.06.2000,5238.37
22.06.2000,5235.29
21.06.2000,5295.97
20.06.2000,5320.89
19.06.2000,5314.28
16.06.2000,5345.88
15.06.2000,5333.66
14.06.2000,5370.99
13.06.2000,5334.84
09.06.2000,5336.14
08.06.2000,5341.11
07.06.2000,5330.17
06.06.2000,5295.42
05.06.2000,5321.05
02.06.2000,5346.03
31.05.2000,5269.66
30.05.2000,5251.29
29.05.2000,5297.52
26.05.2000,5281.56
25.05.2000,5347.58
24.05.2000,5297.11
23.05.2000,5297.42
22.05.2000,5237.43
19.05.2000,5253.56
18.05.2000,5300.78
17.05.2000,5263.87
16.05.2000,5287.21
15.05.2000,5257.22
12.05.2000,5265.97
11.05.2000,5241.77
10.05.2000,5157.60
09.05.2000,5181.95
08.05.2000,5145.70
05.05.2000,5129.34
04.05.2000,5133.56
03.05.2000,5139.62
02.05.2000,5148.17
28.04.2000,5062.73
27.04.2000,5054.14
26.04.2000,5078.69
25.04.2000,5052.10
20.04.2000,5013.79
19.04.2000,5003.16
18.04.2000,4988.74
17.04.2000,4970.05
14.04.2000,5060.67
13.04.2000,5117.40
12.04.2000,5115.68
11.04.2000,5074.53
10.04.2000,5049.73
07.04.2000,5064.30
06.04.2000,5065.52
05.04.2000,5057.30
04.04.2000,5141.02
03.04.2000,5116.34
31.03.2000,5075.78
30.03.2000,5049.04
29.03.2000,5073.50
28.03.2000,5054.27
27.03.2000,5047.49
24.03.2000,5083.49
23.03.2000,5032.77
22.03.2000,5033.50
21.03.2000,4959.52
20.03.2000,4922.66
17.03.2000,4866.28
16.03.2000,4871.47
15.03.2000,4725.83
14.03.2000,4738.34
13.03.2000,4693.71
10.03.2000,4793.21
09.03.2000,4787.45
08.03.2000,4805.12
07.03.2000,4883.14
06.03.2000,4904.67
03.03.2000,4850.61
02.03.2000,4860.84
01.03.2000,4798.53
29.02.2000,4750.92
28.02.2000,4758.93
25.02.2000,4803.76
24.02.2000,4832.86
23.02.2000,4848.03
22.02.2000,4811.57
21.02.2000,4772.78
18.02.2000,4824.66
17.02.2000,4799.34
16.02.2000,4747.60
15.02.2000,4686.02
14.02.2000,4754.87
11.02.2000,4778.65
10.02.2000,4781.58
09.02.2000,4807.20
08.02.2000,4867.80
07.02.2000,4859.41
04.02.2000,4869.56
03.02.2000,4887.15
02.02.2000,4827.56
01.02.2000,4791.86
31.01.2000,4717.22
28.01.2000,4804.86
27.01.2000,4853.21
26.01.2000,4771.43
25.01.2000,4755.05
24.01.2000,4841.11
21.01.2000,4902.42
20.01.2000,4902.95
19.01.2000,4948.53
18.01.2000,4972.39
17.01.2000,5047.21
14.01.2000,5042.25
13.01.2000,4985.22
12.01.2000,4977.76
11.01.2000,4968.49
10.01.2000,4982.29
07.01.2000,4971.80
06.01.2000,4861.37
05.01.2000,4802.81
04.01.2000,4853.06
30.12.1999,5022.86
29.12.1999,4977.18
28.12.1999,4953.89
27.12.1999,4937.51
23.12.1999,4930.38
22.12.1999,4869.88
21.12.1999,4860.59
20.12.1999,4909.78
17.12.1999,4881.63
16.12.1999,4858.66
15.12.1999,4814.20
14.12.1999,4850.80
13.12.1999,4842.26
10.12.1999,4836.30
09.12.1999,4859.09
08.12.1999,4851.67
07.12.1999,4891.99
06.12.1999,4918.54
03.12.1999,4973.86
02.12.1999,4934.12
01.12.1999,4921.24
30.11.1999,4877.50
29.11.1999,4875.28
26.11.1999,4850.79
25.11.1999,4825.33
24.11.1999,4779.03
23.11.1999,4793.28
22.11.1999,4812.96
19.11.1999,4843.90
18.11.1999,4860.89
17.11.1999,4854.95
16.11.1999,4863.74
15.11.1999,4861.84
11.11.1999,4859.73
10.11.1999,4825.83
09.11.1999,4816.50
08.11.1999,4815.96
05.11.1999,4814.12
04.11.1999,4787.79
03.11.1999,4766.41
02.11.1999,4722.51
01.11.1999,4704.89
29.10.1999,4705.24
28.10.1999,4636.06
27.10.1999,4543.85
26.10.1999,4554.45
25.10.1999,4514.47
22.10.1999,4548.72
21.10.1999,4495.91
20.10.1999,4541.65
19.10.1999,4550.39
18.10.1999,4460.14
15.10.1999,4505.76
14.10.1999,4603.08
13.10.1999,4608.28
12.10.1999,4651.30
11.10.1999,4696.61
08.10.1999,4688.05
07.10.1999,4669.98
06.10.1999,4642.79
05.10.1999,4628.20
04.10.1999,4631.24
01.10.1999,4554.27
30.09.1999,4570.61
29.09.1999,4561.73
28.09.1999,4575.20
27.09.1999,4650.96
24.09.1999,4596.20
23.09.1999,4657.63
22.09.1999,4629.98
21.09.1999,4647.01
20.09.1999,4666.46
17.09.1999,4641.64
16.09.1999,4616.29
15.09.1999,4652.71
14.09.1999,4642.52
13.09.1999,4655.98
10.09.1999,4713.59
09.09.1999,4722.80
08.09.1999,4704.51
07.09.1999,4718.61
06.09.1999,4725.10
03.09.1999,4685.16
02.09.1999,4619.23
01.09.1999,4664.47
31.08.1999,4607.21
30.08.1999,4695.41
27.08.1999,4696.21
26.08.1999,4682.58
25.08.1999,4679.56
24.08.1999,4656.49
23.08.1999,4680.22
20.08.1999,4625.12
19.08.1999,4592.80
18.08.1999,4593.14
17.08.1999,4594.61
16.08.1999,4591.94
13.08.1999,4560.27
12.08.1999,4490.04
11.08.1999,4419.98
10.08.1999,4379.42
09.08.1999,4440.16
06.08.1999,4430.96
05.08.1999,4452.12
04.08.1999,4536.15
03.08.1999,4545.51
02.08.1999,4548.90
30.07.1999,4531.51
29.07.1999,4434.46
28.07.1999,4501.79
27.07.1999,4494.89
26.07.1999,4444.04
23.07.1999,4485.39
22.07.1999,4566.39
21.07.1999,4604.70
20.07.1999,4593.44
19.07.1999,4659.30
16.07.1999,4645.54
15.07.1999,4665.74
14.07.1999,4653.76
13.07.1999,4632.72
12.07.1999,4695.37
09.07.1999,4683.25
08.07.1999,4689.56
07.07.1999,4681.96
06.07.1999,4700.86
05.07.1999,4748.30
02.07.1999,4700.67
01.07.1999,4637.56
30.06.1999,4530.85
29.06.1999,4581.97
28.06.1999,4547.40
25.06.1999,4554.23
24.06.1999,4594.62
23.06.1999,4623.13
22.06.1999,4672.60
21.06.1999,4725.68
18.06.1999,4682.46
17.06.1999,4654.40
16.06.1999,4622.78
15.06.1999,4595.72
14.06.1999,4578.49
11.06.1999,4576.54
10.06.1999,4583.73
09.06.1999,4669.28
08.06.1999,4663.48
07.06.1999,4675.44
04.06.1999,4641.97
03.06.1999,4581.88
02.06.1999,4525.81
01.06.1999,4474.09
31.05.1999,4494.29
28.05.1999,4426.31
27.05.1999,4402.17
26.05.1999,4480.44
25.05.1999,4473.37
21.05.1999,4572.04
20.05.1999,4600.47
19.05.1999,4555.46
18.05.1999,4543.14
17.05.1999,4488.10
14.05.1999,4576.58
12.05.1999,4630.07
11.05.1999,4652.71
10.05.1999,4660.05
07.05.1999,4654.39
06.05.1999,4663.62
05.05.1999,4687.94
04.05.1999,4728.33
03.05.1999,4771.65
30.04.1999,4714.57
29.04.1999,4688.55
28.04.1999,4715.93
27.04.1999,4721.13
26.04.1999,4639.89
23.04.1999,4569.80
22.04.1999,4580.92
21.04.1999,4549.04
20.04.1999,4550.17
19.04.1999,4619.55
16.04.1999,4571.22
15.04.1999,4608.62
14.04.1999,4681.91
13.04.1999,4678.30
12.04.1999,4670.00
09.04.1999,4682.18
08.04.1999,4650.64
07.04.1999,4590.35
06.04.1999,4560.65
01.04.1999,4536.80
31.03.1999,4539.26
30.03.1999,4481.86
29.03.1999,4513.20
26.03.1999,4466.94
25.03.1999,4507.87
24.03.1999,4431.31
23.03.1999,4469.34
22.03.1999,4550.38
19.03.1999,4580.94
18.03.1999,4565.45
17.03.1999,4580.65
16.03.1999,4571.79
15.03.1999,4581.31
12.03.1999,4588.18
11.03.1999,4618.01
10.03.1999,4553.10
09.03.1999,4581.23
08.03.1999,4540.36
05.03.1999,4557.95
04.03.1999,4495.50
03.03.1999,4427.32
02.03.1999,4419.41
01.03.1999,4434.80
26.02.1999,4470.42
25.02.1999,4487.86
24.02.1999,4557.99
23.02.1999,4508.85
22.02.1999,4467.82
19.02.1999,4393.91
18.02.1999,4414.54
17.02.1999,4450.70
16.02.1999,4436.13
15.02.1999,4418.12
12.02.1999,4404.86
11.02.1999,4368.27
10.02.1999,4362.03
09.02.1999,4393.30
08.02.1999,4456.04
05.02.1999,4500.22
04.02.1999,4500.77
03.02.1999,4529.71
02.02.1999,4547.94
01.02.1999,4578.86
29.01.1999,4532.24
28.01.1999,4495.41
27.01.1999,4440.06
26.01.1999,4460.00
25.01.1999,4457.73
22.01.1999,4437.13
21.01.1999,4488.15
20.01.1999,4577.41
19.01.1999,4528.78
18.01.1999,4550.54
15.01.1999,4530.06
14.01.1999,4460.37
13.01.1999,4479.88
12.01.1999,4649.22
11.01.1999,4676.18
08.01.1999,4767.01
07.01.1999,4716.70
06.01.1999,4781.92
05.01.1999,4709.14
04.01.1999,4650.22
30.12.1998,4497.12
29.12.1998,4518.59
28.12.1998,4546.10
23.12.1998,4490.26
22.12.1998,4454.22
21.12.1998,4494.33
18.12.1998,4404.87
17.12.1998,4426.61
16.12.1998,4342.16
15.12.1998,4275.94
14.12.1998,4220.41
11.12.1998,4227.06
10.12.1998,4250.10
09.12.1998,4312.21
08.12.1998,4309.34
07.12.1998,4333.54
04.12.1998,4311.87
03.12.1998,4304.05
02.12.1998,4273.65
01.12.1998,4292.75
30.11.1998,4462.95
27.11.1998,4534.65
26.11.1998,4502.80
25.11.1998,4438.17
24.11.1998,4496.77
23.11.1998,4582.84
20.11.1998,4476.19
19.11.1998,4394.07
18.11.1998,4310.52
17.11.1998,4271.80
16.11.1998,4267.28
13.11.1998,4233.51
12.11.1998,4245.00
11.11.1998,4216.08
10.11.1998,4162.09
09.11.1998,4211.05
06.11.1998,4217.50
05.11.1998,4161.92
04.11.1998,4261.78
03.11.1998,4177.56
02.11.1998,4200.78
30.10.1998,4143.33
29.10.1998,4062.07
28.10.1998,4052.48
27.10.1998,4075.28
26.10.1998,3998.90
23.10.1998,3942.93
22.10.1998,3940.33
21.10.1998,3895.20
20.10.1998,3922.95
19.10.1998,3812.27
16.10.1998,3848.80
15.10.1998,3830.74
14.10.1998,3754.99
13.10.1998,3652.53
12.10.1998,3646.66
09.10.1998,3468.62
08.10.1998,3401.53
07.10.1998,3501.99
06.10.1998,3527.86
05.10.1998,3311.28
02.10.1998,3386.39
01.10.1998,3524.88
30.09.1998,3692.44
29.09.1998,3832.34
28.09.1998,3902.94
25.09.1998,3863.81
24.09.1998,3918.08
23.09.1998,3998.49
22.09.1998,3886.22
21.09.1998,3832.49
18.09.1998,4020.04
17.09.1998,4062.05
16.09.1998,4232.90
15.09.1998,4156.05
14.09.1998,4205.77
11.09.1998,4093.85
10.09.1998,4105.77
09.09.1998,4278.89
08.09.1998,4399.45
07.09.1998,4300.29
04.09.1998,4210.05
03.09.1998,4174.77
02.09.1998,4308.42
01.09.1998,4159.30
31.08.1998,4216.71
28.08.1998,4275.64
27.08.1998,4311.25
26.08.1998,4531.98
25.08.1998,4635.85
24.08.1998,4562.00
21.08.1998,4638.56
20.08.1998,4801.97
19.08.1998,4863.78
18.08.1998,4887.02
17.08.1998,4776.12
14.08.1998,4794.42
13.08.1998,4728.03
12.08.1998,4768.48
11.08.1998,4677.99
10.08.1998,4844.45
07.08.1998,4971.16
06.08.1998,4909.83
05.08.1998,4968.51
04.08.1998,5102.67
03.08.1998,5087.69
31.07.1998,5146.74
30.07.1998,5121.59
29.07.1998,5059.65
28.07.1998,5057.86
27.07.1998,5003.93
24.07.1998,5118.16
23.07.1998,5133.32
22.07.1998,5195.83
21.07.1998,5237.33
20.07.1998,5237.39
17.07.1998,5177.18
16.07.1998,5088.48
15.07.1998,5101.85
14.07.1998,5112.96
13.07.1998,5089.73
10.07.1998,5113.75
09.07.1998,5123.14
08.07.1998,5130.01
07.07.1998,5092.25
06.07.1998,5091.22
03.07.1998,5053.41
02.07.1998,5021.76
01.07.1998,5023.15
30.06.1998,4932.36
29.06.1998,4927.04
26.06.1998,4889.42
25.06.1998,4874.62
24.06.1998,4811.68
23.06.1998,4778.44
22.06.1998,4718.12
19.06.1998,4725.70
18.06.1998,4706.73
17.06.1998,4745.34
16.06.1998,4649.09
15.06.1998,4624.14
12.06.1998,4678.16
11.06.1998,4730.08
10.06.1998,4817.06
09.06.1998,4851.56
08.06.1998,4869.67
05.06.1998,4859.78
04.06.1998,4801.05
03.06.1998,4836.02
02.06.1998,4820.33
29.05.1998,4823.96
28.05.1998,4789.31
27.05.1998,4803.03
26.05.1998,4864.69
25.05.1998,4827.31
22.05.1998,4770.23
20.05.1998,4740.01
19.05.1998,4730.59
18.05.1998,4669.49
15.05.1998,4748.85
14.05.1998,4765.72
13.05.1998,4779.45
12.05.1998,4802.74
11.05.1998,4830.12
08.05.1998,4772.98
07.05.1998,4739.35
06.05.1998,4779.91
05.05.1998,4769.75
04.05.1998,4789.25
30.04.1998,4657.60
29.04.1998,4571.55
28.04.1998,4535.76
27.04.1998,4470.53
24.04.1998,4568.08
23.04.1998,4583.08
22.04.1998,4607.10
21.04.1998,4630.96
20.04.1998,4694.56
17.04.1998,4657.15
16.04.1998,4681.89
15.04.1998,4744.75
14.04.1998,4761.78
09.04.1998,4746.20
08.04.1998,4725.78
07.04.1998,4804.00
06.04.1998,4847.72
03.04.1998,4797.64
02.04.1998,4751.08
01.04.1998,4737.22
31.03.1998,4716.64
30.03.1998,4691.33
27.03.1998,4687.27
26.03.1998,4624.25
25.03.1998,4654.78
24.03.1998,4620.56
23.03.1998,4583.24
20.03.1998,4561.81
19.03.1998,4477.35
18.03.1998,4470.52
17.03.1998,4527.94
16.03.1998,4529.73
13.03.1998,4566.86
12.03.1998,4529.79
11.03.1998,4529.07
10.03.1998,4503.57
09.03.1998,4461.76
06.03.1998,4457.73
05.03.1998,4387.11
04.03.1998,4418.99
03.03.1998,4481.72
02.03.1998,4489.18
27.02.1998,4426.14
26.02.1998,4404.63
25.02.1998,4373.64
24.02.1998,4309.73
23.02.1998,4334.81
20.02.1998,4328.29
19.02.1998,4308.49
18.02.1998,4318.95
17.02.1998,4332.88
16.02.1998,4284.53
13.02.1998,4280.20
12.02.1998,4261.42
11.02.1998,4303.42
10.02.1998,4262.29
09.02.1998,4244.20
06.02.1998,4239.16
05.02.1998,4191.68
04.02.1998,4158.46
03.02.1998,4162.71
02.02.1998,4139.41
30.01.1998,4078.41
29.01.1998,4047.06
28.01.1998,4033.91
27.01.1998,3983.27
26.01.1998,3978.33
23.01.1998,3968.60
22.01.1998,3946.96
21.01.1998,3965.05
20.01.1998,3963.05
19.01.1998,3932.35
16.01.1998,3891.12
15.01.1998,3825.94
14.01.1998,3832.87
13.01.1998,3840.50
12.01.1998,3781.36
09.01.1998,3893.94
08.01.1998,3934.81
07.01.1998,3972.97
06.01.1998,3965.26
05.01.1998,3972.64
31.12.1997,3898.15
30.12.1997,3889.56
29.12.1997,3849.71
24.12.1997,3772.37
23.12.1997,3769.99
22.12.1997,3770.40
19.12.1997,3738.24
18.12.1997,3808.88
17.12.1997,3808.05
16.12.1997,3789.10
15.12.1997,3731.83
12.12.1997,3754.19
11.12.1997,3752.31
10.12.1997,3776.83
09.12.1997,3803.55
08.12.1997,3800.67
05.12.1997,3761.85
04.12.1997,3741.68
03.12.1997,3717.32
02.12.1997,3714.92
01.12.1997,3692.21
28.11.1997,3634.65
27.11.1997,3634.62
26.11.1997,3618.13
25.11.1997,3580.55
24.11.1997,3569.16
21.11.1997,3611.30
20.11.1997,3572.57
19.11.1997,3519.70
18.11.1997,3518.43
17.11.1997,3513.22
14.11.1997,3439.84
13.11.1997,3431.50
12.11.1997,3442.50
11.11.1997,3478.71
10.11.1997,3467.31
07.11.1997,3455.12
06.11.1997,3523.56
05.11.1997,3547.50
04.11.1997,3514.89
03.11.1997,3535.84
31.10.1997,3474.77
30.10.1997,3418.43
29.10.1997,3480.21
28.10.1997,3364.20
27.10.1997,3538.70
24.10.1997,3638.87
23.10.1997,3617.93
22.10.1997,3708.66
21.10.1997,3738.01
20.10.1997,3688.73
17.10.1997,3672.95
16.10.1997,3702.94
15.10.1997,3706.79
14.10.1997,3720.04
13.10.1997,3699.30
10.10.1997,3652.50
09.10.1997,3667.87
08.10.1997,3716.34
07.10.1997,3732.10
06.10.1997,3755.00
03.10.1997,3770.16
02.10.1997,3713.90
01.10.1997,3675.46
30.09.1997,3626.07
29.09.1997,3642.20
26.09.1997,3651.72
25.09.1997,3623.86
24.09.1997,3661.72
23.09.1997,3655.24
22.09.1997,3645.96
19.09.1997,3593.30
18.09.1997,3598.82
17.09.1997,3555.66
16.09.1997,3481.16
15.09.1997,3433.45
12.09.1997,3417.22
11.09.1997,3412.27
10.09.1997,3458.89
09.09.1997,3504.98
08.09.1997,3537.93
05.09.1997,3554.35
04.09.1997,3525.04
03.09.1997,3524.01
02.09.1997,3507.15
01.09.1997,3404.57
29.08.1997,3378.83
28.08.1997,3385.53
27.08.1997,3489.29
26.08.1997,3467.70
25.08.1997,3531.35
22.08.1997,3535.36
21.08.1997,3640.75
20.08.1997,3648.82
19.08.1997,3584.95
18.08.1997,3492.01
15.08.1997,3547.12
14.08.1997,3595.90
13.08.1997,3640.95
12.08.1997,3713.35
11.08.1997,3715.18
08.08.1997,3738.00
07.08.1997,3768.37
06.08.1997,3706.79
05.08.1997,3681.31
04.08.1997,3685.87
31.07.1997,3752.66
30.07.1997,3767.97
29.07.1997,3717.79
28.07.1997,3737.25
25.07.1997,3712.51
24.07.1997,3708.81
23.07.1997,3708.58
22.07.1997,3606.20
21.07.1997,3572.56
18.07.1997,3636.72
17.07.1997,3704.95
16.07.1997,3730.31
15.07.1997,3685.40
14.07.1997,3683.69
11.07.1997,3661.10
10.07.1997,3700.98
09.07.1997,3753.17
08.07.1997,3768.79
07.07.1997,3729.03
04.07.1997,3679.86
03.07.1997,3655.52
02.07.1997,3585.26
01.07.1997,3568.46
30.06.1997,3548.37
27.06.1997,3593.51
26.06.1997,3577.89
25.06.1997,3571.55
24.06.1997,3525.48
23.06.1997,3530.10
20.06.1997,3518.12
19.06.1997,3489.39
18.06.1997,3430.09
17.06.1997,3400.56
16.06.1997,3406.80
13.06.1997,3420.56
12.06.1997,3406.00
11.06.1997,3371.88
10.06.1997,3391.34
09.06.1997,3393.20
06.06.1997,3368.53
05.06.1997,3327.99
04.06.1997,3313.71
03.06.1997,3291.37
02.06.1997,3258.83
30.05.1997,3195.56
29.05.1997,3248.80
28.05.1997,3250.39
27.05.1997,3281.28
26.05.1997,3284.68
23.05.1997,3272.85
22.05.1997,3266.80
21.05.1997,3268.35
20.05.1997,3214.28
16.05.1997,3255.91
15.05.1997,3245.92
14.05.1997,3239.68
13.05.1997,3212.87
12.05.1997,3187.48
09.05.1997,3167.99
07.05.1997,3167.28
06.05.1997,3150.77
05.05.1997,3170.56
02.05.1997,3127.47
30.04.1997,3094.65
29.04.1997,3070.95
28.04.1997,3037.56
25.04.1997,3024.24
24.04.1997,3051.18
23.04.1997,3022.92
22.04.1997,3006.44
21.04.1997,2990.31
18.04.1997,2969.22
17.04.1997,2952.25
16.04.1997,2927.32
15.04.1997,2935.72
14.04.1997,2906.88
11.04.1997,2917.85
10.04.1997,2926.88
09.04.1997,2929.78
08.04.1997,2898.96
07.04.1997,2903.15
04.04.1997,2836.53
03.04.1997,2833.92
02.04.1997,2851.59
01.04.1997,2856.23
27.03.1997,2946.25
26.03.1997,2919.17
25.03.1997,2887.96
24.03.1997,2856.78
21.03.1997,2854.64
20.03.1997,2828.66
19.03.1997,2879.50
18.03.1997,2871.46
17.03.1997,2891.84
14.03.1997,2933.86
13.03.1997,2922.70
12.03.1997,2954.45
11.03.1997,2960.32
10.03.1997,2959.03
07.03.1997,2938.44
06.03.1997,2925.65
05.03.1997,2890.83
04.03.1997,2870.44
03.03.1997,2837.99
28.02.1997,2851.56
27.02.1997,2870.13
26.02.1997,2876.68
25.02.1997,2861.52
24.02.1997,2837.00
21.02.1997,2871.24
20.02.1997,2875.19
19.02.1997,2870.95
18.02.1997,2853.98
17.02.1997,2866.19
14.02.1997,2839.43
13.02.1997,2824.34
12.02.1997,2826.29
11.02.1997,2808.04
10.02.1997,2796.13
07.02.1997,2783.25
06.02.1997,2753.39
05.02.1997,2750.03
04.02.1997,2742.78
03.02.1997,2737.26
31.01.1997,2728.33
30.01.1997,2689.38
29.01.1997,2666.63
28.01.1997,2676.67
27.01.1997,2642.51
24.01.1997,2639.55
23.01.1997,2660.09
22.01.1997,2638.67
21.01.1997,2581.59
20.01.1997,2574.67
17.01.1997,2579.16
16.01.1997,2568.85
15.01.1997,2551.75
14.01.1997,2555.41
13.01.1997,2549.31
10.01.1997,2526.61
09.01.1997,2539.19
08.01.1997,2527.06
07.01.1997,2510.80
06.01.1997,2506.22
03.01.1997,2512.14
31.12.1996,2511.88
30.12.1996,2515.62
27.12.1996,2501.08
24.12.1996,2472.69
23.12.1996,2475.19
20.12.1996,2481.68
19.12.1996,2475.76
18.12.1996,2471.62
17.12.1996,2459.89
16.12.1996,2471.71
13.12.1996,2454.67
12.12.1996,2465.23
11.12.1996,2464.85
10.12.1996,2481.74
09.12.1996,2473.97
06.12.1996,2450.67
05.12.1996,2498.06
04.12.1996,2495.61
03.12.1996,2504.46
02.12.1996,2478.78
29.11.1996,2492.21
28.11.1996,2481.05
27.11.1996,2460.78
26.11.1996,2477.08
25.11.1996,2485.40
22.11.1996,2481.59
21.11.1996,2469.43
20.11.1996,2481.69
19.11.1996,2486.55
18.11.1996,2483.66
15.11.1996,2486.73
14.11.1996,2463.63
13.11.1996,2443.97
12.11.1996,2445.72
11.11.1996,2445.86
08.11.1996,2439.66
07.11.1996,2438.87
06.11.1996,2442.86
05.11.1996,2426.59
04.11.1996,2409.18
01.11.1996,2402.71
31.10.1996,2394.05
30.10.1996,2391.32
29.10.1996,2395.81
28.10.1996,2415.26
25.10.1996,2413.19
24.10.1996,2409.42
23.10.1996,2404.72
22.10.1996,2422.52
21.10.1996,2429.65
18.10.1996,2438.52
17.10.1996,2432.92
16.10.1996,2430.35
15.10.1996,2446.25
14.10.1996,2440.88
11.10.1996,2435.64
10.10.1996,2430.53
09.10.1996,2435.39
08.10.1996,2442.85
07.10.1996,2439.99
04.10.1996,2431.91
03.10.1996,2415.22
02.10.1996,2407.16
01.10.1996,2394.76
30.09.1996,2393.95
27.09.1996,2373.07
26.09.1996,2374.65
25.09.1996,2370.79
24.09.1996,2349.39
23.09.1996,2334.28
20.09.1996,2368.41
19.09.1996,2368.34
18.09.1996,2365.47
17.09.1996,2366.72
16.09.1996,2384.00
13.09.1996,2379.45
12.09.1996,2361.97
11.09.1996,2356.47
10.09.1996,2366.93
09.09.1996,2360.66
06.09.1996,2332.73
05.09.1996,2325.90
04.09.1996,2335.24
03.09.1996,2327.78
02.09.1996,2346.37
30.08.1996,2342.99
29.08.1996,2361.03
28.08.1996,2366.29
27.08.1996,2380.47
26.08.1996,2376.46
23.08.1996,2382.20
22.08.1996,2376.50
21.08.1996,2359.64
20.08.1996,2365.68
19.08.1996,2349.08
16.08.1996,2351.81
15.08.1996,2338.07
14.08.1996,2341.92
13.08.1996,2332.53
12.08.1996,2328.21
09.08.1996,2339.85
08.08.1996,2345.93
07.08.1996,2349.34
06.08.1996,2328.68
05.08.1996,2321.26
02.08.1996,2307.09
31.07.1996,2251.89
30.07.1996,2264.86
29.07.1996,2283.14
26.07.1996,2275.49
25.07.1996,2275.19
24.07.1996,2240.70
23.07.1996,2306.09
22.07.1996,2297.39
19.07.1996,2352.94
18.07.1996,2346.40
17.07.1996,2348.85
16.07.1996,2359.27
15.07.1996,2408.97
12.07.1996,2427.74
11.07.1996,2443.87
10.07.1996,2432.32
09.07.1996,2425.58
08.07.1996,2404.34
05.07.1996,2406.49
04.07.1996,2425.53
03.07.1996,2417.58
02.07.1996,2415.55
01.07.1996,2404.49
28.06.1996,2407.04
27.06.1996,2389.54
26.06.1996,2400.48
25.06.1996,2385.59
24.06.1996,2386.83
21.06.1996,2377.81
20.06.1996,2361.56
19.06.1996,2354.44
18.06.1996,2348.10
17.06.1996,2333.47
14.06.1996,2330.50
13.06.1996,2337.05
12.06.1996,2334.66
11.06.1996,2322.25
10.06.1996,2324.15
07.06.1996,2308.03
06.06.1996,2327.87
05.06.1996,2315.38
04.06.1996,2303.76
03.06.1996,2291.75
31.05.1996,2299.26
30.05.1996,2287.34
29.05.1996,2300.62
28.05.1996,2313.77
24.05.1996,2306.14
23.05.1996,2290.15
22.05.1996,2289.77
21.05.1996,2313.42
20.05.1996,2312.33
17.05.1996,2319.60
15.05.1996,2310.07
14.05.1996,2315.34
13.05.1996,2301.90
10.05.1996,2296.35
09.05.1996,2276.31
08.05.1996,2284.20
07.05.1996,2312.80
06.05.1996,2314.71
03.05.1996,2328.03
02.05.1996,2342.23
30.04.1996,2352.06
29.04.1996,2353.19
26.04.1996,2368.77
25.04.1996,2350.01
24.04.1996,2351.47
23.04.1996,2339.94
22.04.1996,2350.65
19.04.1996,2323.45
18.04.1996,2310.99
17.04.1996,2307.45
16.04.1996,2308.96
15.04.1996,2295.62
12.04.1996,2290.32
11.04.1996,2284.21
10.04.1996,2304.96
09.04.1996,2301.72
04.04.1996,2312.99
03.04.1996,2309.66
02.04.1996,2329.40
01.04.1996,2330.25
29.03.1996,2325.46
28.03.1996,2322.62
27.03.1996,2339.85
26.03.1996,2333.23
25.03.1996,2342.52
22.03.1996,2327.55
21.03.1996,2316.61
20.03.1996,2304.54
19.03.1996,2299.18
18.03.1996,2286.29
15.03.1996,2275.25
14.03.1996,2282.98
13.03.1996,2271.62
12.03.1996,2262.13
11.03.1996,2243.05
08.03.1996,2272.98
07.03.1996,2287.37
06.03.1996,2204.73
05.03.1996,2191.53
04.03.1996,2200.02
01.03.1996,2193.81
29.02.1996,2177.74
28.02.1996,2178.76
27.02.1996,2150.17
26.02.1996,2144.72
23.02.1996,2143.94
22.02.1996,2126.21
21.02.1996,2118.00
20.02.1996,2115.21
19.02.1996,2128.24
16.02.1996,2136.41
15.02.1996,2135.17
14.02.1996,2132.52
13.02.1996,2129.41
12.02.1996,2125.58
09.02.1996,2121.25
08.02.1996,2124.75
07.02.1996,2135.16
06.02.1996,2130.88
05.02.1996,2114.47
02.02.1996,2141.19
01.02.1996,2144.07
31.01.1996,2122.27
30.01.1996,2115.35
29.01.1996,2093.71
26.01.1996,2090.48
25.01.1996,2102.23
24.01.1996,2106.07
23.01.1996,2105.53
22.01.1996,2123.44
19.01.1996,2123.28
18.01.1996,2123.02
17.01.1996,2104.40
16.01.1996,2119.86
15.01.1996,2108.88
12.01.1996,2139.84
11.01.1996,2130.16
10.01.1996,2149.15
09.01.1996,2174.13
08.01.1996,2176.68
05.01.1996,2175.09
04.01.1996,2182.67
03.01.1996,2172.31
28.12.1995,2123.43
27.12.1995,2131.68
22.12.1995,2112.27
21.12.1995,2097.13
20.12.1995,2096.10
19.12.1995,2074.92
18.12.1995,2095.31
15.12.1995,2117.42
14.12.1995,2109.84
13.12.1995,2107.92
12.12.1995,2110.27
11.12.1995,2097.43
08.12.1995,2088.02
07.12.1995,2085.81
06.12.1995,2104.25
05.12.1995,2102.57
04.12.1995,2102.13
01.12.1995,2095.11
30.11.1995,2085.66
29.11.1995,2082.20
28.11.1995,2073.38
27.11.1995,2082.61
24.11.1995,2064.78
23.11.1995,2059.14
22.11.1995,2055.51
21.11.1995,2047.87
20.11.1995,2046.71
17.11.1995,2032.67
16.11.1995,2028.97
15.11.1995,2018.15
14.11.1995,2023.30
13.11.1995,2017.56
10.11.1995,2023.30
09.11.1995,2033.74
08.11.1995,2023.95
07.11.1995,2023.74
06.11.1995,2017.67
03.11.1995,2024.31
02.11.1995,2017.14
01.11.1995,2017.10
31.10.1995,2009.29
30.10.1995,1984.38
27.10.1995,1969.31
26.10.1995,1998.61
25.10.1995,1999.05
24.10.1995,1989.02
23.10.1995,1975.43
20.10.1995,2020.03
19.10.1995,2023.11
18.10.1995,2029.92
17.10.1995,2016.54
16.10.1995,2018.25
13.10.1995,2014.28
12.10.1995,2001.64
11.10.1995,1994.74
10.10.1995,1982.94
09.10.1995,1990.30
06.10.1995,1985.66
05.10.1995,1976.58
04.10.1995,1976.83
03.10.1995,1984.53
02.10.1995,1979.92
29.09.1995,1966.95
28.09.1995,1958.71
27.09.1995,1965.92
26.09.1995,1983.58
25.09.1995,1964.86
22.09.1995,1953.56
21.09.1995,1980.02
20.09.1995,1977.12
19.09.1995,1980.96
18.09.1995,1967.92
15.09.1995,1975.88
14.09.1995,1966.35
13.09.1995,1968.56
12.09.1995,1955.17
11.09.1995,1952.59
08.09.1995,1954.70
07.09.1995,1952.24
06.09.1995,1955.42
05.09.1995,1937.86
04.09.1995,1928.14
01.09.1995,1913.83
31.08.1995,1909.90
30.08.1995,1915.83
29.08.1995,1899.54
28.08.1995,1899.85
25.08.1995,1906.46
24.08.1995,1905.44
23.08.1995,1911.16
22.08.1995,1912.88
21.08.1995,1905.43
18.08.1995,1906.29
17.08.1995,1901.98
16.08.1995,1902.47
15.08.1995,1881.44
14.08.1995,1864.65
11.08.1995,1871.54
10.08.1995,1860.74
09.08.1995,1848.77
08.08.1995,1858.28
07.08.1995,1857.86
04.08.1995,1861.65
03.08.1995,1863.95
02.08.1995,1884.49
31.07.1995,1871.33
28.07.1995,1872.07
27.07.1995,1868.28
26.07.1995,1871.44
25.07.1995,1873.28
24.07.1995,1872.97
21.07.1995,1870.28
20.07.1995,1864.36
19.07.1995,1885.20
18.07.1995,1895.94
17.07.1995,1904.56
14.07.1995,1888.96
13.07.1995,1889.52
12.07.1995,1888.56
11.07.1995,1875.67
10.07.1995,1874.44
07.07.1995,1880.36
06.07.1995,1867.03
05.07.1995,1872.38
04.07.1995,1876.86
03.07.1995,1864.87
30.06.1995,1866.53
29.06.1995,1876.49
28.06.1995,1869.99
27.06.1995,1875.42
26.06.1995,1867.64
23.06.1995,1871.30
22.06.1995,1870.28
21.06.1995,1856.90
20.06.1995,1850.68
19.06.1995,1848.07
16.06.1995,1832.58
15.06.1995,1844.40
14.06.1995,1841.12
13.06.1995,1840.36
12.06.1995,1841.40
09.06.1995,1838.06
08.06.1995,1843.82
07.06.1995,1851.88
06.06.1995,1846.58
02.06.1995,1832.18
01.06.1995,1830.09
31.05.1995,1818.18
30.05.1995,1815.79
29.05.1995,1806.72
26.05.1995,1801.50
24.05.1995,1817.67
23.05.1995,1801.85
22.05.1995,1802.30
19.05.1995,1777.14
18.05.1995,1792.44
17.05.1995,1797.01
16.05.1995,1799.25
15.05.1995,1795.04
12.05.1995,1784.34
11.05.1995,1768.31
10.05.1995,1747.34
09.05.1995,1741.51
08.05.1995,1742.32
05.05.1995,1738.82
04.05.1995,1730.56
03.05.1995,1716.85
02.05.1995,1713.42
28.04.1995,1697.36
27.04.1995,1680.57
26.04.1995,1681.95
25.04.1995,1673.87
24.04.1995,1665.79
21.04.1995,1668.60
20.04.1995,1658.73
19.04.1995,1644.42
18.04.1995,1660.59
13.04.1995,1668.35
12.04.1995,1668.27
11.04.1995,1667.21
10.04.1995,1665.92
07.04.1995,1664.89
06.04.1995,1661.86
05.04.1995,1652.28
04.04.1995,1653.41
03.04.1995,1641.25
31.03.1995,1640.85
30.03.1995,1652.06
29.03.1995,1632.24
28.03.1995,1635.28
27.03.1995,1645.23
24.03.1995,1650.73
23.03.1995,1628.30
22.03.1995,1640.83
21.03.1995,1642.87
20.03.1995,1648.17
17.03.1995,1639.41
16.03.1995,1635.03
15.03.1995,1626.72
14.03.1995,1622.97
13.03.1995,1614.34
10.03.1995,1621.28
09.03.1995,1618.71
08.03.1995,1647.72
07.03.1995,1665.11
06.03.1995,1671.64
03.03.1995,1690.65
02.03.1995,1707.72
01.03.1995,1708.30
28.02.1995,1700.40
27.02.1995,1701.91
24.02.1995,1711.95
23.02.1995,1716.94
22.02.1995,1703.22
21.02.1995,1702.94
20.02.1995,1695.97
17.02.1995,1697.64
16.02.1995,1707.89
15.02.1995,1715.86
14.02.1995,1719.72
13.02.1995,1716.02
10.02.1995,1716.61
09.02.1995,1717.00
08.02.1995,1707.97
07.02.1995,1713.08
06.02.1995,1711.06
03.02.1995,1694.26
02.02.1995,1679.19
01.02.1995,1677.88
31.01.1995,1661.29
30.01.1995,1664.17
27.01.1995,1667.98
26.01.1995,1672.26
25.01.1995,1658.00
24.01.1995,1664.08
23.01.1995,1657.33
20.01.1995,1687.40
19.01.1995,1699.59
18.01.1995,1698.51
17.01.1995,1691.80
16.01.1995,1698.01
13.01.1995,1702.81
12.01.1995,1703.17
11.01.1995,1702.17
10.01.1995,1704.48
09.01.1995,1713.43
06.01.1995,1716.17
05.01.1995,1714.63
04.01.1995,1724.54
03.01.1995,1715.20
29.12.1994,1725.53
28.12.1994,1736.59
27.12.1994,1746.20
23.12.1994,1733.89
22.12.1994,1732.60
21.12.1994,1723.89
20.12.1994,1711.85
19.12.1994,1705.93
16.12.1994,1706.68
15.12.1994,1703.96
14.12.1994,1694.74
13.12.1994,1687.91
12.12.1994,1689.55
09.12.1994,1695.22
08.12.1994,1701.11
07.12.1994,1699.43
06.12.1994,1701.73
05.12.1994,1713.67
02.12.1994,1697.47
01.12.1994,1697.47
30.11.1994,1708.79
29.11.1994,1701.70
28.11.1994,1701.37
25.11.1994,1696.49
24.11.1994,1692.63
23.11.1994,1679.36
22.11.1994,1697.73
21.11.1994,1716.69
18.11.1994,1715.56
17.11.1994,1712.64
16.11.1994,1716.30
15.11.1994,1707.48
14.11.1994,1705.15
11.11.1994,1708.60
10.11.1994,1711.03
09.11.1994,1704.85
08.11.1994,1680.89
07.11.1994,1686.98
04.11.1994,1682.18
03.11.1994,1676.77
02.11.1994,1658.95
01.11.1994,1660.01
31.10.1994,1660.83
28.10.1994,1650.70
27.10.1994,1630.54
26.10.1994,1643.16
25.10.1994,1654.05
24.10.1994,1673.56
21.10.1994,1664.18
20.10.1994,1678.06
19.10.1994,1676.05
18.10.1994,1684.40
17.10.1994,1705.20
14.10.1994,1712.05
13.10.1994,1716.59
12.10.1994,1700.88
11.10.1994,1702.95
10.10.1994,1693.04
07.10.1994,1660.70
06.10.1994,1654.03
05.10.1994,1650.65
04.10.1994,1675.81
03.10.1994,1663.96
30.09.1994,1683.39
29.09.1994,1697.93
28.09.1994,1715.89
27.09.1994,1711.32
26.09.1994,1713.47
23.09.1994,1727.11
22.09.1994,1725.02
21.09.1994,1718.91
20.09.1994,1718.29
19.09.1994,1726.45
16.09.1994,1723.62
15.09.1994,1735.20
14.09.1994,1740.75
13.09.1994,1751.88
12.09.1994,1742.38
09.09.1994,1745.65
08.09.1994,1756.81
07.09.1994,1756.43
06.09.1994,1751.08
05.09.1994,1761.99
02.09.1994,1761.11
01.09.1994,1740.52
30.08.1994,1744.35
29.08.1994,1745.41
26.08.1994,1716.88
25.08.1994,1702.05
24.08.1994,1695.46
23.08.1994,1687.55
22.08.1994,1690.90
19.08.1994,1703.93
18.08.1994,1717.57
17.08.1994,1726.10
16.08.1994,1719.92
15.08.1994,1710.28
12.08.1994,1715.03
11.08.1994,1720.02
10.08.1994,1721.23
09.08.1994,1718.83
08.08.1994,1735.38
05.08.1994,1726.23
04.08.1994,1732.63
03.08.1994,1733.68
02.08.1994,1734.36
29.07.1994,1709.83
28.07.1994,1698.13
27.07.1994,1690.86
26.07.1994,1722.27
25.07.1994,1719.63
22.07.1994,1720.12
21.07.1994,1705.67
20.07.1994,1695.78
19.07.1994,1672.59
18.07.1994,1658.66
15.07.1994,1670.77
14.07.1994,1678.11
13.07.1994,1649.26
12.07.1994,1668.68
11.07.1994,1701.00
08.07.1994,1702.11
07.07.1994,1718.95
06.07.1994,1722.14
05.07.1994,1729.11
04.07.1994,1743.76
01.07.1994,1717.34
30.06.1994,1729.02
29.06.1994,1737.01
28.06.1994,1723.89
27.06.1994,1700.40
24.06.1994,1711.19
23.06.1994,1734.47
22.06.1994,1716.04
21.06.1994,1691.09
20.06.1994,1690.49
17.06.1994,1741.23
16.06.1994,1759.75
15.06.1994,1779.33
14.06.1994,1797.13
13.06.1994,1801.49
10.06.1994,1810.33
09.06.1994,1817.76
08.06.1994,1830.37
07.06.1994,1818.84
06.06.1994,1821.03
03.06.1994,1792.18
02.06.1994,1787.43
01.06.1994,1793.86
31.05.1994,1789.92
30.05.1994,1801.08
27.05.1994,1780.19
26.05.1994,1768.41
25.05.1994,1758.49
24.05.1994,1767.62
20.05.1994,1788.43
19.05.1994,1784.77
18.05.1994,1792.05
17.05.1994,1784.09
16.05.1994,1775.88
13.05.1994,1754.82
11.05.1994,1730.73
10.05.1994,1726.05
09.05.1994,1694.34
06.05.1994,1738.15
05.05.1994,1757.13
04.05.1994,1767.88
03.05.1994,1796.09
02.05.1994,1799.03
29.04.1994,1781.13
28.04.1994,1799.80
27.04.1994,1809.90
26.04.1994,1802.96
25.04.1994,1792.52
22.04.1994,1802.23
21.04.1994,1795.49
20.04.1994,1815.58
19.04.1994,1825.74
18.04.1994,1840.68
15.04.1994,1843.56
14.04.1994,1828.46
13.04.1994,1845.77
12.04.1994,1848.69
11.04.1994,1848.20
08.04.1994,1845.98
07.04.1994,1837.56
06.04.1994,1821.74
05.04.1994,1807.07
31.03.1994,1805.41
30.03.1994,1814.01
29.03.1994,1821.54
28.03.1994,1837.93
25.03.1994,1823.10
24.03.1994,1834.10
23.03.1994,1838.59
22.03.1994,1822.45
21.03.1994,1809.34
18.03.1994,1831.51
17.03.1994,1852.05
16.03.1994,1849.31
15.03.1994,1861.13
14.03.1994,1844.62
11.03.1994,1823.70
10.03.1994,1842.06
09.03.1994,1837.14
08.03.1994,1861.14
07.03.1994,1869.11
04.03.1994,1839.31
03.03.1994,1802.81
02.03.1994,1784.26
01.03.1994,1831.07
28.02.1994,1850.25
25.02.1994,1872.27
24.02.1994,1887.73
23.02.1994,1926.17
22.02.1994,1903.57
21.02.1994,1911.55
18.02.1994,1925.56
17.02.1994,1948.18
16.02.1994,1925.48
15.02.1994,1902.91
14.02.1994,1881.29
11.02.1994,1899.14
10.02.1994,1917.64
09.02.1994,1937.57
08.02.1994,1963.60
07.02.1994,1956.00
04.02.1994,2003.52
03.02.1994,1994.48
02.02.1994,2004.80
01.02.1994,1991.87
31.01.1994,2007.47
28.01.1994,1986.62
27.01.1994,1966.38
26.01.1994,1960.62
25.01.1994,1949.06
24.01.1994,1935.29
21.01.1994,1935.65
20.01.1994,1938.38
19.01.1994,1936.86
18.01.1994,1928.50
17.01.1994,1911.93
14.01.1994,1899.02
13.01.1994,1878.50
12.01.1994,1904.14
11.01.1994,1919.61
10.01.1994,1913.87
07.01.1994,1926.14
06.01.1994,1914.38
05.01.1994,1902.66
04.01.1994,1894.08
03.01.1994,1889.61
30.12.1993,1867.84
29.12.1993,1857.07
28.12.1993,1854.51
27.12.1993,1873.54
23.12.1993,1868.47
22.12.1993,1853.85
21.12.1993,1839.69
20.12.1993,1830.49
17.12.1993,1816.58
16.12.1993,1805.21
15.12.1993,1795.55
14.12.1993,1806.52
13.12.1993,1810.72
10.12.1993,1804.25
09.12.1993,1801.85
08.12.1993,1793.60
07.12.1993,1788.57
06.12.1993,1789.27
03.12.1993,1782.82
02.12.1993,1767.49
01.12.1993,1759.93
30.11.1993,1738.63
29.11.1993,1735.78
26.11.1993,1737.59
25.11.1993,1728.64
24.11.1993,1721.68
23.11.1993,1713.61
22.11.1993,1712.22
19.11.1993,1732.56
18.11.1993,1727.95
17.11.1993,1718.66
16.11.1993,1718.22
15.11.1993,1719.21
12.11.1993,1716.74
11.11.1993,1715.60
10.11.1993,1726.23
09.11.1993,1719.88
08.11.1993,1692.81
05.11.1993,1680.92
04.11.1993,1709.86
03.11.1993,1730.03
02.11.1993,1721.63
01.11.1993,1707.16
29.10.1993,1703.99
28.10.1993,1695.57
27.10.1993,1692.48
26.10.1993,1684.98
25.10.1993,1677.46
22.10.1993,1684.63
21.10.1993,1678.05
20.10.1993,1667.39
19.10.1993,1659.74
18.10.1993,1660.85
15.10.1993,1638.43
14.10.1993,1626.28
13.10.1993,1618.54
12.10.1993,1609.44
11.10.1993,1608.11
08.10.1993,1598.91
07.10.1993,1594.24
06.10.1993,1595.34
05.10.1993,1584.89
04.10.1993,1568.14
01.10.1993,1564.18
30.09.1993,1562.52
29.09.1993,1565.92
28.09.1993,1561.63
27.09.1993,1564.95
24.09.1993,1545.55
23.09.1993,1539.68
22.09.1993,1531.27
21.09.1993,1540.19
20.09.1993,1533.87
17.09.1993,1513.40
16.09.1993,1507.50
15.09.1993,1502.92
14.09.1993,1513.10
13.09.1993,1497.68
10.09.1993,1500.12
09.09.1993,1510.67
08.09.1993,1519.72
07.09.1993,1523.37
06.09.1993,1519.83
03.09.1993,1546.67
02.09.1993,1557.95
01.09.1993,1562.97
31.08.1993,1573.66
30.08.1993,1568.27
27.08.1993,1567.25
26.08.1993,1564.27
25.08.1993,1577.01
24.08.1993,1564.43
23.08.1993,1560.21
20.08.1993,1565.45
19.08.1993,1569.38
18.08.1993,1572.76
17.08.1993,1560.49
16.08.1993,1567.72
13.08.1993,1557.50
12.08.1993,1554.16
11.08.1993,1533.97
10.08.1993,1520.53
09.08.1993,1538.88
06.08.1993,1541.71
05.08.1993,1541.87
04.08.1993,1540.17
03.08.1993,1537.21
02.08.1993,1518.97
30.07.1993,1517.95
29.07.1993,1517.99
28.07.1993,1520.66
27.07.1993,1513.33
26.07.1993,1508.88
23.07.1993,1489.96
22.07.1993,1486.79
21.07.1993,1466.31
20.07.1993,1470.71
19.07.1993,1501.75
16.07.1993,1511.21
15.07.1993,1513.43
14.07.1993,1520.86
13.07.1993,1525.91
12.07.1993,1520.68
09.07.1993,1516.48
08.07.1993,1512.76
07.07.1993,1496.94
06.07.1993,1504.75
05.07.1993,1489.41
02.07.1993,1491.35
01.07.1993,1495.11
30.06.1993,1493.60
29.06.1993,1492.85
28.06.1993,1492.10
25.06.1993,1480.34
24.06.1993,1471.51
23.06.1993,1463.73
22.06.1993,1467.19
21.06.1993,1462.87
18.06.1993,1457.30
17.06.1993,1458.43
16.06.1993,1445.55
15.06.1993,1433.79
14.06.1993,1444.15
11.06.1993,1449.53
10.06.1993,1448.26
09.06.1993,1449.82
08.06.1993,1436.94
07.06.1993,1443.70
04.06.1993,1431.33
03.06.1993,1417.80
02.06.1993,1411.08
01.06.1993,1407.49
28.05.1993,1414.12
27.05.1993,1412.73
26.05.1993,1400.52
25.05.1993,1396.61
24.05.1993,1391.09
21.05.1993,1388.25
19.05.1993,1386.11
18.05.1993,1385.26
17.05.1993,1373.54
14.05.1993,1363.26
13.05.1993,1362.83
12.05.1993,1365.02
11.05.1993,1364.41
10.05.1993,1356.71
07.05.1993,1345.53
06.05.1993,1346.12
05.05.1993,1344.56
04.05.1993,1336.73
03.05.1993,1335.64
30.04.1993,1323.71
29.04.1993,1318.42
28.04.1993,1325.94
27.04.1993,1318.74
26.04.1993,1325.81
23.04.1993,1337.86
22.04.1993,1345.54
21.04.1993,1346.67
20.04.1993,1344.40
19.04.1993,1338.38
16.04.1993,1337.96
15.04.1993,1335.84
14.04.1993,1337.21
13.04.1993,1342.12
08.04.1993,1344.28
07.04.1993,1340.53
06.04.1993,1345.53
05.04.1993,1338.19
02.04.1993,1343.71
01.04.1993,1343.16
31.03.1993,1343.76
30.03.1993,1342.47
29.03.1993,1335.42
26.03.1993,1326.30
25.03.1993,1313.90
24.03.1993,1318.30
23.03.1993,1325.88
22.03.1993,1323.29
19.03.1993,1337.34
18.03.1993,1324.33
17.03.1993,1309.77
16.03.1993,1311.88
15.03.1993,1316.81
12.03.1993,1306.39
11.03.1993,1324.23
10.03.1993,1320.20
09.03.1993,1316.08
08.03.1993,1305.76
05.03.1993,1305.64
04.03.1993,1306.37
03.03.1993,1308.01
02.03.1993,1301.96
01.03.1993,1296.12
26.02.1993,1286.76
25.02.1993,1265.96
24.02.1993,1266.83
23.02.1993,1262.16
22.02.1993,1282.73
19.02.1993,1290.87
18.02.1993,1296.16
17.02.1993,1285.63
16.02.1993,1293.84
15.02.1993,1301.14
12.02.1993,1297.92
11.02.1993,1295.16
10.02.1993,1291.01
09.02.1993,1298.42
08.02.1993,1298.47
05.02.1993,1294.10
04.02.1993,1284.01
03.02.1993,1279.51
02.02.1993,1277.90
01.02.1993,1278.05
29.01.1993,1264.17
28.01.1993,1252.36
27.01.1993,1248.46
26.01.1993,1259.93
25.01.1993,1258.37
22.01.1993,1267.38
21.01.1993,1259.14
20.01.1993,1245.05
19.01.1993,1244.30
18.01.1993,1251.27
15.01.1993,1255.94
14.01.1993,1254.30
13.01.1993,1238.07
12.01.1993,1236.80
11.01.1993,1221.25
08.01.1993,1231.35
07.01.1993,1234.02
06.01.1993,1252.29
05.01.1993,1250.33
04.01.1993,1242.52
30.12.1992,1238.57
29.12.1992,1234.56
28.12.1992,1235.02
23.12.1992,1220.48
22.12.1992,1215.15
21.12.1992,1208.68
18.12.1992,1205.09
17.12.1992,1196.66
16.12.1992,1194.41
15.12.1992,1186.51
14.12.1992,1191.46
11.12.1992,1183.71
10.12.1992,1179.75
09.12.1992,1177.99
08.12.1992,1168.00
07.12.1992,1164.09
04.12.1992,1158.79
03.12.1992,1152.98
02.12.1992,1150.42
01.12.1992,1152.12
30.11.1992,1151.28
27.11.1992,1138.77
26.11.1992,1125.87
25.11.1992,1122.84
24.11.1992,1121.73
23.11.1992,1128.24
20.11.1992,1134.04
19.11.1992,1134.35
18.11.1992,1127.49
17.11.1992,1132.89
16.11.1992,1147.48
13.11.1992,1155.38
12.11.1992,1166.00
11.11.1992,1162.82
10.11.1992,1169.67
09.11.1992,1167.80
06.11.1992,1166.59
05.11.1992,1163.51
04.11.1992,1160.91
03.11.1992,1158.45
02.11.1992,1154.77
30.10.1992,1152.76
29.10.1992,1149.01
28.10.1992,1151.45
27.10.1992,1159.92
26.10.1992,1161.59
23.10.1992,1155.89
22.10.1992,1153.71
21.10.1992,1152.42
20.10.1992,1158.12
19.10.1992,1148.06
16.10.1992,1140.36
15.10.1992,1136.95
14.10.1992,1144.36
13.10.1992,1146.90
12.10.1992,1139.90
09.10.1992,1140.24
08.10.1992,1136.33
07.10.1992,1130.28
06.10.1992,1111.79
05.10.1992,1096.92
02.10.1992,1138.64
01.10.1992,1146.94
30.09.1992,1145.77
29.09.1992,1147.68
28.09.1992,1147.62
25.09.1992,1163.29
24.09.1992,1160.01
23.09.1992,1162.57
22.09.1992,1156.75
21.09.1992,1152.27
18.09.1992,1157.66
17.09.1992,1158.26
16.09.1992,1148.25
15.09.1992,1137.23
14.09.1992,1149.10
11.09.1992,1118.37
10.09.1992,1108.28
09.09.1992,1102.51
08.09.1992,1107.12
07.09.1992,1109.48
04.09.1992,1104.70
03.09.1992,1105.47
02.09.1992,1097.23
01.09.1992,1092.13
31.08.1992,1096.02
28.08.1992,1090.36
27.08.1992,1086.43
26.08.1992,1065.37
25.08.1992,1069.77
24.08.1992,1079.04
21.08.1992,1102.90
20.08.1992,1096.03
19.08.1992,1106.71
18.08.1992,1114.37
17.08.1992,1124.86
14.08.1992,1119.86
13.08.1992,1117.55
12.08.1992,1123.94
11.08.1992,1130.07
10.08.1992,1131.04
07.08.1992,1138.75
06.08.1992,1143.42
05.08.1992,1144.25
04.08.1992,1136.69
03.08.1992,1131.00
31.07.1992,1135.45
30.07.1992,1137.91
29.07.1992,1141.20
28.07.1992,1122.86
27.07.1992,1113.41
24.07.1992,1112.84
23.07.1992,1114.72
22.07.1992,1111.77
21.07.1992,1127.92
20.07.1992,1113.26
17.07.1992,1141.13
16.07.1992,1160.36
15.07.1992,1164.37
14.07.1992,1157.35
13.07.1992,1159.09
10.07.1992,1169.70
09.07.1992,1161.12
08.07.1992,1157.47
07.07.1992,1171.16
06.07.1992,1175.17
03.07.1992,1181.63
02.07.1992,1174.30
01.07.1992,1167.86
30.06.1992,1174.95
29.06.1992,1171.15
26.06.1992,1163.25
25.06.1992,1164.70
24.06.1992,1163.29
23.06.1992,1168.80
22.06.1992,1166.50
19.06.1992,1178.10
18.06.1992,1172.70
17.06.1992,1178.10
16.06.1992,1183.40
15.06.1992,1175.60
12.06.1992,1185.10
11.06.1992,1178.90
10.06.1992,1193.30
09.06.1992,1199.30
05.06.1992,1204.50
04.06.1992,1205.40
03.06.1992,1202.40
02.06.1992,1208.30
01.06.1992,1204.60
29.05.1992,1203.60
27.05.1992,1198.50
26.05.1992,1202.70
25.05.1992,1203.10
22.05.1992,1197.50
21.05.1992,1193.30
20.05.1992,1197.30
19.05.1992,1194.20
18.05.1992,1202.00
15.05.1992,1195.10
14.05.1992,1206.90
13.05.1992,1212.80
12.05.1992,1211.50
11.05.1992,1216.80
08.05.1992,1207.30
07.05.1992,1198.40
06.05.1992,1195.80
05.05.1992,1187.20
04.05.1992,1179.70
30.04.1992,1169.60
29.04.1992,1165.90
28.04.1992,1158.80
24.04.1992,1160.90
23.04.1992,1163.40
22.04.1992,1160.50
21.04.1992,1153.90
16.04.1992,1158.10
15.04.1992,1156.70
14.04.1992,1146.80
13.04.1992,1137.80
10.04.1992,1141.20
09.04.1992,1129.50
08.04.1992,1129.60
07.04.1992,1142.70
06.04.1992,1138.20
03.04.1992,1133.80
02.04.1992,1137.50
01.04.1992,1132.10
31.03.1992,1138.90
30.03.1992,1139.10
27.03.1992,1133.30
26.03.1992,1137.80
25.03.1992,1136.30
24.03.1992,1133.80
23.03.1992,1133.10
20.03.1992,1143.50
19.03.1992,1140.70
18.03.1992,1133.80
17.03.1992,1130.60
16.03.1992,1121.10
13.03.1992,1124.90
12.03.1992,1118.60
11.03.1992,1127.90
10.03.1992,1135.50
09.03.1992,1132.80
06.03.1992,1136.20
05.03.1992,1146.90
04.03.1992,1152.60
03.03.1992,1152.00
02.03.1992,1148.20
28.02.1992,1149.60
27.02.1992,1143.70
26.02.1992,1141.90
25.02.1992,1136.80
24.02.1992,1139.60
21.02.1992,1133.80
20.02.1992,1130.60
19.02.1992,1122.60
18.02.1992,1127.60
17.02.1992,1121.10
14.02.1992,1118.40
13.02.1992,1125.00
12.02.1992,1125.50
11.02.1992,1127.00
10.02.1992,1120.50
07.02.1992,1120.20
06.02.1992,1119.10
05.02.1992,1116.10
04.02.1992,1111.20
03.02.1992,1112.70
31.01.1992,1111.50
30.01.1992,1106.90
29.01.1992,1108.80
28.01.1992,1119.10
27.01.1992,1120.60
24.01.1992,1114.10
23.01.1992,1112.60
22.01.1992,1111.30
21.01.1992,1110.40
20.01.1992,1105.30
17.01.1992,1104.60
16.01.1992,1106.80
15.01.1992,1111.20
14.01.1992,1091.90
13.01.1992,1085.00
10.01.1992,1088.00
09.01.1992,1080.20
08.01.1992,1063.40
07.01.1992,1065.80
06.01.1992,1071.60
03.01.1992,1068.60
30.12.1991,1052.80
27.12.1991,1043.80
24.12.1991,1029.10
23.12.1991,1015.60
20.12.1991,1016.70
19.12.1991,1022.50
18.12.1991,1029.80
17.12.1991,1031.30
16.12.1991,1029.40
13.12.1991,1029.90
12.12.1991,1022.80
11.12.1991,1017.60
10.12.1991,1024.30
09.12.1991,1028.00
06.12.1991,1027.20
05.12.1991,1031.80
04.12.1991,1039.70
03.12.1991,1034.00
02.12.1991,1026.60
29.11.1991,1040.20
28.11.1991,1047.30
27.11.1991,1050.90
26.11.1991,1057.50
25.11.1991,1046.80
22.11.1991,1057.20
21.11.1991,1067.70
20.11.1991,1072.30
19.11.1991,1075.20
18.11.1991,1085.60
15.11.1991,1107.50
14.11.1991,1108.00
13.11.1991,1105.50
12.11.1991,1108.30
11.11.1991,1101.60
08.11.1991,1104.90
07.11.1991,1087.90
06.11.1991,1083.60
05.11.1991,1077.80
04.11.1991,1070.40
01.11.1991,1073.60
31.10.1991,1078.80
30.10.1991,1083.10
29.10.1991,1088.20
28.10.1991,1088.00
25.10.1991,1081.80
24.10.1991,1094.30
23.10.1991,1096.80
22.10.1991,1093.10
21.10.1991,1097.70
18.10.1991,1098.40
17.10.1991,1090.90
16.10.1991,1088.60
15.10.1991,1080.00
14.10.1991,1079.00
11.10.1991,1079.60
10.10.1991,1075.60
09.10.1991,1082.50
08.10.1991,1084.70
07.10.1991,1085.00
04.10.1991,1090.50
03.10.1991,1089.20
02.10.1991,1089.50
01.10.1991,1082.50
30.09.1991,1078.80
27.09.1991,1079.60
26.09.1991,1076.10
25.09.1991,1081.60
24.09.1991,1086.60
23.09.1991,1088.80
20.09.1991,1093.00
19.09.1991,1091.60
18.09.1991,1092.10
17.09.1991,1100.80
16.09.1991,1101.80
13.09.1991,1110.60
12.09.1991,1108.30
11.09.1991,1108.50
10.09.1991,1106.10
09.09.1991,1106.10
06.09.1991,1112.70
05.09.1991,1115.00
04.09.1991,1114.80
03.09.1991,1118.10
02.09.1991,1118.90
30.08.1991,1122.50
29.08.1991,1121.70
28.08.1991,1113.30
27.08.1991,1108.90
26.08.1991,1115.40
23.08.1991,1111.80
22.08.1991,1105.70
21.08.1991,1097.10
20.08.1991,1065.60
19.08.1991,1040.20
16.08.1991,1123.70
15.08.1991,1128.60
14.08.1991,1126.30
13.08.1991,1122.00
12.08.1991,1120.90
09.08.1991,1124.40
08.08.1991,1120.70
07.08.1991,1120.70
06.08.1991,1117.00
05.08.1991,1121.30
02.08.1991,1125.80
31.07.1991,1123.30
30.07.1991,1120.20
29.07.1991,1117.60
26.07.1991,1119.10
25.07.1991,1121.10
24.07.1991,1121.40
23.07.1991,1128.90
22.07.1991,1125.30
19.07.1991,1129.10
18.07.1991,1128.10
17.07.1991,1124.40
16.07.1991,1112.70
15.07.1991,1121.30
12.07.1991,1117.30
11.07.1991,1108.60
10.07.1991,1110.20
09.07.1991,1100.40
08.07.1991,1093.90
05.07.1991,1103.00
04.07.1991,1102.00
03.07.1991,1098.60
02.07.1991,1104.40
01.07.1991,1096.70
28.06.1991,1091.40
27.06.1991,1094.90
26.06.1991,1100.50
25.06.1991,1104.60
24.06.1991,1104.90
21.06.1991,1114.90
20.06.1991,1110.20
19.06.1991,1111.50
18.06.1991,1118.50
17.06.1991,1117.70
14.06.1991,1112.80
13.06.1991,1102.10
12.06.1991,1108.50
11.06.1991,1117.00
10.06.1991,1115.00
07.06.1991,1120.80
06.06.1991,1119.80
05.06.1991,1124.00
04.06.1991,1119.80
03.06.1991,1125.00
31.05.1991,1123.40
30.05.1991,1110.20
29.05.1991,1112.30
28.05.1991,1115.70
27.05.1991,1111.10
24.05.1991,1103.20
23.05.1991,1100.30
22.05.1991,1097.10
21.05.1991,1088.50
17.05.1991,1079.60
16.05.1991,1076.90
15.05.1991,1073.70
14.05.1991,1078.90
13.05.1991,1080.30
10.05.1991,1084.90
08.05.1991,1078.40
07.05.1991,1085.30
06.05.1991,1079.70
03.05.1991,1082.40
02.05.1991,1086.00
30.04.1991,1073.70
29.04.1991,1078.80
26.04.1991,1076.90
25.04.1991,1078.90
24.04.1991,1082.60
23.04.1991,1082.90
22.04.1991,1073.80
19.04.1991,1082.60
18.04.1991,1078.10
17.04.1991,1080.10
16.04.1991,1072.10
15.04.1991,1084.60
12.04.1991,1083.10
11.04.1991,1074.20
10.04.1991,1073.80
09.04.1991,1087.00
08.04.1991,1085.50
05.04.1991,1082.70
04.04.1991,1074.20
03.04.1991,1074.10
02.04.1991,1061.00
28.03.1991,1059.10
27.03.1991,1059.30
26.03.1991,1042.50
25.03.1991,1042.10
22.03.1991,1040.10
21.03.1991,1033.40
20.03.1991,1023.00
19.03.1991,1028.80
18.03.1991,1040.70
15.03.1991,1049.40
14.03.1991,1050.60
13.03.1991,1031.60
12.03.1991,1043.70
11.03.1991,1052.60
08.03.1991,1049.50
07.03.1991,1046.20
06.03.1991,1048.50
05.03.1991,1031.70
04.03.1991,1022.80
01.03.1991,1011.00
28.02.1991,1017.90
27.02.1991,1023.20
26.02.1991,1016.30
25.02.1991,1029.40
22.02.1991,1011.70
21.02.1991,1002.80
20.02.1991,993.20
19.02.1991,1010.00
18.02.1991,1010.10
15.02.1991,996.60
14.02.1991,984.60
13.02.1991,982.90
12.02.1991,971.50
11.02.1991,972.40
08.02.1991,951.30
07.02.1991,944.00
06.02.1991,939.60
05.02.1991,947.50
04.02.1991,939.80
01.02.1991,930.90
31.01.1991,924.80
30.01.1991,924.20
29.01.1991,909.10
28.01.1991,909.80
25.01.1991,902.50
24.01.1991,896.70
23.01.1991,876.40
22.01.1991,869.90
21.01.1991,865.80
18.01.1991,878.70
17.01.1991,886.40
16.01.1991,843.80
15.01.1991,847.00
14.01.1991,843.50
11.01.1991,865.10
10.01.1991,868.90
09.01.1991,877.10
08.01.1991,865.50
07.01.1991,874.90
04.01.1991,894.10
03.01.1991,895.20
28.12.1990,908.30
27.12.1990,906.70
24.12.1990,907.60
21.12.1990,908.90
20.12.1990,903.20
19.12.1990,912.80
18.12.1990,914.70
17.12.1990,911.90
14.12.1990,925.00
13.12.1990,926.90
12.12.1990,926.30
11.12.1990,925.50
10.12.1990,929.70
07.12.1990,937.80
06.12.1990,939.10
05.12.1990,918.60
04.12.1990,912.70
03.12.1990,914.00
30.11.1990,901.30
29.11.1990,989.80
28.11.1990,888.40
27.11.1990,884.70
26.11.1990,884.80
23.11.1990,900.50
22.11.1990,902.10
21.11.1990,906.70
20.11.1990,908.40
19.11.1990,912.80
18.11.1990,901.60
15.11.1990,908.30
14.11.1990,910.90
13.11.1990,915.30
12.11.1990,911.20
09.11.1990,904.00
08.11.1990,901.10
07.11.1990,903.80
06.11.1990,908.20
05.11.1990,914.10
02.11.1990,915.10
01.11.1990,910.10
31.10.1990,925.60
30.10.1990,926.50
29.10.1990,933.80
26.10.1990,938.30
25.10.1990,954.70
24.10.1990,961.40
23.10.1990,962.00
22.10.1990,954.10
19.10.1990,955.10
18.10.1990,947.70
17.10.1990,932.40
16.10.1990,937.90
15.10.1990,940.20
11.10.1990,933.90
10.10.1990,927.50
09.10.1990,933.90
08.10.1990,940.00
05.10.1990,923.00
04.10.1990,922.80
03.10.1990,931.10
02.10.1990,935.20
01.10.1990,916.30
28.09.1990,894.50
27.09.1990,912.60
26.09.1990,907.60
25.09.1990,908.70
24.09.1990,928.00
21.09.1990,949.30
20.09.1990,955.60
19.09.1990,970.30
18.09.1990,937.80
17.09.1990,983.20
14.09.1990,991.30
13.09.1990,1003.10
12.09.1990,1007.30
11.09.1990,998.80
10.09.1990,1006.50
07.09.1990,992.00
06.09.1990,998.80
05.09.1990,1003.50
04.09.1990,1003.70
03.09.1990,1017.70
31.08.1990,1018.80
30.08.1990,1020.00
29.08.1990,1011.80
28.08.1990,1006.80
27.08.1990,1024.10
24.08.1990,988.30
23.08.1990,959.80
22.08.1990,1004.90
21.08.1990,1008.20
20.08.1990,1041.60
17.08.1990,1057.30
16.08.1990,1081.80
15.08.1990,1087.70
14.08.1990,1070.10
13.08.1990,1066.30
10.08.1990,1091.60
09.08.1990,1090.40
08.08.1990,1082.50
07.08.1990,1104.30
06.08.1990,1073.00
03.08.1990,1143.60
02.08.1990,1161.60
31.07.1990,1178.31
30.07.1990,1168.70
29.07.1990,1199.80
27.07.1990,1175.80
26.07.1990,1185.80
25.07.1990,1189.80
24.07.1990,1189.00
23.07.1990,1202.80
20.07.1990,1217.10
19.07.1990,1215.20
18.07.1990,1217.70
17.07.1990,1223.50
16.07.1990,1230.70
13.07.1990,1231.00
12.07.1990,1227.20
11.07.1990,1225.90
10.07.1990,1220.90
09.07.1990,1225.40
06.07.1990,1221.10
05.07.1990,1209.20
04.07.1990,1216.20
03.07.1990,1205.10
02.07.1990,1197.40
28.06.1990,1192.70
27.06.1990,1190.70
26.06.1990,1188.10
25.06.1990,1188.10
22.06.1990,1189.30
21.06.1990,1180.10
20.06.1990,1177.90
19.06.1990,1176.00
18.06.1990,1182.20
15.06.1990,1185.90
14.06.1990,1187.70
13.06.1990,1186.00
12.06.1990,1182.20
11.06.1990,1170.70
08.06.1990,1181.30
07.06.1990,1180.40
06.06.1990,1182.40
05.06.1990,1195.10
01.06.1990,1186.90
31.05.1990,1173.60
30.05.1990,1177.90
29.05.1990,1165.00
28.05.1990,1147.50
25.05.1990,1143.80
23.05.1990,1142.80
22.05.1990,1134.00
21.05.1990,1127.10
18.05.1990,1131.30
17.05.1990,1127.40
16.05.1990,1119.70
15.05.1990,1118.20
14.05.1990,1125.60
11.05.1990,1128.80
10.05.1990,1112.30
09.05.1990,1085.20
08.05.1990,1074.60
07.05.1990,1077.40
04.05.1990,1076.30
03.05.1990,1063.40
02.05.1990,1050.20
30.04.1990,1044.00
27.04.1990,1052.10
26.04.1990,1057.80
25.04.1990,1057.40
24.04.1990,1061.10
20.04.1990,1070.00
19.04.1990,1066.90
18.04.1990,1071.70
17.04.1990,1074.60
12.04.1990,1076.60
11.04.1990,1072.10
10.04.1990,1078.40
09.04.1990,1082.60
06.04.1990,1084.30
05.04.1990,1076.00
04.04.1990,1070.30
03.04.1990,1068.80
02.04.1990,1061.20
30.03.1990,1079.60
29.03.1990,1077.10
28.03.1990,1067.10
27.03.1990,1066.60
26.03.1990,1078.30
23.03.1990,1078.40
22.03.1990,1084.50
21.03.1990,1093.10
20.03.1990,1093.10
19.03.1990,1096.60
16.03.1990,1102.70
15.03.1990,1101.50
14.03.1990,1097.00
13.03.1990,1101.30
12.03.1990,1103.00
09.03.1990,1110.00
08.03.1990,1112.00
07.03.1990,1106.40
06.03.1990,1094.70
05.03.1990,1098.60
02.03.1990,1096.70
01.03.1990,1088.70
28.02.1990,1096.20
27.02.1990,1103.60
26.02.1990,1091.20
23.02.1990,1101.00
22.02.1990,1113.00
21.02.1990,1107.60
20.02.1990,1117.00
19.02.1990,1127.90
16.02.1990,1127.50
15.02.1990,1121.20
14.02.1990,1116.40
13.02.1990,1118.40
12.02.1990,1120.20
09.02.1990,1127.10
08.02.1990,1132.30
07.02.1990,1120.20
06.02.1990,1131.00
05.02.1990,1131.60
02.02.1990,1121.70
01.02.1990,1108.50
31.01.1990,1102.30
30.01.1990,1099.70
29.01.1990,1097.00
26.01.1990,1088.50
25.01.1990,1092.80
24.01.1990,1089.90
23.01.1990,1114.40
22.01.1990,1119.40
19.01.1990,1120.20
18.01.1990,1113.50
17.01.1990,1126.50
16.01.1990,1122.50
15.01.1990,1139.90
12.01.1990,1152.20
11.01.1990,1157.70
10.01.1990,1153.00
09.01.1990,1153.40
08.01.1990,1149.40
05.01.1990,1151.20
04.01.1990,1162.70
03.01.1990,1162.30
28.12.1989,1137.90
27.12.1989,1128.00
22.12.1989,1124.00
21.12.1989,1124.60
20.12.1989,1118.70
19.12.1989,1112.50
18.12.1989,1105.80
15.12.1989,1120.20
14.12.1989,1123.70
13.12.1989,1124.60
12.12.1989,1136.30
11.12.1989,1143.60
08.12.1989,1143.50
07.12.1989,1147.40
06.12.1989,1142.60
05.12.1989,1144.00
04.12.1989,1150.60
01.12.1989,1148.30
30.11.1989,1140.90
29.11.1989,1135.20
28.11.1989,1129.80
27.11.1989,1129.40
24.11.1989,1127.80
23.11.1989,1117.20
22.11.1989,1107.00
21.11.1989,1103.30
20.11.1989,1107.00
17.11.1989,1103.80
16.11.1989,1095.90
15.11.1989,1091.20
14.11.1989,1092.70
13.11.1989,1104.50
10.11.1989,1104.10
09.11.1989,1097.70
08.11.1989,1094.10
07.11.1989,1075.80
06.11.1989,1082.50
03.11.1989,1085.30
02.11.1989,1095.80
01.11.1989,1102.30
31.10.1989,1107.80
30.10.1989,1107.30
27.10.1989,1106.00
26.10.1989,1119.50
25.10.1989,1113.10
24.10.1989,1129.80
23.10.1989,1145.90
20.10.1989,1148.90
19.10.1989,1151.80
18.10.1989,1122.30
17.10.1989,1115.80
16.10.1989,1073.90
13.10.1989,1185.10
12.10.1989,1185.50
11.10.1989,1185.40
10.10.1989,1194.50
09.10.1989,1196.50
06.10.1989,1194.30
05.10.1989,1189.80
04.10.1989,1178.80
03.10.1989,1167.30
02.10.1989,1161.20
29.09.1989,1176.70
28.09.1989,1178.10
27.09.1989,1170.10
26.09.1989,1186.80
25.09.1989,1199.80
22.09.1989,1199.10
21.09.1989,1196.10
20.09.1989,1201.00
19.09.1989,1201.60
18.09.1989,1193.30
15.09.1989,1184.50
14.09.1989,1180.70
13.09.1989,1191.40
12.09.1989,1201.80
11.09.1989,1212.60
08.09.1989,1214.10
07.09.1989,1218.20
06.09.1989,1219.90
05.09.1989,1216.20
04.09.1989,1214.40
01.09.1989,1208.10
31.08.1989,1209.40
30.08.1989,1200.90
29.08.1989,1219.70
28.08.1989,1226.60
25.08.1989,1225.30
24.08.1989,1221.40
23.08.1989,1218.30
22.08.1989,1208.80
21.08.1989,1206.00
18.08.1989,1204.10
17.08.1989,1204.30
16.08.1989,1201.90
15.08.1989,1192.50
14.08.1989,1205.00
11.08.1989,1214.80
10.08.1989,1206.60
09.08.1989,1210.90
08.08.1989,1196.10
07.08.1989,1186.10
04.08.1989,1179.60
03.08.1989,1179.30
02.08.1989,1169.80
31.07.1989,1164.50
28.07.1989,1163.60
27.07.1989,1154.90
26.07.1989,1148.50
25.07.1989,1142.00
24.07.1989,1145.10
21.07.1989,1138.20
20.07.1989,1134.20
19.07.1989,1131.70
18.07.1989,1126.20
17.07.1989,1123.40
14.07.1989,1121.00
13.07.1989,1119.60
12.07.1989,1123.90
11.07.1989,1117.40
10.07.1989,1111.30
07.07.1989,1112.00
06.07.1989,1107.80
05.07.1989,1115.00
04.07.1989,1107.00
03.07.1989,1100.30
30.06.1989,1094.50
29.06.1989,1099.10
28.06.1989,1103.20
27.06.1989,1091.90
26.06.1989,1095.10
23.06.1989,1100.90
22.06.1989,1097.10
21.06.1989,1092.80
20.06.1989,1087.30
19.06.1989,1081.80
16.06.1989,1078.30
15.06.1989,1073.30
14.06.1989,1068.00
13.06.1989,1062.30
12.06.1989,1065.90
09.06.1989,1066.10
08.06.1989,1054.30
07.06.1989,1050.40
06.06.1989,1039.50
05.06.1989,1042.20
02.06.1989,1036.50
01.06.1989,1017.50
31.05.1989,1005.30
30.05.1989,1005.50
29.05.1989,996.60
26.05.1989,994.00
25.05.1989,997.20
24.05.1989,999.20
23.05.1989,1007.20
22.05.1989,1009.30
19.05.1989,1006.90
18.05.1989,1003.90
17.05.1989,1004.00
16.05.1989,1012.20
12.05.1989,1013.40
11.05.1989,1011.70
10.05.1989,1014.20
09.05.1989,1016.10
08.05.1989,1023.10
05.05.1989,1026.80
03.05.1989,1024.90
02.05.1989,1028.60
28.04.1989,1035.10
27.04.1989,1026.60
26.04.1989,1020.60
25.04.1989,1018.70
24.04.1989,1024.10
21.04.1989,1024.50
20.04.1989,1028.50
19.04.1989,1031.20
18.04.1989,1031.80
17.04.1989,1033.40
14.04.1989,1027.90
13.04.1989,1028.60
12.04.1989,1024.70
11.04.1989,1028.50
10.04.1989,1025.80
07.04.1989,1018.00
06.04.1989,1018.70
05.04.1989,1009.20
04.04.1989,1005.50
03.04.1989,1005.10
31.03.1989,998.10
30.03.1989,994.70
29.03.1989,996.60
28.03.1989,992.40
23.03.1989,990.20
22.03.1989,988.40
21.03.1989,985.70
20.03.1989,982.90
17.03.1989,991.40
16.03.1989,991.50
15.03.1989,990.20
14.03.1989,987.40
13.03.1989,985.20
10.03.1989,986.00
09.03.1989,986.30
08.03.1989,982.70
07.03.1989,985.20
06.03.1989,985.00
03.03.1989,969.80
02.03.1989,958.90
01.03.1989,959.90
28.02.1989,955.60
27.02.1989,949.00
24.02.1989,970.00
23.02.1989,969.70
22.02.1989,980.90
21.02.1989,979.70
20.02.1989,980.30
17.02.1989,977.10
16.02.1989,978.80
15.02.1989,976.60
14.02.1989,973.90
13.02.1989,971.00
10.02.1989,974.30
09.02.1989,971.60
08.02.1989,970.20
07.02.1989,962.20
06.02.1989,961.60
03.02.1989,959.20
02.02.1989,957.50
01.02.1989,961.20
31.01.1989,964.40
30.01.1989,971.00
27.01.1989,972.60
26.01.1989,973.20
25.01.1989,973.80
24.01.1989,964.70
23.01.1989,962.60
20.01.1989,961.30
19.01.1989,962.80
18.01.1989,963.90
17.01.1989,964.60
16.01.1989,975.80
13.01.1989,975.50
12.01.1989,970.90
11.01.1989,964.60
10.01.1989,963.70
09.01.1989,967.10
06.01.1989,962.40
05.01.1989,962.20
04.01.1989,954.50
03.01.1989,954.70
29.12.1988,942.50
28.12.1988,937.61
27.12.1988,931.07
23.12.1988,927.02
22.12.1988,923.76
21.12.1988,921.46
20.12.1988,920.41
19.12.1988,915.42
16.12.1988,915.90
15.12.1988,916.25
14.12.1988,923.80
13.12.1988,923.57
12.12.1988,931.88
09.12.1988,928.76
08.12.1988,926.89
07.12.1988,926.11
06.12.1988,922.56
05.12.1988,916.51
02.12.1988,920.33
01.12.1988,920.43
30.11.1988,921.74
29.11.1988,917.51
28.11.1988,912.99
25.11.1988,919.88
24.11.1988,914.63
23.11.1988,900.53
22.11.1988,891.40
21.11.1988,886.46
18.11.1988,910.43
17.11.1988,912.37
16.11.1988,918.88
15.11.1988,914.47
14.11.1988,913.37
11.11.1988,916.92
10.11.1988,926.03
09.11.1988,933.33
08.11.1988,935.50
07.11.1988,932.69
04.11.1988,940.34
03.11.1988,939.41
02.11.1988,943.72
01.11.1988,940.56
31.10.1988,936.43
28.10.1988,940.19
27.10.1988,935.96
26.10.1988,938.75
25.10.1988,934.24
24.10.1988,934.73
21.10.1988,938.96
20.10.1988,930.20
19.10.1988,930.41
18.10.1988,924.42
17.10.1988,923.52
14.10.1988,925.70
13.10.1988,921.29
12.10.1988,923.37
11.10.1988,927.65
10.10.1988,928.90
07.10.1988,922.19
06.10.1988,916.01
05.10.1988,910.59
04.10.1988,907.83
03.10.1988,909.09
30.09.1988,910.85
29.09.1988,909.43
28.09.1988,906.15
27.09.1988,909.08
26.09.1988,910.73
23.09.1988,904.56
22.09.1988,905.95
21.09.1988,901.76
20.09.1988,892.05
19.09.1988,895.85
16.09.1988,888.05
15.09.1988,890.27
14.09.1988,885.61
13.09.1988,879.83
12.09.1988,877.67
09.09.1988,876.22
08.09.1988,881.53
07.09.1988,884.44
06.09.1988,883.73
05.09.1988,884.10
02.09.1988,877.29
01.09.1988,877.96
31.08.1988,885.50
30.08.1988,888.66
29.08.1988,888.16
26.08.1988,894.55
25.08.1988,894.16
24.08.1988,894.64
23.08.1988,893.88
22.08.1988,900.67
19.08.1988,896.89
18.08.1988,891.47
17.08.1988,891.95
16.08.1988,878.27
15.08.1988,886.13
12.08.1988,891.28
11.08.1988,888.32
10.08.1988,900.61
09.08.1988,907.59
08.08.1988,909.79
05.08.1988,908.79
04.08.1988,900.87
03.08.1988,894.04
02.08.1988,889.43
29.07.1988,884.69
28.07.1988,878.86
27.07.1988,878.07
26.07.1988,876.71
25.07.1988,879.73
22.07.1988,884.09
21.07.1988,889.89
20.07.1988,887.39
19.07.1988,884.12
18.07.1988,891.78
15.07.1988,887.00
14.07.1988,886.07
13.07.1988,885.22
12.07.1988,890.07
11.07.1988,895.60
08.07.1988,893.07
07.07.1988,887.12
06.07.1988,890.36
05.07.1988,882.30
04.07.1988,876.56
01.07.1988,874.29
30.06.1988,869.43
29.06.1988,870.89
28.06.1988,864.44
27.06.1988,872.69
24.06.1988,875.12
23.06.1988,875.82
22.06.1988,872.56
21.06.1988,863.70
20.06.1988,862.05
17.06.1988,861.88
16.06.1988,858.15
15.06.1988,861.73
14.06.1988,854.66
13.06.1988,852.78
10.06.1988,847.97
09.06.1988,849.77
08.06.1988,842.26
07.06.1988,841.86
06.06.1988,846.42
03.06.1988,837.85
02.06.1988,831.97
01.06.1988,834.20
31.05.1988,822.19
30.05.1988,811.86
27.05.1988,807.06
26.05.1988,804.68
25.05.1988,806.52
24.05.1988,800.09
20.05.1988,804.66
19.05.1988,800.52
18.05.1988,806.05
17.05.1988,808.93
16.05.1988,803.87
13.05.1988,791.16
11.05.1988,794.83
10.05.1988,802.45
09.05.1988,805.54
06.05.1988,809.26
05.05.1988,812.13
04.05.1988,821.45
03.05.1988,820.00
02.05.1988,822.94
29.04.1988,822.21
28.04.1988,824.04
27.04.1988,825.10
26.04.1988,818.15
25.04.1988,811.90
22.04.1988,813.10
21.04.1988,819.33
20.04.1988,819.95
19.04.1988,827.75
18.04.1988,829.50
15.04.1988,830.88
14.04.1988,840.26
13.04.1988,839.39
12.04.1988,834.29
11.04.1988,836.58
08.04.1988,823.26
07.04.1988,827.73
06.04.1988,823.66
05.04.1988,816.29
31.03.1988,812.26
30.03.1988,817.23
29.03.1988,815.95
28.03.1988,794.07
25.03.1988,829.78
24.03.1988,852.91
23.03.1988,855.00
22.03.1988,850.57
21.03.1988,859.50
18.03.1988,865.67
17.03.1988,859.72
16.03.1988,856.92
15.03.1988,855.57
14.03.1988,849.72
11.03.1988,849.58
10.03.1988,864.43
09.03.1988,860.25
08.03.1988,848.94
07.03.1988,854.55
04.03.1988,850.45
03.03.1988,856.38
02.03.1988,850.31
01.03.1988,842.65
29.02.1988,828.73
26.02.1988,830.54
25.02.1988,836.64
24.02.1988,828.03
23.02.1988,823.45
22.02.1988,814.77
19.02.1988,817.54
18.02.1988,820.79
17.02.1988,821.80
16.02.1988,815.42
15.02.1988,808.76
12.02.1988,797.65
11.02.1988,793.70
10.02.1988,783.35
09.02.1988,780.97
08.02.1988,787.39
05.02.1988,786.96
04.02.1988,781.36
03.02.1988,773.01
02.02.1988,771.14
01.02.1988,775.61
29.01.1988,764.99
28.01.1988,761.06
27.01.1988,760.52
26.01.1988,762.52
25.01.1988,764.57
22.01.1988,762.31
21.01.1988,755.90
20.01.1988,759.48
19.01.1988,769.20
18.01.1988,777.02
15.01.1988,756.19
14.01.1988,755.02
13.01.1988,753.44
12.01.1988,771.33
11.01.1988,767.74
08.01.1988,803.53
07.01.1988,788.87
06.01.1988,794.90
05.01.1988,784.39
04.01.1988,754.15
01.12.1987,769.40
01.11.1987,786.00
01.10.1987,884.30
01.09.1987,1173.20
01.08.1987,1127.00
01.07.1987,1121.70
01.06.1987,1045.50
01.05.1987,1001.40
01.04.1987,1006.10
01.03.1987,1024.10
01.02.1987,1007.20
01.01.1987,1049.70