ISIN,CH0042660313
SYMBOL,REAL
NAME,SXI Real Estate Shares Broad TR
INDEX TYPE,Total Return
DATE,Close
24.08.2026,4673.47
21.08.2026,4707.33
20.08.2026,4666.04
19.08.2026,4604.99
18.08.2026,4629.63
17.08.2026,4650.02
14.08.2026,4695.52
13.08.2026,4709.39
12.08.2026,4702.31
11.08.2026,4703.65
10.08.2026,4704.19
07.08.2026,4725.93
06.08.2026,4708.75
05.08.2026,4711.99
04.08.2026,4741.47
03.08.2026,4760.19
31.07.2026,4800.28
30.07.2026,4821.27
29.07.2026,4792.46
28.07.2026,4811.95
27.07.2026,4789.09
24.07.2026,4760.06
23.07.2026,4797.42
22.07.2026,4838.62
21.07.2026,4839.83
20.07.2026,4859.24
17.07.2026,4860.97
16.07.2026,4776.30
15.07.2026,4751.20
14.07.2026,4798.43
13.07.2026,4761.84
10.07.2026,4740.85
09.07.2026,4773.47
08.07.2026,4744.17
07.07.2026,4755.78
06.07.2026,4761.39
03.07.2026,4792.50
02.07.2026,4784.16
01.07.2026,4747.19
30.06.2026,4781.13
29.06.2026,4817.68
26.06.2026,4831.12
25.06.2026,4780.62
24.06.2026,4799.98
23.06.2026,4788.86
22.06.2026,4788.50
19.06.2026,4761.30
18.06.2026,4743.47
17.06.2026,4783.88
16.06.2026,4776.64
15.06.2026,4806.55
12.06.2026,4733.18
11.06.2026,4723.79
10.06.2026,4733.83
09.06.2026,4695.73
08.06.2026,4688.55
05.06.2026,4662.31
04.06.2026,4693.18
03.06.2026,4700.79
02.06.2026,4737.17
01.06.2026,4744.37
29.05.2026,4827.71
28.05.2026,4799.77
27.05.2026,4765.42
26.05.2026,4767.77
22.05.2026,4766.61
21.05.2026,4792.98
20.05.2026,4849.28
19.05.2026,4786.31
18.05.2026,4778.32
15.05.2026,4746.35
13.05.2026,4766.82
12.05.2026,4803.66
11.05.2026,4817.04
08.05.2026,4831.03
07.05.2026,4867.37
06.05.2026,4933.64
05.05.2026,4908.05
04.05.2026,4880.76
30.04.2026,4989.66
29.04.2026,4967.48
28.04.2026,4994.25
27.04.2026,4962.95
24.04.2026,5047.91
23.04.2026,5017.82
22.04.2026,5023.84
21.04.2026,5023.59
20.04.2026,5031.82
17.04.2026,5040.11
16.04.2026,5063.55
15.04.2026,5070.89
14.04.2026,5075.03
13.04.2026,5052.91
10.04.2026,5049.60
09.04.2026,5047.34
08.04.2026,5027.81
07.04.2026,5047.46
02.04.2026,5058.12
01.04.2026,5028.42
31.03.2026,4959.76
30.03.2026,4938.20
27.03.2026,4880.41
26.03.2026,4869.78
25.03.2026,4892.41
24.03.2026,4877.62
23.03.2026,4838.45
20.03.2026,4859.33
19.03.2026,4971.43
18.03.2026,5013.45
17.03.2026,4997.90
16.03.2026,5023.50
13.03.2026,5017.88
12.03.2026,5008.56
11.03.2026,5018.09
10.03.2026,5067.19
09.03.2026,5110.06
06.03.2026,5138.68
05.03.2026,5153.25
04.03.2026,5165.13
03.03.2026,5132.27
02.03.2026,5158.92
27.02.2026,5182.96
26.02.2026,5140.02
25.02.2026,5027.95
24.02.2026,5061.98
23.02.2026,4978.07
20.02.2026,4970.59
19.02.2026,4958.00
18.02.2026,4933.51
17.02.2026,4997.38
16.02.2026,4952.68
13.02.2026,4974.52
12.02.2026,4983.78
11.02.2026,4944.17
10.02.2026,4948.04
09.02.2026,4924.01
06.02.2026,4905.60
05.02.2026,4864.27
04.02.2026,4874.56
03.02.2026,4847.20
02.02.2026,4801.48
30.01.2026,4833.81
29.01.2026,4841.43
28.01.2026,4753.86
27.01.2026,4697.24
26.01.2026,4673.20
23.01.2026,4682.03
22.01.2026,4666.47
21.01.2026,4640.08
20.01.2026,4621.04
19.01.2026,4640.42
16.01.2026,4638.53
15.01.2026,4614.26
14.01.2026,4545.95
13.01.2026,4522.55
12.01.2026,4605.27
09.01.2026,4603.53
08.01.2026,4593.35
07.01.2026,4571.35
06.01.2026,4490.80
05.01.2026,4501.46
30.12.2025,4520.19
29.12.2025,4504.57
23.12.2025,4479.67
22.12.2025,4488.75
19.12.2025,4459.47
18.12.2025,4454.00
17.12.2025,4401.68
16.12.2025,4377.63
15.12.2025,4373.87
12.12.2025,4360.77
11.12.2025,4341.27
10.12.2025,4353.34
09.12.2025,4359.25
08.12.2025,4358.01
05.12.2025,4369.56
04.12.2025,4403.26
03.12.2025,4407.30
02.12.2025,4415.45
01.12.2025,4392.39
28.11.2025,4417.82
27.11.2025,4402.71
26.11.2025,4394.59
25.11.2025,4362.81
24.11.2025,4366.40
21.11.2025,4353.50
20.11.2025,4347.77
19.11.2025,4318.94
18.11.2025,4333.51
17.11.2025,4325.11
14.11.2025,4315.73
13.11.2025,4341.75
12.11.2025,4318.62
11.11.2025,4305.85
10.11.2025,4331.88
07.11.2025,4329.35
06.11.2025,4325.27
05.11.2025,4319.13
04.11.2025,4305.46
03.11.2025,4299.97
31.10.2025,4282.60
30.10.2025,4285.97
29.10.2025,4265.60
28.10.2025,4262.55
27.10.2025,4301.75
24.10.2025,4312.12
23.10.2025,4333.50
22.10.2025,4302.38
21.10.2025,4277.99
20.10.2025,4254.14
17.10.2025,4223.31
16.10.2025,4226.01
15.10.2025,4215.93
14.10.2025,4204.68
13.10.2025,4186.37
10.10.2025,4178.41
09.10.2025,4131.11
08.10.2025,4162.57
07.10.2025,4148.14
06.10.2025,4166.34
03.10.2025,4159.55
02.10.2025,4157.18
01.10.2025,4174.95
30.09.2025,4193.16
29.09.2025,4163.13
26.09.2025,4127.90
25.09.2025,4115.71
24.09.2025,4130.13
23.09.2025,4124.11
22.09.2025,4148.14
19.09.2025,4132.41
18.09.2025,4118.59
17.09.2025,4115.58
16.09.2025,4129.06
15.09.2025,4175.51
12.09.2025,4182.40
11.09.2025,4166.70
10.09.2025,4180.30
09.09.2025,4187.50
08.09.2025,4186.21
05.09.2025,4195.73
04.09.2025,4169.77
03.09.2025,4136.09
02.09.2025,4097.18
01.09.2025,4142.00
29.08.2025,4134.91
28.08.2025,4125.86
27.08.2025,4147.05
26.08.2025,4153.15
25.08.2025,4133.01
22.08.2025,4151.62
21.08.2025,4213.10
20.08.2025,4203.27
19.08.2025,4141.07
18.08.2025,4196.00
15.08.2025,4168.32
14.08.2025,4194.18
13.08.2025,4192.14
12.08.2025,4210.95
11.08.2025,4225.37
08.08.2025,4194.22
07.08.2025,4215.99
06.08.2025,4251.25
05.08.2025,4240.17
04.08.2025,4242.48
31.07.2025,4197.89
30.07.2025,4199.53
29.07.2025,4207.11
28.07.2025,4174.86
25.07.2025,4194.55
24.07.2025,4211.79
23.07.2025,4229.80
22.07.2025,4308.11
21.07.2025,4285.41
18.07.2025,4258.12
17.07.2025,4244.44
16.07.2025,4239.74
15.07.2025,4259.26
14.07.2025,4272.62
11.07.2025,4232.53
10.07.2025,4220.22
09.07.2025,4249.15
08.07.2025,4244.76
07.07.2025,4289.72
04.07.2025,4285.70
03.07.2025,4287.64
02.07.2025,4293.51
01.07.2025,4337.28
30.06.2025,4343.44
27.06.2025,4320.32
26.06.2025,4338.27
25.06.2025,4321.02
24.06.2025,4360.92
23.06.2025,4414.25
20.06.2025,4374.80
19.06.2025,4366.74
18.06.2025,4366.75
17.06.2025,4323.03
16.06.2025,4277.79
13.06.2025,4271.63
12.06.2025,4301.60
11.06.2025,4293.71
10.06.2025,4302.15
06.06.2025,4295.54
05.06.2025,4287.12
04.06.2025,4245.15
03.06.2025,4282.32
02.06.2025,4310.81
30.05.2025,4284.75
28.05.2025,4280.50
27.05.2025,4291.38
26.05.2025,4314.03
23.05.2025,4299.13
22.05.2025,4293.83
21.05.2025,4309.45
20.05.2025,4282.54
19.05.2025,4274.63
16.05.2025,4256.01
15.05.2025,4196.33
14.05.2025,4147.51
13.05.2025,4137.78
12.05.2025,4191.08
09.05.2025,4270.41
08.05.2025,4278.70
07.05.2025,4307.14
06.05.2025,4320.08
05.05.2025,4301.17
02.05.2025,4263.74
30.04.2025,4246.86
29.04.2025,4195.84
28.04.2025,4179.17
25.04.2025,4140.01
24.04.2025,4159.48
23.04.2025,4142.24
22.04.2025,4175.41
17.04.2025,4132.53
16.04.2025,4112.44
15.04.2025,4094.75
14.04.2025,4055.45
11.04.2025,4053.65
10.04.2025,3975.46
09.04.2025,3908.18
08.04.2025,3959.52
07.04.2025,3881.19
04.04.2025,3956.40
03.04.2025,4020.12
02.04.2025,4017.11
01.04.2025,4038.26
31.03.2025,4007.14
28.03.2025,4004.71
27.03.2025,3973.31
26.03.2025,3982.01
25.03.2025,3946.55
24.03.2025,3915.61
21.03.2025,3948.22
20.03.2025,3873.95
19.03.2025,3845.09
18.03.2025,3833.55
17.03.2025,3866.19
14.03.2025,3837.56
13.03.2025,3847.18
12.03.2025,3843.78
11.03.2025,3824.56
10.03.2025,3806.16
07.03.2025,3797.58
06.03.2025,3750.49
05.03.2025,3838.94
04.03.2025,3853.26
03.03.2025,3831.86
28.02.2025,3820.39
27.02.2025,3806.97
26.02.2025,3783.63
25.02.2025,3796.87
24.02.2025,3864.43
21.02.2025,3901.90
20.02.2025,3895.50
19.02.2025,3897.70
18.02.2025,3907.26
17.02.2025,3889.60
14.02.2025,3878.24
13.02.2025,3884.51
12.02.2025,3860.54
11.02.2025,3879.37
10.02.2025,3873.42
07.02.2025,3851.44
06.02.2025,3846.29
05.02.2025,3854.83
04.02.2025,3809.84
03.02.2025,3806.82
31.01.2025,3810.59
30.01.2025,3828.47
29.01.2025,3808.95
28.01.2025,3823.92
27.01.2025,3785.57
24.01.2025,3754.14
23.01.2025,3778.47
22.01.2025,3750.61
21.01.2025,3756.91
20.01.2025,3737.24
17.01.2025,3749.95
16.01.2025,3733.35
15.01.2025,3729.25
14.01.2025,3716.88
13.01.2025,3705.12
10.01.2025,3726.11
09.01.2025,3723.47
08.01.2025,3702.88
07.01.2025,3684.85
06.01.2025,3674.01
03.01.2025,3676.90
30.12.2024,3665.71
27.12.2024,3661.37
23.12.2024,3626.86
20.12.2024,3615.38
19.12.2024,3585.52
18.12.2024,3607.38
17.12.2024,3611.03
16.12.2024,3595.02
13.12.2024,3610.08
12.12.2024,3613.87
11.12.2024,3608.18
10.12.2024,3598.87
09.12.2024,3591.87
06.12.2024,3633.51
05.12.2024,3612.77
04.12.2024,3622.05
03.12.2024,3598.12
02.12.2024,3582.54
29.11.2024,3601.62
28.11.2024,3562.84
27.11.2024,3567.86
26.11.2024,3531.19
25.11.2024,3543.47
22.11.2024,3527.38
21.11.2024,3477.95
20.11.2024,3481.81
19.11.2024,3486.33
18.11.2024,3478.39
15.11.2024,3497.54
14.11.2024,3483.14
13.11.2024,3456.60
12.11.2024,3442.12
11.11.2024,3475.09
08.11.2024,3492.88
07.11.2024,3467.66
06.11.2024,3463.53
05.11.2024,3485.13
04.11.2024,3487.69
01.11.2024,3482.86
31.10.2024,3455.34
30.10.2024,3472.77
29.10.2024,3498.26
28.10.2024,3498.19
25.10.2024,3480.57
24.10.2024,3489.30
23.10.2024,3482.36
22.10.2024,3486.78
21.10.2024,3504.48
18.10.2024,3536.26
17.10.2024,3533.54
16.10.2024,3532.78
15.10.2024,3524.44
14.10.2024,3513.23
11.10.2024,3499.29
10.10.2024,3466.26
09.10.2024,3471.68
08.10.2024,3465.22
07.10.2024,3467.11
04.10.2024,3509.39
03.10.2024,3509.19
02.10.2024,3508.18
01.10.2024,3519.39
30.09.2024,3493.42
27.09.2024,3496.84
26.09.2024,3489.04
25.09.2024,3484.36
24.09.2024,3483.75
23.09.2024,3490.77
20.09.2024,3465.15
19.09.2024,3475.52
18.09.2024,3481.08
17.09.2024,3490.33
16.09.2024,3525.72
13.09.2024,3542.56
12.09.2024,3529.46
11.09.2024,3528.06
10.09.2024,3529.81
09.09.2024,3508.16
06.09.2024,3508.13
05.09.2024,3515.17
04.09.2024,3475.92
03.09.2024,3477.72
02.09.2024,3502.68
30.08.2024,3494.29
29.08.2024,3470.98
28.08.2024,3504.63
27.08.2024,3488.37
26.08.2024,3499.80
23.08.2024,3483.25
22.08.2024,3449.87
21.08.2024,3403.27
20.08.2024,3416.66
19.08.2024,3400.74
16.08.2024,3390.44
15.08.2024,3392.31
14.08.2024,3407.07
13.08.2024,3382.02
12.08.2024,3365.41
09.08.2024,3371.48
08.08.2024,3351.14
07.08.2024,3354.14
06.08.2024,3312.79
05.08.2024,3311.02
02.08.2024,3356.92
31.07.2024,3318.85
30.07.2024,3331.06
29.07.2024,3325.58
26.07.2024,3311.77
25.07.2024,3299.94
24.07.2024,3299.48
23.07.2024,3303.21
22.07.2024,3304.53
19.07.2024,3304.76
18.07.2024,3303.90
17.07.2024,3320.97
16.07.2024,3326.89
15.07.2024,3333.99
12.07.2024,3334.68
11.07.2024,3341.63
10.07.2024,3312.51
09.07.2024,3296.06
08.07.2024,3277.44
05.07.2024,3297.10
04.07.2024,3287.69
03.07.2024,3278.68
02.07.2024,3256.12
01.07.2024,3244.15
28.06.2024,3248.74
27.06.2024,3237.57
26.06.2024,3227.34
25.06.2024,3227.98
24.06.2024,3238.09
21.06.2024,3206.61
20.06.2024,3201.76
19.06.2024,3167.58
18.06.2024,3176.78
17.06.2024,3172.18
14.06.2024,3187.43
13.06.2024,3182.38
12.06.2024,3200.35
11.06.2024,3172.13
10.06.2024,3207.85
07.06.2024,3207.61
06.06.2024,3233.32
05.06.2024,3237.15
04.06.2024,3250.38
03.06.2024,3240.75
31.05.2024,3217.58
30.05.2024,3212.94
29.05.2024,3212.10
28.05.2024,3214.79
27.05.2024,3204.62
24.05.2024,3200.01
23.05.2024,3227.55
22.05.2024,3269.65
21.05.2024,3260.81
17.05.2024,3256.31
16.05.2024,3250.16
15.05.2024,3268.62
14.05.2024,3238.60
13.05.2024,3247.08
10.05.2024,3252.64
08.05.2024,3268.17
07.05.2024,3280.02
06.05.2024,3264.13
03.05.2024,3258.68
02.05.2024,3253.55
30.04.2024,3238.48
29.04.2024,3260.77
26.04.2024,3240.90
25.04.2024,3231.42
24.04.2024,3257.33
23.04.2024,3276.10
22.04.2024,3252.47
19.04.2024,3263.55
18.04.2024,3256.66
17.04.2024,3229.89
16.04.2024,3222.62
15.04.2024,3235.97
12.04.2024,3225.16
11.04.2024,3199.40
10.04.2024,3193.40
09.04.2024,3228.47
08.04.2024,3252.16
05.04.2024,3243.51
04.04.2024,3251.01
03.04.2024,3251.95
02.04.2024,3229.80
28.03.2024,3227.98
27.03.2024,3224.04
26.03.2024,3218.58
25.03.2024,3229.06
22.03.2024,3224.45
21.03.2024,3203.30
20.03.2024,3169.02
19.03.2024,3169.09
18.03.2024,3164.46
15.03.2024,3172.30
14.03.2024,3152.61
13.03.2024,3158.26
12.03.2024,3134.13
11.03.2024,3149.64
08.03.2024,3137.01
07.03.2024,3125.09
06.03.2024,3119.13
05.03.2024,3121.68
04.03.2024,3126.13
01.03.2024,3138.68
29.02.2024,3112.93
28.02.2024,3112.17
27.02.2024,3149.65
26.02.2024,3139.28
23.02.2024,3162.38
22.02.2024,3160.15
21.02.2024,3163.76
20.02.2024,3172.95
19.02.2024,3160.60
16.02.2024,3155.47
15.02.2024,3165.50
14.02.2024,3132.93
13.02.2024,3120.75
12.02.2024,3149.89
09.02.2024,3117.91
08.02.2024,3138.10
07.02.2024,3157.67
06.02.2024,3151.04
05.02.2024,3155.25
02.02.2024,3158.10
01.02.2024,3159.18
31.01.2024,3173.12
30.01.2024,3177.55
29.01.2024,3178.75
26.01.2024,3173.12
25.01.2024,3172.35
24.01.2024,3168.44
23.01.2024,3154.03
22.01.2024,3205.77
19.01.2024,3175.34
18.01.2024,3175.90
17.01.2024,3184.52
16.01.2024,3205.37
15.01.2024,3211.99
12.01.2024,3209.45
11.01.2024,3174.75
10.01.2024,3197.97
09.01.2024,3182.31
08.01.2024,3181.92
05.01.2024,3174.61
04.01.2024,3177.59
03.01.2024,3150.40
29.12.2023,3209.47
28.12.2023,3202.30
27.12.2023,3206.97
22.12.2023,3210.05
21.12.2023,3200.14
20.12.2023,3224.28
19.12.2023,3206.63
18.12.2023,3218.91
15.12.2023,3209.12
14.12.2023,3231.35
13.12.2023,3188.14
12.12.2023,3169.69
11.12.2023,3155.54
08.12.2023,3149.84
07.12.2023,3144.07
06.12.2023,3142.74
05.12.2023,3153.35
04.12.2023,3144.62
01.12.2023,3150.90
30.11.2023,3149.08
29.11.2023,3138.04
28.11.2023,3108.84
27.11.2023,3124.00
24.11.2023,3114.08
23.11.2023,3105.42
22.11.2023,3113.37
21.11.2023,3087.65
20.11.2023,3092.08
17.11.2023,3071.51
16.11.2023,3062.26
15.11.2023,3087.67
14.11.2023,3114.72
13.11.2023,3036.96
10.11.2023,3041.55
09.11.2023,3052.63
08.11.2023,3025.02
07.11.2023,3041.77
06.11.2023,3043.96
03.11.2023,3074.76
02.11.2023,3087.00
01.11.2023,3045.58
31.10.2023,3069.96
30.10.2023,3030.81
27.10.2023,3029.76
26.10.2023,3022.36
25.10.2023,3016.93
24.10.2023,3014.00
23.10.2023,2990.63
20.10.2023,2980.51
19.10.2023,2988.10
18.10.2023,3011.01
17.10.2023,3049.78
16.10.2023,3056.49
13.10.2023,3059.83
12.10.2023,3088.61
11.10.2023,3101.00
10.10.2023,3072.13
09.10.2023,3065.73
06.10.2023,3052.77
05.10.2023,3026.05
04.10.2023,3003.63
03.10.2023,2996.81
02.10.2023,3024.88
29.09.2023,3035.70
28.09.2023,3004.34
27.09.2023,2988.54
26.09.2023,3015.02
25.09.2023,3054.16
22.09.2023,3047.36
21.09.2023,3073.75
20.09.2023,3088.59
19.09.2023,3070.21
18.09.2023,3060.36
15.09.2023,3084.57
14.09.2023,3086.76
13.09.2023,3071.55
12.09.2023,3065.34
11.09.2023,3077.90
08.09.2023,3052.64
07.09.2023,3053.36
06.09.2023,3037.94
05.09.2023,3021.58
04.09.2023,3016.98
01.09.2023,3016.35
31.08.2023,3062.41
30.08.2023,3042.80
29.08.2023,3043.00
28.08.2023,3040.10
25.08.2023,3041.58
24.08.2023,3033.00
23.08.2023,3028.26
22.08.2023,2996.08
21.08.2023,2980.70
18.08.2023,3002.20
17.08.2023,3013.12
16.08.2023,3015.31
15.08.2023,3018.56
14.08.2023,3031.81
11.08.2023,3038.34
10.08.2023,3050.92
09.08.2023,3028.87
08.08.2023,3014.24
07.08.2023,3013.05
04.08.2023,3011.28
03.08.2023,3008.34
02.08.2023,3023.57
31.07.2023,3053.68
28.07.2023,3045.74
27.07.2023,3057.98
26.07.2023,3051.21
25.07.2023,3036.07
24.07.2023,3026.87
21.07.2023,3039.19
20.07.2023,3037.97
19.07.2023,3037.26
18.07.2023,3017.69
17.07.2023,2981.61
14.07.2023,2997.07
13.07.2023,2974.84
12.07.2023,2982.81
11.07.2023,2937.48
10.07.2023,2907.68
07.07.2023,2915.01
06.07.2023,2899.07
05.07.2023,2951.53
04.07.2023,2955.58
03.07.2023,2937.29
30.06.2023,2906.31
29.06.2023,2876.70
28.06.2023,2884.69
27.06.2023,2865.59
26.06.2023,2862.30
23.06.2023,2858.30
22.06.2023,2874.45
21.06.2023,2905.08
20.06.2023,2920.53
19.06.2023,2920.53
16.06.2023,2953.07
15.06.2023,2946.93
14.06.2023,2942.54
13.06.2023,2936.34
12.06.2023,2960.16
09.06.2023,2933.10
08.06.2023,2914.97
07.06.2023,2935.44
06.06.2023,2948.71
05.06.2023,2934.99
02.06.2023,2926.80
01.06.2023,2879.79
31.05.2023,2888.73
30.05.2023,2867.22
26.05.2023,2874.82
25.05.2023,2857.75
24.05.2023,2872.51
23.05.2023,2905.58
22.05.2023,2943.76
19.05.2023,2947.11
17.05.2023,2930.81
16.05.2023,2966.96
15.05.2023,2972.43
12.05.2023,2939.14
11.05.2023,2947.88
10.05.2023,2957.93
09.05.2023,2956.46
08.05.2023,2982.70
05.05.2023,2985.59
04.05.2023,2986.61
03.05.2023,2984.28
02.05.2023,2986.80
28.04.2023,3018.07
27.04.2023,2988.86
26.04.2023,2988.72
25.04.2023,2986.67
24.04.2023,2993.56
21.04.2023,2982.79
20.04.2023,2953.44
19.04.2023,2958.05
18.04.2023,2959.13
17.04.2023,2982.52
14.04.2023,2960.30
13.04.2023,2946.79
12.04.2023,2985.51
11.04.2023,2956.21
06.04.2023,2939.50
05.04.2023,2895.93
04.04.2023,2896.99
03.04.2023,2871.37
31.03.2023,2872.15
30.03.2023,2849.64
29.03.2023,2796.28
28.03.2023,2774.55
27.03.2023,2789.01
24.03.2023,2787.97
23.03.2023,2829.61
22.03.2023,2812.57
21.03.2023,2873.22
20.03.2023,2859.22
17.03.2023,2816.39
16.03.2023,2820.00
15.03.2023,2836.28
14.03.2023,2832.69
13.03.2023,2818.12
10.03.2023,2815.64
09.03.2023,2829.19
08.03.2023,2853.69
07.03.2023,2870.96
06.03.2023,2894.97
03.03.2023,2874.00
02.03.2023,2857.03
01.03.2023,2847.99
28.02.2023,2882.38
27.02.2023,2888.42
24.02.2023,2865.18
23.02.2023,2878.28
22.02.2023,2883.21
21.02.2023,2911.45
20.02.2023,2973.85
17.02.2023,2970.52
16.02.2023,2971.68
15.02.2023,2982.11
14.02.2023,2974.71
13.02.2023,2965.29
10.02.2023,2960.90
09.02.2023,2971.54
08.02.2023,2957.08
07.02.2023,2964.23
06.02.2023,2987.14
03.02.2023,2998.21
02.02.2023,3031.91
01.02.2023,2979.91
31.01.2023,2972.37
30.01.2023,3003.22
27.01.2023,3010.83
26.01.2023,3009.45
25.01.2023,3022.53
24.01.2023,3025.61
23.01.2023,3034.76
20.01.2023,3005.66
19.01.2023,2989.82
18.01.2023,2984.55
17.01.2023,3033.58
16.01.2023,3042.66
13.01.2023,3018.50
12.01.2023,3040.30
11.01.2023,3023.89
10.01.2023,2986.34
09.01.2023,3004.01
06.01.2023,2982.19
05.01.2023,2976.22
04.01.2023,3004.51
03.01.2023,2957.01
30.12.2022,2900.10
29.12.2022,2917.65
28.12.2022,2888.23
27.12.2022,2891.54
23.12.2022,2894.24
22.12.2022,2883.29
21.12.2022,2868.92
20.12.2022,2827.73
19.12.2022,2852.67
16.12.2022,2852.47
15.12.2022,2935.60
14.12.2022,2924.89
13.12.2022,2885.54
12.12.2022,2883.12
09.12.2022,2868.42
08.12.2022,2827.56
07.12.2022,2826.19
06.12.2022,2843.89
05.12.2022,2846.15
02.12.2022,2843.10
01.12.2022,2846.92
30.11.2022,2825.67
29.11.2022,2833.79
28.11.2022,2841.07
25.11.2022,2901.19
24.11.2022,2905.22
23.11.2022,2872.51
22.11.2022,2867.22
21.11.2022,2862.43
18.11.2022,2881.98
17.11.2022,2867.40
16.11.2022,2868.61
15.11.2022,2906.44
14.11.2022,2876.10
11.11.2022,2897.87
10.11.2022,2926.22
09.11.2022,2861.05
08.11.2022,2828.66
07.11.2022,2839.61
04.11.2022,2833.95
03.11.2022,2820.40
02.11.2022,2843.02
01.11.2022,2856.07
31.10.2022,2865.94
28.10.2022,2855.72
27.10.2022,2874.12
26.10.2022,2858.56
25.10.2022,2857.77
24.10.2022,2795.11
21.10.2022,2778.90
20.10.2022,2792.15
19.10.2022,2756.59
18.10.2022,2767.20
17.10.2022,2762.85
14.10.2022,2722.51
13.10.2022,2653.82
12.10.2022,2692.31
11.10.2022,2687.41
10.10.2022,2700.66
07.10.2022,2705.66
06.10.2022,2750.48
05.10.2022,2728.15
04.10.2022,2763.37
03.10.2022,2794.62
30.09.2022,2768.73
29.09.2022,2695.14
28.09.2022,2686.86
27.09.2022,2619.01
26.09.2022,2681.11
23.09.2022,2767.22
22.09.2022,2807.93
21.09.2022,2838.37
20.09.2022,2843.83
19.09.2022,2923.93
16.09.2022,2969.91
15.09.2022,2940.20
14.09.2022,2958.18
13.09.2022,2963.05
12.09.2022,3000.96
09.09.2022,2949.06
08.09.2022,2937.91
07.09.2022,2957.59
06.09.2022,2965.75
05.09.2022,2980.85
02.09.2022,3011.44
01.09.2022,2967.86
31.08.2022,3010.93
30.08.2022,2995.47
29.08.2022,3015.21
26.08.2022,3026.05
25.08.2022,3065.16
24.08.2022,3079.13
23.08.2022,3049.01
22.08.2022,3086.16
19.08.2022,3105.91
18.08.2022,3126.55
17.08.2022,3128.89
16.08.2022,3147.59
15.08.2022,3159.95
12.08.2022,3163.94
11.08.2022,3168.00
10.08.2022,3176.88
09.08.2022,3122.03
08.08.2022,3107.87
05.08.2022,3061.88
04.08.2022,3050.46
03.08.2022,3071.55
02.08.2022,3066.82
29.07.2022,3074.09
28.07.2022,3081.70
27.07.2022,3077.57
26.07.2022,3117.94
25.07.2022,3119.80
22.07.2022,3114.39
21.07.2022,3053.92
20.07.2022,3064.67
19.07.2022,3068.52
18.07.2022,3064.90
15.07.2022,3033.76
14.07.2022,2994.65
13.07.2022,3033.40
12.07.2022,3033.48
11.07.2022,3021.47
08.07.2022,3019.41
07.07.2022,3036.90
06.07.2022,3024.20
05.07.2022,2990.24
04.07.2022,2966.65
01.07.2022,2964.30
30.06.2022,2964.94
29.06.2022,2970.01
28.06.2022,3000.71
27.06.2022,2986.83
24.06.2022,2985.54
23.06.2022,2925.92
22.06.2022,2926.96
21.06.2022,2895.60
20.06.2022,2907.68
17.06.2022,2888.45
16.06.2022,2876.58
15.06.2022,3046.21
14.06.2022,3054.87
13.06.2022,3083.00
10.06.2022,3133.39
09.06.2022,3148.37
08.06.2022,3171.90
07.06.2022,3167.37
03.06.2022,3166.37
02.06.2022,3161.49
01.06.2022,3212.79
31.05.2022,3248.17
30.05.2022,3301.01
27.05.2022,3337.58
25.05.2022,3303.21
24.05.2022,3308.08
23.05.2022,3334.84
20.05.2022,3344.68
19.05.2022,3311.35
18.05.2022,3348.13
17.05.2022,3344.38
16.05.2022,3328.85
13.05.2022,3294.67
12.05.2022,3293.97
11.05.2022,3292.13
10.05.2022,3244.89
09.05.2022,3230.61
06.05.2022,3332.04
05.05.2022,3353.44
04.05.2022,3341.08
03.05.2022,3355.57
02.05.2022,3332.65
29.04.2022,3356.27
28.04.2022,3360.89
27.04.2022,3351.49
26.04.2022,3312.26
25.04.2022,3343.26
22.04.2022,3340.41
21.04.2022,3349.51
20.04.2022,3345.82
19.04.2022,3355.72
14.04.2022,3390.44
13.04.2022,3396.90
12.04.2022,3416.35
11.04.2022,3438.48
08.04.2022,3402.80
07.04.2022,3387.19
06.04.2022,3388.33
05.04.2022,3367.65
04.04.2022,3358.26
01.04.2022,3323.47
31.03.2022,3280.78
30.03.2022,3309.60
29.03.2022,3300.45
28.03.2022,3277.81
25.03.2022,3280.59
24.03.2022,3256.21
23.03.2022,3278.96
22.03.2022,3333.50
21.03.2022,3327.11
18.03.2022,3301.54
17.03.2022,3308.84
16.03.2022,3258.76
15.03.2022,3273.77
14.03.2022,3280.77
11.03.2022,3281.66
10.03.2022,3258.42
09.03.2022,3247.69
08.03.2022,3192.78
07.03.2022,3193.03
04.03.2022,3196.43
03.03.2022,3268.14
02.03.2022,3237.64
01.03.2022,3202.40
28.02.2022,3224.96
25.02.2022,3223.44
24.02.2022,3161.73
23.02.2022,3178.70
22.02.2022,3171.14
21.02.2022,3155.61
18.02.2022,3158.79
17.02.2022,3149.49
16.02.2022,3156.60
15.02.2022,3134.45
14.02.2022,3138.22
11.02.2022,3153.25
10.02.2022,3153.13
09.02.2022,3105.43
08.02.2022,3078.93
07.02.2022,3118.51
04.02.2022,3105.01
03.02.2022,3141.37
02.02.2022,3156.30
01.02.2022,3161.48
31.01.2022,3188.38
28.01.2022,3166.68
27.01.2022,3181.85
26.01.2022,3151.02
25.01.2022,3091.10
24.01.2022,3084.20
21.01.2022,3117.30
20.01.2022,3130.40
19.01.2022,3118.44
18.01.2022,3138.51
17.01.2022,3155.65
14.01.2022,3155.84
13.01.2022,3150.54
12.01.2022,3152.90
11.01.2022,3129.87
10.01.2022,3122.26
07.01.2022,3147.23
06.01.2022,3157.46
05.01.2022,3184.08
04.01.2022,3189.67
03.01.2022,3198.55
30.12.2021,3187.82
29.12.2021,3167.48
28.12.2021,3174.26
27.12.2021,3150.78
23.12.2021,3132.15
22.12.2021,3127.62
21.12.2021,3123.32
20.12.2021,3100.57
17.12.2021,3139.19
16.12.2021,3131.52
15.12.2021,3110.06
14.12.2021,3097.26
13.12.2021,3107.65
10.12.2021,3126.16
09.12.2021,3123.84
08.12.2021,3121.12
07.12.2021,3135.21
06.12.2021,3152.94
03.12.2021,3124.23
02.12.2021,3120.80
01.12.2021,3120.79
30.11.2021,3078.66
29.11.2021,3088.76
26.11.2021,3121.79
25.11.2021,3184.41
24.11.2021,3197.93
23.11.2021,3167.14
22.11.2021,3216.23
19.11.2021,3252.78
18.11.2021,3241.49
17.11.2021,3244.34
16.11.2021,3245.97
15.11.2021,3248.47
12.11.2021,3259.81
11.11.2021,3238.47
10.11.2021,3250.03
09.11.2021,3257.54
08.11.2021,3228.85
05.11.2021,3246.05
04.11.2021,3263.05
03.11.2021,3214.33
02.11.2021,3210.99
01.11.2021,3189.90
29.10.2021,3208.36
28.10.2021,3261.21
27.10.2021,3246.21
26.10.2021,3222.11
25.10.2021,3235.30
22.10.2021,3249.67
21.10.2021,3243.15
20.10.2021,3239.44
19.10.2021,3261.21
18.10.2021,3265.34
15.10.2021,3244.82
14.10.2021,3218.64
13.10.2021,3211.29
12.10.2021,3210.48
11.10.2021,3196.19
08.10.2021,3162.45
07.10.2021,3185.88
06.10.2021,3156.90
05.10.2021,3163.65
04.10.2021,3180.72
01.10.2021,3187.68
30.09.2021,3168.99
29.09.2021,3160.11
28.09.2021,3155.11
27.09.2021,3211.49
24.09.2021,3214.50
23.09.2021,3217.04
22.09.2021,3191.22
21.09.2021,3195.47
20.09.2021,3170.38
17.09.2021,3212.93
16.09.2021,3251.17
15.09.2021,3224.28
14.09.2021,3263.37
13.09.2021,3283.46
10.09.2021,3227.86
09.09.2021,3268.84
08.09.2021,3230.81
07.09.2021,3301.55
06.09.2021,3322.66
03.09.2021,3343.16
02.09.2021,3370.82
01.09.2021,3365.88
31.08.2021,3351.37
30.08.2021,3388.34
27.08.2021,3375.84
26.08.2021,3333.36
25.08.2021,3339.58
24.08.2021,3336.95
23.08.2021,3343.33
20.08.2021,3352.82
19.08.2021,3354.58
18.08.2021,3374.79
17.08.2021,3342.40
16.08.2021,3376.50
13.08.2021,3375.10
12.08.2021,3358.23
11.08.2021,3351.06
10.08.2021,3329.59
09.08.2021,3349.03
06.08.2021,3331.23
05.08.2021,3329.98
04.08.2021,3326.95
03.08.2021,3330.01
02.08.2021,3336.34
30.07.2021,3308.89
29.07.2021,3307.71
28.07.2021,3323.52
27.07.2021,3311.18
26.07.2021,3289.62
23.07.2021,3273.33
22.07.2021,3275.07
21.07.2021,3281.19
20.07.2021,3249.21
19.07.2021,3239.99
16.07.2021,3289.20
15.07.2021,3264.40
14.07.2021,3282.29
13.07.2021,3341.27
12.07.2021,3337.41
09.07.2021,3284.04
08.07.2021,3253.85
07.07.2021,3251.87
06.07.2021,3220.12
05.07.2021,3171.95
02.07.2021,3169.77
01.07.2021,3173.86
30.06.2021,3183.47
29.06.2021,3195.34
28.06.2021,3189.40
25.06.2021,3217.34
24.06.2021,3220.27
23.06.2021,3210.40
22.06.2021,3218.33
21.06.2021,3212.57
18.06.2021,3204.37
17.06.2021,3204.44
16.06.2021,3216.30
15.06.2021,3216.33
14.06.2021,3232.61
11.06.2021,3232.71
10.06.2021,3242.47
09.06.2021,3244.75
08.06.2021,3223.61
07.06.2021,3204.09
04.06.2021,3196.41
03.06.2021,3193.78
02.06.2021,3211.80
01.06.2021,3187.90
31.05.2021,3182.20
28.05.2021,3187.75
27.05.2021,3179.03
26.05.2021,3161.50
25.05.2021,3149.32
21.05.2021,3130.64
20.05.2021,3143.23
19.05.2021,3146.80
18.05.2021,3168.11
17.05.2021,3131.08
14.05.2021,3129.82
12.05.2021,3111.70
11.05.2021,3106.33
10.05.2021,3145.86
07.05.2021,3133.87
06.05.2021,3140.07
05.05.2021,3128.34
04.05.2021,3135.93
03.05.2021,3126.39
30.04.2021,3105.19
29.04.2021,3124.15
28.04.2021,3135.92
27.04.2021,3137.12
26.04.2021,3151.04
23.04.2021,3146.79
22.04.2021,3157.35
21.04.2021,3152.11
20.04.2021,3176.49
19.04.2021,3159.41
16.04.2021,3147.25
15.04.2021,3120.42
14.04.2021,3117.58
13.04.2021,3120.97
12.04.2021,3114.39
09.04.2021,3139.31
08.04.2021,3131.29
07.04.2021,3133.16
06.04.2021,3109.63
01.04.2021,3097.23
31.03.2021,3057.79
30.03.2021,3084.88
29.03.2021,3065.43
26.03.2021,3071.98
25.03.2021,3085.42
24.03.2021,3098.81
23.03.2021,3075.36
22.03.2021,3047.38
19.03.2021,3052.68
18.03.2021,3010.82
17.03.2021,3022.70
16.03.2021,3025.98
15.03.2021,3003.33
12.03.2021,2985.98
11.03.2021,2989.82
10.03.2021,2953.37
09.03.2021,2939.05
08.03.2021,2941.60
05.03.2021,2919.61
04.03.2021,2953.34
03.03.2021,2926.39
02.03.2021,2937.39
01.03.2021,2933.63
26.02.2021,2909.38
25.02.2021,2983.75
24.02.2021,2995.34
23.02.2021,3034.94
22.02.2021,3013.92
19.02.2021,2994.38
18.02.2021,2997.57
17.02.2021,3010.43
16.02.2021,3001.63
15.02.2021,3007.36
12.02.2021,2999.87
11.02.2021,3008.19
10.02.2021,2994.06
09.02.2021,3000.03
08.02.2021,3004.54
05.02.2021,3018.82
04.02.2021,3033.99
03.02.2021,3030.61
02.02.2021,3042.22
01.02.2021,3020.64
29.01.2021,2983.75
28.01.2021,2997.01
27.01.2021,3011.42
26.01.2021,3001.82
25.01.2021,2960.04
22.01.2021,2986.65
21.01.2021,2991.60
20.01.2021,3012.00
19.01.2021,3024.59
18.01.2021,3053.94
15.01.2021,3040.93
14.01.2021,3063.42
13.01.2021,3043.53
12.01.2021,3030.63
11.01.2021,3018.48
08.01.2021,3019.71
07.01.2021,2999.10
06.01.2021,3023.55
05.01.2021,3044.38
04.01.2021,3055.82
30.12.2020,3054.92
29.12.2020,3057.25
28.12.2020,3011.13
23.12.2020,2992.91
22.12.2020,2973.36
21.12.2020,2974.53
18.12.2020,3030.35
17.12.2020,3039.03
16.12.2020,3012.19
15.12.2020,2977.52
14.12.2020,2974.15
11.12.2020,2991.52
10.12.2020,2952.99
09.12.2020,2901.89
08.12.2020,2874.90
07.12.2020,2871.93
04.12.2020,2866.15
03.12.2020,2879.89
02.12.2020,2887.05
01.12.2020,2869.18
30.11.2020,2880.73
27.11.2020,2884.13
26.11.2020,2903.51
25.11.2020,2908.79
24.11.2020,2912.77
23.11.2020,2953.37
20.11.2020,2960.50
19.11.2020,2964.30
18.11.2020,2999.37
17.11.2020,2977.34
16.11.2020,2986.63
13.11.2020,2951.52
12.11.2020,2965.97
11.11.2020,2988.28
10.11.2020,2979.08
09.11.2020,2953.11
06.11.2020,2885.56
05.11.2020,2883.67
04.11.2020,2869.38
03.11.2020,2834.69
02.11.2020,2826.87
30.10.2020,2816.67
29.10.2020,2780.64
28.10.2020,2747.98
27.10.2020,2815.63
26.10.2020,2814.15
23.10.2020,2861.36
22.10.2020,2851.93
21.10.2020,2860.10
20.10.2020,2901.02
19.10.2020,2894.33
16.10.2020,2890.50
15.10.2020,2926.10
14.10.2020,2932.63
13.10.2020,2937.19
12.10.2020,2952.15
09.10.2020,2944.33
08.10.2020,2924.13
07.10.2020,2899.68
06.10.2020,2938.43
05.10.2020,2926.81
02.10.2020,2930.31
01.10.2020,2923.49
30.09.2020,2919.55
29.09.2020,2901.01
28.09.2020,2952.55
25.09.2020,2918.98
24.09.2020,2923.37
23.09.2020,2889.94
22.09.2020,2917.40
21.09.2020,2919.20
18.09.2020,2941.16
17.09.2020,2953.86
16.09.2020,2941.28
15.09.2020,2926.74
14.09.2020,2916.40
11.09.2020,2923.10
10.09.2020,2932.87
09.09.2020,2928.92
08.09.2020,2894.28
07.09.2020,2887.96
04.09.2020,2846.79
03.09.2020,2919.68
02.09.2020,2935.14
01.09.2020,2876.91
31.08.2020,2830.17
28.08.2020,2836.19
27.08.2020,2850.49
26.08.2020,2879.23
25.08.2020,2843.66
24.08.2020,2887.69
21.08.2020,2888.81
20.08.2020,2894.98
19.08.2020,2817.90
18.08.2020,2817.04
17.08.2020,2802.70
14.08.2020,2821.61
13.08.2020,2797.21
12.08.2020,2790.09
11.08.2020,2791.16
10.08.2020,2795.24
07.08.2020,2771.44
06.08.2020,2762.68
05.08.2020,2782.60
04.08.2020,2773.86
03.08.2020,2756.70
31.07.2020,2779.09
30.07.2020,2785.07
29.07.2020,2799.39
28.07.2020,2780.56
27.07.2020,2755.74
24.07.2020,2786.00
23.07.2020,2801.75
22.07.2020,2842.14
21.07.2020,2851.48
20.07.2020,2831.40
17.07.2020,2826.75
16.07.2020,2817.67
15.07.2020,2830.92
14.07.2020,2830.99
13.07.2020,2844.85
10.07.2020,2873.75
09.07.2020,2838.50
08.07.2020,2868.65
07.07.2020,2860.73
06.07.2020,2883.87
03.07.2020,2893.05
02.07.2020,2896.57
01.07.2020,2882.15
30.06.2020,2883.43
29.06.2020,2865.05
26.06.2020,2864.41
25.06.2020,2852.35
24.06.2020,2882.05
23.06.2020,2905.03
22.06.2020,2923.67
19.06.2020,2948.91
18.06.2020,2979.38
17.06.2020,2941.34
16.06.2020,2918.86
15.06.2020,2879.58
12.06.2020,2892.64
11.06.2020,2875.55
10.06.2020,2913.71
09.06.2020,2893.90
08.06.2020,2969.78
05.06.2020,3027.63
04.06.2020,3042.29
03.06.2020,3029.11
02.06.2020,3018.25
29.05.2020,2908.75
28.05.2020,2927.59
27.05.2020,2874.38
26.05.2020,2910.67
25.05.2020,2896.51
22.05.2020,2864.98
20.05.2020,2885.21
19.05.2020,2895.51
18.05.2020,2862.24
15.05.2020,2781.05
14.05.2020,2782.01
13.05.2020,2830.42
12.05.2020,2821.78
11.05.2020,2913.83
08.05.2020,2973.71
07.05.2020,2875.85
06.05.2020,2851.51
05.05.2020,2878.99
04.05.2020,2861.77
30.04.2020,2921.72
29.04.2020,2958.62
28.04.2020,2926.81
27.04.2020,2914.65
24.04.2020,2897.32
23.04.2020,2876.74
22.04.2020,2876.33
21.04.2020,2885.81
20.04.2020,2915.14
17.04.2020,2922.23
16.04.2020,2881.99
15.04.2020,2867.91
14.04.2020,2918.43
09.04.2020,2908.09
08.04.2020,2885.30
07.04.2020,2832.01
06.04.2020,2796.50
03.04.2020,2790.91
02.04.2020,2809.84
01.04.2020,2905.08
31.03.2020,2965.46
30.03.2020,2918.08
27.03.2020,2847.53
26.03.2020,2863.73
25.03.2020,2871.59
24.03.2020,2789.48
23.03.2020,2663.93
20.03.2020,2785.05
19.03.2020,2767.87
18.03.2020,2828.45
17.03.2020,2915.16
16.03.2020,2929.22
13.03.2020,3089.02
12.03.2020,3095.75
11.03.2020,3327.19
10.03.2020,3308.78
09.03.2020,3391.98
06.03.2020,3508.01
05.03.2020,3604.17
04.03.2020,3613.00
03.03.2020,3554.89
02.03.2020,3462.73
28.02.2020,3425.36
27.02.2020,3556.15
26.02.2020,3589.39
25.02.2020,3608.01
24.02.2020,3616.37
21.02.2020,3635.54
20.02.2020,3618.61
19.02.2020,3642.12
18.02.2020,3624.25
17.02.2020,3609.98
14.02.2020,3630.17
13.02.2020,3551.55
12.02.2020,3549.70
11.02.2020,3565.98
10.02.2020,3552.21
07.02.2020,3527.18
06.02.2020,3543.08
05.02.2020,3529.68
04.02.2020,3524.39
03.02.2020,3505.07
31.01.2020,3474.93
30.01.2020,3461.97
29.01.2020,3469.86
28.01.2020,3438.16
27.01.2020,3444.88
24.01.2020,3489.37
23.01.2020,3488.45
22.01.2020,3472.85
21.01.2020,3456.16
20.01.2020,3438.74
17.01.2020,3429.42
16.01.2020,3393.62
15.01.2020,3364.19
14.01.2020,3360.19
13.01.2020,3361.93
10.01.2020,3340.50
09.01.2020,3334.13
08.01.2020,3331.36
07.01.2020,3347.70
06.01.2020,3328.20
03.01.2020,3341.71
30.12.2019,3273.69
27.12.2019,3308.04
23.12.2019,3265.10
20.12.2019,3260.60
19.12.2019,3254.45
18.12.2019,3220.70
17.12.2019,3182.84
16.12.2019,3167.96
13.12.2019,3164.29
12.12.2019,3197.19
11.12.2019,3192.61
10.12.2019,3181.21
09.12.2019,3187.45
06.12.2019,3184.70
05.12.2019,3154.41
04.12.2019,3154.00
03.12.2019,3138.83
02.12.2019,3135.08
29.11.2019,3159.05
28.11.2019,3174.95
27.11.2019,3174.50
26.11.2019,3181.52
25.11.2019,3138.27
22.11.2019,3136.01
21.11.2019,3156.91
20.11.2019,3168.66
19.11.2019,3176.07
18.11.2019,3158.20
15.11.2019,3131.67
14.11.2019,3126.22
13.11.2019,3140.70
12.11.2019,3127.69
11.11.2019,3107.20
08.11.2019,3104.91
07.11.2019,3101.48
06.11.2019,3109.57
05.11.2019,3099.09
04.11.2019,3112.57
01.11.2019,3093.07
31.10.2019,3101.59
30.10.2019,3105.40
29.10.2019,3093.25
28.10.2019,3074.28
25.10.2019,3080.82
24.10.2019,3095.96
23.10.2019,3084.17
22.10.2019,3085.01
21.10.2019,3086.33
18.10.2019,3091.40
17.10.2019,3088.97
16.10.2019,3072.90
15.10.2019,3077.00
14.10.2019,3081.30
11.10.2019,3079.78
10.10.2019,3071.29
09.10.2019,3078.11
08.10.2019,3059.55
07.10.2019,3068.13
04.10.2019,3052.42
03.10.2019,3033.65
02.10.2019,3021.82
01.10.2019,3033.89
30.09.2019,3035.21
27.09.2019,3020.54
26.09.2019,3042.48
25.09.2019,3008.36
24.09.2019,3005.44
23.09.2019,3021.35
20.09.2019,3002.11
19.09.2019,3001.08
18.09.2019,2997.49
17.09.2019,2976.69
16.09.2019,2958.59
13.09.2019,2981.99
12.09.2019,2997.98
11.09.2019,2995.31
10.09.2019,3008.23
09.09.2019,3040.44
06.09.2019,3055.16
05.09.2019,3050.92
04.09.2019,3070.99
03.09.2019,3048.80
02.09.2019,3069.55
30.08.2019,3062.76
29.08.2019,3051.64
28.08.2019,3057.67
27.08.2019,3058.30
26.08.2019,3041.11
23.08.2019,3048.00
22.08.2019,3034.73
21.08.2019,3023.62
20.08.2019,3007.51
19.08.2019,3027.29
16.08.2019,3007.34
15.08.2019,2998.95
14.08.2019,2944.72
13.08.2019,2941.41
12.08.2019,2936.75
09.08.2019,2893.65
08.08.2019,2854.25
07.08.2019,2840.33
06.08.2019,2815.45
05.08.2019,2813.78
02.08.2019,2829.18
31.07.2019,2808.72
30.07.2019,2812.86
29.07.2019,2831.29
26.07.2019,2815.43
25.07.2019,2815.33
24.07.2019,2803.97
23.07.2019,2811.13
22.07.2019,2816.63
19.07.2019,2819.14
18.07.2019,2814.64
17.07.2019,2799.58
16.07.2019,2775.79
15.07.2019,2794.77
12.07.2019,2793.47
11.07.2019,2779.42
10.07.2019,2777.35
09.07.2019,2795.68
08.07.2019,2791.57
05.07.2019,2776.01
04.07.2019,2804.46
03.07.2019,2785.22
02.07.2019,2756.08
01.07.2019,2736.03
28.06.2019,2722.13
27.06.2019,2700.28
26.06.2019,2700.04
25.06.2019,2705.56
24.06.2019,2702.00
21.06.2019,2694.53
20.06.2019,2691.66
19.06.2019,2689.18
18.06.2019,2702.16
17.06.2019,2691.29
14.06.2019,2696.10
13.06.2019,2695.65
12.06.2019,2678.86
11.06.2019,2679.10
07.06.2019,2669.57
06.06.2019,2661.53
05.06.2019,2658.34
04.06.2019,2639.55
03.06.2019,2648.72
31.05.2019,2647.32
29.05.2019,2637.27
28.05.2019,2630.52
27.05.2019,2647.09
24.05.2019,2649.73
23.05.2019,2636.24
22.05.2019,2644.89
21.05.2019,2653.29
20.05.2019,2647.52
17.05.2019,2644.02
16.05.2019,2651.65
15.05.2019,2631.29
14.05.2019,2625.00
13.05.2019,2629.80
10.05.2019,2628.34
09.05.2019,2620.82
08.05.2019,2610.24
07.05.2019,2628.96
06.05.2019,2598.80
03.05.2019,2589.13
02.05.2019,2598.89
30.04.2019,2591.22
29.04.2019,2598.41
26.04.2019,2597.62
25.04.2019,2607.08
24.04.2019,2624.79
23.04.2019,2601.70
18.04.2019,2585.61
17.04.2019,2586.70
16.04.2019,2601.30
15.04.2019,2604.58
12.04.2019,2586.06
11.04.2019,2593.36
10.04.2019,2588.13
09.04.2019,2565.17
08.04.2019,2586.27
05.04.2019,2596.71
04.04.2019,2605.37
03.04.2019,2622.13
02.04.2019,2615.01
01.04.2019,2618.21
29.03.2019,2605.64
28.03.2019,2605.65
27.03.2019,2605.05
26.03.2019,2586.31
25.03.2019,2581.57
22.03.2019,2587.81
21.03.2019,2589.59
20.03.2019,2586.59
19.03.2019,2589.79
18.03.2019,2580.58
15.03.2019,2578.57
14.03.2019,2564.78
13.03.2019,2539.94
12.03.2019,2530.59
11.03.2019,2515.89
08.03.2019,2518.49
07.03.2019,2500.86
06.03.2019,2491.92
05.03.2019,2495.34
04.03.2019,2491.38
01.03.2019,2480.77
28.02.2019,2494.55
27.02.2019,2485.31
26.02.2019,2496.38
25.02.2019,2496.21
22.02.2019,2502.99
21.02.2019,2505.20
20.02.2019,2496.30
19.02.2019,2498.21
18.02.2019,2504.39
15.02.2019,2496.53
14.02.2019,2490.84
13.02.2019,2495.44
12.02.2019,2503.15
11.02.2019,2509.95
08.02.2019,2499.54
07.02.2019,2510.57
06.02.2019,2512.71
05.02.2019,2513.20
04.02.2019,2501.02
01.02.2019,2503.59
31.01.2019,2499.32
30.01.2019,2516.59
29.01.2019,2502.56
28.01.2019,2486.31
25.01.2019,2479.53
24.01.2019,2484.50
23.01.2019,2485.29
22.01.2019,2477.67
21.01.2019,2471.25
18.01.2019,2493.58
17.01.2019,2505.86
16.01.2019,2511.93
15.01.2019,2493.58
14.01.2019,2490.07
11.01.2019,2484.60
10.01.2019,2461.04
09.01.2019,2461.37
08.01.2019,2457.87
07.01.2019,2441.52
04.01.2019,2435.15
03.01.2019,2411.22
28.12.2018,2389.76
27.12.2018,2370.06
21.12.2018,2400.70
20.12.2018,2408.91
19.12.2018,2416.49
18.12.2018,2406.17
17.12.2018,2423.61
14.12.2018,2432.98
13.12.2018,2446.41
12.12.2018,2439.56
11.12.2018,2427.57
10.12.2018,2423.46
07.12.2018,2430.14
06.12.2018,2414.28
05.12.2018,2417.40
04.12.2018,2413.20
03.12.2018,2406.45
30.11.2018,2430.91
29.11.2018,2430.85
28.11.2018,2420.67
27.11.2018,2409.16
26.11.2018,2419.55
23.11.2018,2406.52
22.11.2018,2399.73
21.11.2018,2405.42
20.11.2018,2402.47
19.11.2018,2405.93
16.11.2018,2417.72
15.11.2018,2400.34
14.11.2018,2425.51
13.11.2018,2437.46
12.11.2018,2424.42
09.11.2018,2437.27
08.11.2018,2424.57
07.11.2018,2434.82
06.11.2018,2419.04
05.11.2018,2416.19
02.11.2018,2415.81
01.11.2018,2415.44
31.10.2018,2416.85
30.10.2018,2391.13
29.10.2018,2383.50
26.10.2018,2358.25
25.10.2018,2352.40
24.10.2018,2360.87
23.10.2018,2361.27
22.10.2018,2390.10
19.10.2018,2392.73
18.10.2018,2393.15
17.10.2018,2375.54
16.10.2018,2361.23
15.10.2018,2311.14
12.10.2018,2324.56
11.10.2018,2341.43
10.10.2018,2356.68
09.10.2018,2390.78
08.10.2018,2369.78
05.10.2018,2381.31
04.10.2018,2395.91
03.10.2018,2440.69
02.10.2018,2435.65
01.10.2018,2446.56
28.09.2018,2441.66
27.09.2018,2440.82
26.09.2018,2444.31
25.09.2018,2445.08
24.09.2018,2437.26
21.09.2018,2434.36
20.09.2018,2436.70
19.09.2018,2433.90
18.09.2018,2450.12
17.09.2018,2466.55
14.09.2018,2479.54
13.09.2018,2481.53
12.09.2018,2491.51
11.09.2018,2495.01
10.09.2018,2502.34
07.09.2018,2495.48
06.09.2018,2500.02
05.09.2018,2504.50
04.09.2018,2505.95
03.09.2018,2508.42
31.08.2018,2524.30
30.08.2018,2524.14
29.08.2018,2516.32
28.08.2018,2503.41
27.08.2018,2492.38
24.08.2018,2493.55
23.08.2018,2500.64
22.08.2018,2490.77
21.08.2018,2496.19
20.08.2018,2488.03
17.08.2018,2476.59
16.08.2018,2462.33
15.08.2018,2449.82
14.08.2018,2453.07
13.08.2018,2460.61
10.08.2018,2477.71
09.08.2018,2488.90
08.08.2018,2499.96
07.08.2018,2513.77
06.08.2018,2508.41
03.08.2018,2514.36
02.08.2018,2515.56
31.07.2018,2510.85
30.07.2018,2511.48
27.07.2018,2517.07
26.07.2018,2511.74
25.07.2018,2497.54
24.07.2018,2491.10
23.07.2018,2487.65
20.07.2018,2498.96
19.07.2018,2503.17
18.07.2018,2507.96
17.07.2018,2497.09
16.07.2018,2494.33
13.07.2018,2491.32
12.07.2018,2488.75
11.07.2018,2481.45
10.07.2018,2491.79
09.07.2018,2490.59
06.07.2018,2498.19
05.07.2018,2488.08
04.07.2018,2495.79
03.07.2018,2495.39
02.07.2018,2489.08
29.06.2018,2506.86
28.06.2018,2480.46
27.06.2018,2495.93
26.06.2018,2485.38
25.06.2018,2487.03
22.06.2018,2503.10
21.06.2018,2484.25
20.06.2018,2482.74
19.06.2018,2481.60
18.06.2018,2491.24
15.06.2018,2514.60
14.06.2018,2515.48
13.06.2018,2509.71
12.06.2018,2508.76
11.06.2018,2498.30
08.06.2018,2491.59
07.06.2018,2488.59
06.06.2018,2502.05
05.06.2018,2502.30
04.06.2018,2500.75
01.06.2018,2490.06
31.05.2018,2492.08
30.05.2018,2488.68
29.05.2018,2488.57
28.05.2018,2506.52
25.05.2018,2511.27
24.05.2018,2497.33
23.05.2018,2499.40
22.05.2018,2507.08
18.05.2018,2518.61
17.05.2018,2522.32
16.05.2018,2521.13
15.05.2018,2541.86
14.05.2018,2552.68
11.05.2018,2565.21
09.05.2018,2561.45
08.05.2018,2559.24
07.05.2018,2557.22
04.05.2018,2545.54
03.05.2018,2552.03
02.05.2018,2545.23
30.04.2018,2536.77
27.04.2018,2530.96
26.04.2018,2516.23
25.04.2018,2490.93
24.04.2018,2501.19
23.04.2018,2520.81
20.04.2018,2517.86
19.04.2018,2514.93
18.04.2018,2501.91
17.04.2018,2495.24
16.04.2018,2478.55
13.04.2018,2478.29
12.04.2018,2471.29
11.04.2018,2477.86
10.04.2018,2487.98
09.04.2018,2483.21
06.04.2018,2468.77
05.04.2018,2469.77
04.04.2018,2456.56
03.04.2018,2435.19
29.03.2018,2447.30
28.03.2018,2439.67
27.03.2018,2415.58
26.03.2018,2395.36
23.03.2018,2404.73
22.03.2018,2416.79
21.03.2018,2431.79
20.03.2018,2427.16
19.03.2018,2429.57
16.03.2018,2416.58
15.03.2018,2425.67
14.03.2018,2417.33
13.03.2018,2411.21
12.03.2018,2428.27
09.03.2018,2432.36
08.03.2018,2439.07
07.03.2018,2413.84
06.03.2018,2402.88
05.03.2018,2397.85
02.03.2018,2354.94
01.03.2018,2353.65
28.02.2018,2383.18
27.02.2018,2388.58
26.02.2018,2395.98
23.02.2018,2388.34
22.02.2018,2377.15
21.02.2018,2387.07
20.02.2018,2374.94
19.02.2018,2364.45
16.02.2018,2374.40
15.02.2018,2346.76
14.02.2018,2333.64
13.02.2018,2328.96
12.02.2018,2340.20
09.02.2018,2311.56
08.02.2018,2328.98
07.02.2018,2370.22
06.02.2018,2321.77
05.02.2018,2374.93
02.02.2018,2405.66
01.02.2018,2427.01
31.01.2018,2426.43
30.01.2018,2407.16
29.01.2018,2421.68
26.01.2018,2442.04
25.01.2018,2427.91
24.01.2018,2445.78
23.01.2018,2450.60
22.01.2018,2439.44
19.01.2018,2441.22
18.01.2018,2431.28
17.01.2018,2446.68
16.01.2018,2437.74
15.01.2018,2439.88
12.01.2018,2436.17
11.01.2018,2435.42
10.01.2018,2448.05
09.01.2018,2478.06
08.01.2018,2472.97
05.01.2018,2461.64
04.01.2018,2447.70
03.01.2018,2447.82
29.12.2017,2440.62
28.12.2017,2431.98
27.12.2017,2426.88
22.12.2017,2408.16
21.12.2017,2416.75
20.12.2017,2415.49
19.12.2017,2419.03
18.12.2017,2417.58
15.12.2017,2400.87
14.12.2017,2396.14
13.12.2017,2386.44
12.12.2017,2379.05
11.12.2017,2374.48
08.12.2017,2369.80
07.12.2017,2354.64
06.12.2017,2347.34
05.12.2017,2349.84
04.12.2017,2346.06
01.12.2017,2334.43
30.11.2017,2346.73
29.11.2017,2341.80
28.11.2017,2356.74
27.11.2017,2360.03
24.11.2017,2359.00
23.11.2017,2357.42
22.11.2017,2357.82
21.11.2017,2363.90
20.11.2017,2358.81
17.11.2017,2359.49
16.11.2017,2381.20
15.11.2017,2362.33
14.11.2017,2349.12
13.11.2017,2348.59
10.11.2017,2355.58
09.11.2017,2370.58
08.11.2017,2383.28
07.11.2017,2373.15
06.11.2017,2376.35
03.11.2017,2382.34
02.11.2017,2372.69
01.11.2017,2369.93
31.10.2017,2353.74
30.10.2017,2338.03
27.10.2017,2345.95
26.10.2017,2346.71
25.10.2017,2330.45
24.10.2017,2335.37
23.10.2017,2345.65
20.10.2017,2362.49
19.10.2017,2368.88
18.10.2017,2380.87
17.10.2017,2372.53
16.10.2017,2381.68
13.10.2017,2382.91
12.10.2017,2404.28
11.10.2017,2389.52
10.10.2017,2387.70
09.10.2017,2385.71
06.10.2017,2381.31
05.10.2017,2388.89
04.10.2017,2391.65
03.10.2017,2399.79
02.10.2017,2393.34
29.09.2017,2397.22
28.09.2017,2375.95
27.09.2017,2355.53
26.09.2017,2375.71
25.09.2017,2383.36
22.09.2017,2382.32
21.09.2017,2378.82
20.09.2017,2387.88
19.09.2017,2389.07
18.09.2017,2394.73
15.09.2017,2397.13
14.09.2017,2405.65
13.09.2017,2401.99
12.09.2017,2411.35
11.09.2017,2425.83
08.09.2017,2411.58
07.09.2017,2401.18
06.09.2017,2380.09
05.09.2017,2377.50
04.09.2017,2394.38
01.09.2017,2405.18
31.08.2017,2397.29
30.08.2017,2392.24
29.08.2017,2382.47
28.08.2017,2393.64
25.08.2017,2399.98
24.08.2017,2406.71
23.08.2017,2418.52
22.08.2017,2419.94
21.08.2017,2410.19
18.08.2017,2396.34
17.08.2017,2403.96
16.08.2017,2412.69
15.08.2017,2414.35
14.08.2017,2420.74
11.08.2017,2386.75
10.08.2017,2403.52
09.08.2017,2423.07
08.08.2017,2442.06
07.08.2017,2449.98
04.08.2017,2449.26
03.08.2017,2446.51
02.08.2017,2449.28
31.07.2017,2424.77
28.07.2017,2426.31
27.07.2017,2442.40
26.07.2017,2425.32
25.07.2017,2422.26
24.07.2017,2423.82
21.07.2017,2425.86
20.07.2017,2446.94
19.07.2017,2441.91
18.07.2017,2453.47
17.07.2017,2450.15
14.07.2017,2452.39
13.07.2017,2438.31
12.07.2017,2432.78
11.07.2017,2414.30
10.07.2017,2439.72
07.07.2017,2415.59
06.07.2017,2409.37
05.07.2017,2419.23
04.07.2017,2408.94
03.07.2017,2412.02
30.06.2017,2424.17
29.06.2017,2404.94
28.06.2017,2415.83
27.06.2017,2422.35
26.06.2017,2439.08
23.06.2017,2436.94
22.06.2017,2427.17
21.06.2017,2419.29
20.06.2017,2436.10
19.06.2017,2496.39
16.06.2017,2506.73
15.06.2017,2486.17
14.06.2017,2505.58
13.06.2017,2489.96
12.06.2017,2473.92
09.06.2017,2499.28
08.06.2017,2493.05
07.06.2017,2512.53
06.06.2017,2500.32
02.06.2017,2493.79
01.06.2017,2482.53
31.05.2017,2471.69
30.05.2017,2471.81
29.05.2017,2468.98
26.05.2017,2473.58
24.05.2017,2448.01
23.05.2017,2445.24
22.05.2017,2462.95
19.05.2017,2427.32
18.05.2017,2425.15
17.05.2017,2432.40
16.05.2017,2449.73
15.05.2017,2452.37
12.05.2017,2459.08
11.05.2017,2455.21
10.05.2017,2449.58
09.05.2017,2457.50
08.05.2017,2444.78
05.05.2017,2431.31
04.05.2017,2434.42
03.05.2017,2441.81
02.05.2017,2445.58
28.04.2017,2402.55
27.04.2017,2424.18
26.04.2017,2412.47
25.04.2017,2406.95
24.04.2017,2370.54
21.04.2017,2364.88
20.04.2017,2370.61
19.04.2017,2379.77
18.04.2017,2376.14
13.04.2017,2369.96
12.04.2017,2361.86
11.04.2017,2352.50
10.04.2017,2337.41
07.04.2017,2339.29
06.04.2017,2334.21
05.04.2017,2337.99
04.04.2017,2331.71
03.04.2017,2322.23
31.03.2017,2332.64
30.03.2017,2307.09
29.03.2017,2308.84
28.03.2017,2290.96
27.03.2017,2297.62
24.03.2017,2306.23
23.03.2017,2305.70
22.03.2017,2293.91
21.03.2017,2320.48
20.03.2017,2329.42
17.03.2017,2325.99
16.03.2017,2314.91
15.03.2017,2288.25
14.03.2017,2293.70
13.03.2017,2290.76
10.03.2017,2299.00
09.03.2017,2303.13
08.03.2017,2289.78
07.03.2017,2298.91
06.03.2017,2327.18
03.03.2017,2320.88
02.03.2017,2316.82
01.03.2017,2327.20
28.02.2017,2319.53
27.02.2017,2314.29
24.02.2017,2315.97
23.02.2017,2318.00
22.02.2017,2316.66
21.02.2017,2313.73
20.02.2017,2313.28
17.02.2017,2301.33
16.02.2017,2292.46
15.02.2017,2300.34
14.02.2017,2286.45
13.02.2017,2285.92
10.02.2017,2297.44
09.02.2017,2295.34
08.02.2017,2297.81
07.02.2017,2279.44
06.02.2017,2249.86
03.02.2017,2240.76
02.02.2017,2229.47
01.02.2017,2234.26
31.01.2017,2216.47
30.01.2017,2207.02
27.01.2017,2222.86
26.01.2017,2220.83
25.01.2017,2214.43
24.01.2017,2211.27
23.01.2017,2215.19
20.01.2017,2208.45
19.01.2017,2215.49
18.01.2017,2226.28
17.01.2017,2230.24
16.01.2017,2231.72
13.01.2017,2231.86
12.01.2017,2231.26
11.01.2017,2231.04
10.01.2017,2233.17
09.01.2017,2234.28
06.01.2017,2243.64
05.01.2017,2232.49
04.01.2017,2221.86
03.01.2017,2200.74
30.12.2016,2216.55
29.12.2016,2211.69
28.12.2016,2199.95
27.12.2016,2210.83
23.12.2016,2195.87
22.12.2016,2178.46
21.12.2016,2174.06
20.12.2016,2176.03
19.12.2016,2178.92
16.12.2016,2164.59
15.12.2016,2143.15
14.12.2016,2178.41
13.12.2016,2187.59
12.12.2016,2167.37
09.12.2016,2177.94
08.12.2016,2154.21
07.12.2016,2160.38
06.12.2016,2160.78
05.12.2016,2155.00
02.12.2016,2160.97
01.12.2016,2151.56
30.11.2016,2194.09
29.11.2016,2205.05
28.11.2016,2199.49
25.11.2016,2188.98
24.11.2016,2174.12
23.11.2016,2178.29
22.11.2016,2178.18
21.11.2016,2177.03
18.11.2016,2181.96
17.11.2016,2166.33
16.11.2016,2132.51
15.11.2016,2141.31
14.11.2016,2114.96
11.11.2016,2147.39
10.11.2016,2151.46
09.11.2016,2186.38
08.11.2016,2190.48
07.11.2016,2159.18
04.11.2016,2145.23
03.11.2016,2150.12
02.11.2016,2160.26
01.11.2016,2158.59
31.10.2016,2184.99
28.10.2016,2172.54
27.10.2016,2167.28
26.10.2016,2177.98
25.10.2016,2202.00
24.10.2016,2194.79
21.10.2016,2195.46
20.10.2016,2202.15
19.10.2016,2188.88
18.10.2016,2187.34
17.10.2016,2176.68
14.10.2016,2188.13
13.10.2016,2182.98
12.10.2016,2173.88
11.10.2016,2181.26
10.10.2016,2193.73
07.10.2016,2188.21
06.10.2016,2196.18
05.10.2016,2216.61
04.10.2016,2245.98
03.10.2016,2259.02
30.09.2016,2252.79
29.09.2016,2258.95
28.09.2016,2266.20
27.09.2016,2274.37
26.09.2016,2269.59
23.09.2016,2255.51
22.09.2016,2265.60
21.09.2016,2248.68
20.09.2016,2270.66
19.09.2016,2267.97
16.09.2016,2256.03
15.09.2016,2256.51
14.09.2016,2257.48
13.09.2016,2252.46
12.09.2016,2266.93
09.09.2016,2275.82
08.09.2016,2298.80
07.09.2016,2310.56
06.09.2016,2302.74
05.09.2016,2307.36
02.09.2016,2298.20
01.09.2016,2283.27
31.08.2016,2268.06
30.08.2016,2271.28
29.08.2016,2279.99
26.08.2016,2278.09
25.08.2016,2286.78
24.08.2016,2282.91
23.08.2016,2295.91
22.08.2016,2286.44
19.08.2016,2295.90
18.08.2016,2302.62
17.08.2016,2292.66
16.08.2016,2307.07
15.08.2016,2331.27
12.08.2016,2331.25
11.08.2016,2322.80
10.08.2016,2313.25
09.08.2016,2312.60
08.08.2016,2294.14
05.08.2016,2303.25
04.08.2016,2303.26
03.08.2016,2271.49
02.08.2016,2289.10
29.07.2016,2298.77
28.07.2016,2294.64
27.07.2016,2317.80
26.07.2016,2315.54
25.07.2016,2309.42
22.07.2016,2304.17
21.07.2016,2288.00
20.07.2016,2303.07
19.07.2016,2286.40
18.07.2016,2278.68
15.07.2016,2267.04
14.07.2016,2271.29
13.07.2016,2275.31
12.07.2016,2255.42
11.07.2016,2261.26
08.07.2016,2228.41
07.07.2016,2196.35
06.07.2016,2199.31
05.07.2016,2225.69
04.07.2016,2256.99
01.07.2016,2257.16
30.06.2016,2233.46
29.06.2016,2232.63
28.06.2016,2200.83
27.06.2016,2167.10
24.06.2016,2203.40
23.06.2016,2215.80
22.06.2016,2198.23
21.06.2016,2200.91
20.06.2016,2196.23
17.06.2016,2159.36
16.06.2016,2143.39
15.06.2016,2154.53
14.06.2016,2141.10
13.06.2016,2159.31
10.06.2016,2184.36
09.06.2016,2203.03
08.06.2016,2200.92
07.06.2016,2200.81
06.06.2016,2192.01
03.06.2016,2193.30
02.06.2016,2172.49
01.06.2016,2179.19
31.05.2016,2196.99
30.05.2016,2195.50
27.05.2016,2197.54
26.05.2016,2190.61
25.05.2016,2170.59
24.05.2016,2184.11
23.05.2016,2177.99
20.05.2016,2170.60
19.05.2016,2163.49
18.05.2016,2176.20
17.05.2016,2175.98
13.05.2016,2170.51
12.05.2016,2164.92
11.05.2016,2173.25
10.05.2016,2182.00
09.05.2016,2189.69
06.05.2016,2184.78
04.05.2016,2166.18
03.05.2016,2178.86
02.05.2016,2178.32
29.04.2016,2168.80
28.04.2016,2171.34
27.04.2016,2174.84
26.04.2016,2170.04
25.04.2016,2166.29
22.04.2016,2149.38
21.04.2016,2162.92
20.04.2016,2190.69
19.04.2016,2180.52
18.04.2016,2156.55
15.04.2016,2160.01
14.04.2016,2163.76
13.04.2016,2168.19
12.04.2016,2151.95
11.04.2016,2164.72
08.04.2016,2155.25
07.04.2016,2137.29
06.04.2016,2148.88
05.04.2016,2131.03
04.04.2016,2111.13
01.04.2016,2109.00
31.03.2016,2116.55
30.03.2016,2103.23
29.03.2016,2097.88
24.03.2016,2071.15
23.03.2016,2081.70
22.03.2016,2082.09
21.03.2016,2083.05
18.03.2016,2080.93
17.03.2016,2093.61
16.03.2016,2082.52
15.03.2016,2078.93
14.03.2016,2084.36
11.03.2016,2074.80
10.03.2016,2039.27
09.03.2016,2020.45
08.03.2016,2030.39
07.03.2016,2049.67
04.03.2016,2046.75
03.03.2016,2029.21
02.03.2016,2030.63
01.03.2016,2026.62
29.02.2016,2023.29
26.02.2016,2022.78
25.02.2016,2017.90
24.02.2016,1995.59
23.02.2016,2007.60
22.02.2016,2025.75
19.02.2016,2018.51
18.02.2016,2008.01
17.02.2016,1995.69
16.02.2016,1981.80
15.02.2016,1982.54
12.02.2016,1943.23
11.02.2016,1919.92
10.02.2016,1944.35
09.02.2016,1900.96
08.02.2016,1933.86
05.02.2016,1966.67
04.02.2016,1980.73
03.02.2016,2000.85
02.02.2016,1996.36
01.02.2016,2009.97
29.01.2016,2011.32
28.01.2016,1982.04
27.01.2016,1975.99
26.01.2016,1967.06
25.01.2016,1959.93
22.01.2016,1948.33
21.01.2016,1892.48
20.01.2016,1895.35
19.01.2016,1917.17
18.01.2016,1905.46
15.01.2016,1919.86
14.01.2016,1946.30
13.01.2016,1962.80
12.01.2016,1955.02
11.01.2016,1934.13
08.01.2016,1925.66
07.01.2016,1933.32
06.01.2016,1949.95
05.01.2016,1967.26
04.01.2016,1964.46
30.12.2015,1984.70
29.12.2015,1997.90
28.12.2015,1979.73
23.12.2015,1970.55
22.12.2015,1948.38
21.12.2015,1947.42
18.12.2015,1948.10
17.12.2015,1938.25
16.12.2015,1922.23
15.12.2015,1905.37
14.12.2015,1881.57
11.12.2015,1890.31
10.12.2015,1904.58
09.12.2015,1915.21
08.12.2015,1925.75
07.12.2015,1941.15
04.12.2015,1921.42
03.12.2015,1932.80
02.12.2015,1952.57
01.12.2015,1976.34
30.11.2015,1949.08
27.11.2015,1955.90
26.11.2015,1945.80
25.11.2015,1934.85
24.11.2015,1927.19
23.11.2015,1945.28
20.11.2015,1963.48
19.11.2015,1952.19
18.11.2015,1945.76
17.11.2015,1955.82
16.11.2015,1932.46
13.11.2015,1926.58
12.11.2015,1896.05
11.11.2015,1909.10
10.11.2015,1892.59
09.11.2015,1895.24
06.11.2015,1932.05
05.11.2015,1935.19
04.11.2015,1935.99
03.11.2015,1934.61
02.11.2015,1949.14
30.10.2015,1935.06
29.10.2015,1935.40
28.10.2015,1941.14
27.10.2015,1941.43
26.10.2015,1947.47
23.10.2015,1945.28
22.10.2015,1934.20
21.10.2015,1926.03
20.10.2015,1914.57
19.10.2015,1903.90
16.10.2015,1892.80
15.10.2015,1884.31
14.10.2015,1885.08
13.10.2015,1888.78
12.10.2015,1902.00
09.10.2015,1892.03
08.10.2015,1876.14
07.10.2015,1857.09
06.10.2015,1875.36
05.10.2015,1865.94
02.10.2015,1834.66
01.10.2015,1824.68
30.09.2015,1833.61
29.09.2015,1821.62
28.09.2015,1812.44
25.09.2015,1838.40
24.09.2015,1822.21
23.09.2015,1834.08
22.09.2015,1838.15
21.09.2015,1860.18
18.09.2015,1855.09
17.09.2015,1848.72
16.09.2015,1852.98
15.09.2015,1857.10
14.09.2015,1861.78
11.09.2015,1869.56
10.09.2015,1879.52
09.09.2015,1879.18
08.09.2015,1875.28
07.09.2015,1870.99
04.09.2015,1882.00
03.09.2015,1891.41
02.09.2015,1882.21
01.09.2015,1869.13
31.08.2015,1909.42
28.08.2015,1895.71
27.08.2015,1917.92
26.08.2015,1880.76
25.08.2015,1892.71
24.08.2015,1853.20
21.08.2015,1924.33
20.08.2015,1964.31
19.08.2015,1984.47
18.08.2015,2004.15
17.08.2015,2005.78
14.08.2015,1998.79
13.08.2015,1986.89
12.08.2015,1979.41
11.08.2015,1987.75
10.08.2015,1978.29
07.08.2015,1968.34
06.08.2015,1973.08
05.08.2015,1975.88
04.08.2015,1962.96
03.08.2015,1960.13
31.07.2015,1956.41
30.07.2015,1948.16
29.07.2015,1942.35
28.07.2015,1927.91
27.07.2015,1917.67
24.07.2015,1918.50
23.07.2015,1919.16
22.07.2015,1924.97
21.07.2015,1941.19
20.07.2015,1945.09
17.07.2015,1939.54
16.07.2015,1938.29
15.07.2015,1918.79
14.07.2015,1918.49
13.07.2015,1924.37
10.07.2015,1896.75
09.07.2015,1878.70
08.07.2015,1874.79
07.07.2015,1847.81
06.07.2015,1860.05
03.07.2015,1875.62
02.07.2015,1865.05
01.07.2015,1850.18
30.06.2015,1829.57
29.06.2015,1831.47
26.06.2015,1852.74
25.06.2015,1842.63
24.06.2015,1861.16
23.06.2015,1854.34
22.06.2015,1838.21
19.06.2015,1831.05
18.06.2015,1848.09
17.06.2015,1857.04
16.06.2015,1857.52
15.06.2015,1863.60
12.06.2015,1885.47
11.06.2015,1903.15
10.06.2015,1890.72
09.06.2015,1889.07
08.06.2015,1879.03
05.06.2015,1885.21
04.06.2015,1915.31
03.06.2015,1895.49
02.06.2015,1914.32
01.06.2015,1913.72
29.05.2015,1888.13
28.05.2015,1899.73
27.05.2015,1912.25
26.05.2015,1890.87
22.05.2015,1914.70
21.05.2015,1933.71
20.05.2015,1960.42
19.05.2015,1986.90
18.05.2015,1971.99
15.05.2015,1984.65
13.05.2015,1962.02
12.05.2015,1962.87
11.05.2015,1987.95
08.05.2015,1997.02
07.05.2015,1968.51
06.05.2015,1990.01
05.05.2015,2010.52
04.05.2015,2027.59
30.04.2015,2009.57
29.04.2015,2004.96
28.04.2015,2019.17
27.04.2015,2043.87
24.04.2015,2041.20
23.04.2015,2046.16
22.04.2015,2049.11
21.04.2015,2055.98
20.04.2015,2049.12
17.04.2015,2028.16
16.04.2015,2033.32
15.04.2015,2051.02
14.04.2015,2049.66
13.04.2015,2049.00
10.04.2015,2056.32
09.04.2015,2046.31
08.04.2015,2043.63
07.04.2015,2038.91
02.04.2015,2023.74
01.04.2015,2015.67
31.03.2015,2008.23
30.03.2015,2006.69
27.03.2015,2017.82
26.03.2015,2023.88
25.03.2015,2043.97
24.03.2015,2054.22
23.03.2015,2038.17
20.03.2015,2035.34
19.03.2015,2022.01
18.03.2015,2010.79
17.03.2015,2008.79
16.03.2015,2000.60
13.03.2015,1991.20
12.03.2015,1973.82
11.03.2015,1982.32
10.03.2015,1965.23
09.03.2015,1990.17
06.03.2015,1993.49
05.03.2015,2044.91
04.03.2015,2046.83
03.03.2015,2059.21
02.03.2015,2079.43
27.02.2015,2071.20
26.02.2015,2070.16
25.02.2015,2075.78
24.02.2015,2070.90
23.02.2015,2049.07
20.02.2015,2034.36
19.02.2015,2050.40
18.02.2015,2053.31
17.02.2015,2033.58
16.02.2015,2034.69
13.02.2015,2037.87
12.02.2015,2015.97
11.02.2015,2012.45
10.02.2015,2002.79
09.02.2015,1997.35
06.02.2015,2006.95
05.02.2015,2009.54
04.02.2015,2002.37
03.02.2015,2005.69
02.02.2015,1998.64
30.01.2015,1958.95
29.01.2015,1957.61
28.01.2015,1940.97
27.01.2015,1937.81
26.01.2015,1922.01
23.01.2015,1901.18
22.01.2015,1876.35
21.01.2015,1868.63
20.01.2015,1863.04
19.01.2015,1818.88
16.01.2015,1796.01
15.01.2015,1833.56
14.01.2015,1861.33
13.01.2015,1872.46
12.01.2015,1865.43
09.01.2015,1861.52
08.01.2015,1843.51
07.01.2015,1833.11
06.01.2015,1812.85
05.01.2015,1813.19
30.12.2014,1810.74
29.12.2014,1814.66
23.12.2014,1801.34
22.12.2014,1811.34
19.12.2014,1821.86
18.12.2014,1798.50
17.12.2014,1775.01
16.12.2014,1778.78
15.12.2014,1768.52
12.12.2014,1775.13
11.12.2014,1782.88
10.12.2014,1787.64
09.12.2014,1787.22
08.12.2014,1794.00
05.12.2014,1803.91
04.12.2014,1802.23
03.12.2014,1810.29
02.12.2014,1803.86
01.12.2014,1796.65
28.11.2014,1801.22
27.11.2014,1800.55
26.11.2014,1793.35
25.11.2014,1797.21
24.11.2014,1792.56
21.11.2014,1793.95
20.11.2014,1787.84
19.11.2014,1787.48
18.11.2014,1790.36
17.11.2014,1782.09
14.11.2014,1789.37
13.11.2014,1781.86
12.11.2014,1776.31
11.11.2014,1773.80
10.11.2014,1768.17
07.11.2014,1762.15
06.11.2014,1768.91
05.11.2014,1769.88
04.11.2014,1768.84
03.11.2014,1758.20
31.10.2014,1764.47
30.10.2014,1756.39
29.10.2014,1754.46
28.10.2014,1754.90
27.10.2014,1749.47
24.10.2014,1750.81
23.10.2014,1753.07
22.10.2014,1748.47
21.10.2014,1746.47
20.10.2014,1727.62
17.10.2014,1717.22
16.10.2014,1700.15
15.10.2014,1689.46
14.10.2014,1699.24
13.10.2014,1708.53
10.10.2014,1708.63
09.10.2014,1716.33
08.10.2014,1710.59
07.10.2014,1711.16
06.10.2014,1709.37
03.10.2014,1713.66
02.10.2014,1714.51
01.10.2014,1724.42
30.09.2014,1720.88
29.09.2014,1714.10
26.09.2014,1732.28
25.09.2014,1716.74
24.09.2014,1715.28
23.09.2014,1719.44
22.09.2014,1733.88
19.09.2014,1713.95
18.09.2014,1734.08
17.09.2014,1735.66
16.09.2014,1734.23
15.09.2014,1738.19
12.09.2014,1746.45
11.09.2014,1752.20
10.09.2014,1755.76
09.09.2014,1766.48
08.09.2014,1764.88
05.09.2014,1762.24
04.09.2014,1767.11
03.09.2014,1764.91
02.09.2014,1767.04
01.09.2014,1764.88
29.08.2014,1767.26
28.08.2014,1766.71
27.08.2014,1770.62
26.08.2014,1767.72
25.08.2014,1763.86
22.08.2014,1763.04
21.08.2014,1761.82
20.08.2014,1753.13
19.08.2014,1755.91
18.08.2014,1753.71
15.08.2014,1751.06
14.08.2014,1756.19
13.08.2014,1750.05
12.08.2014,1733.65
11.08.2014,1738.16
08.08.2014,1724.88
07.08.2014,1717.26
06.08.2014,1718.99
05.08.2014,1720.95
04.08.2014,1717.38
31.07.2014,1734.77
30.07.2014,1743.23
29.07.2014,1758.57
28.07.2014,1752.06
25.07.2014,1751.84
24.07.2014,1765.98
23.07.2014,1771.16
22.07.2014,1764.84
21.07.2014,1759.12
18.07.2014,1767.99
17.07.2014,1770.65
16.07.2014,1771.43
15.07.2014,1772.87
14.07.2014,1774.64
11.07.2014,1771.38
10.07.2014,1772.99
09.07.2014,1764.53
08.07.2014,1766.38
07.07.2014,1769.63
04.07.2014,1772.24
03.07.2014,1777.12
02.07.2014,1773.91
01.07.2014,1773.58
30.06.2014,1768.35
27.06.2014,1767.31
26.06.2014,1769.91
25.06.2014,1772.88
24.06.2014,1779.25
23.06.2014,1765.45
20.06.2014,1764.97
19.06.2014,1771.24
18.06.2014,1752.58
17.06.2014,1753.65
16.06.2014,1764.18
13.06.2014,1766.96
12.06.2014,1768.39
11.06.2014,1768.83
10.06.2014,1769.27
06.06.2014,1761.93
05.06.2014,1743.02
04.06.2014,1742.07
03.06.2014,1739.11
02.06.2014,1730.99
30.05.2014,1731.33
28.05.2014,1751.88
27.05.2014,1765.72
26.05.2014,1752.74
23.05.2014,1750.60
22.05.2014,1753.98
21.05.2014,1753.16
20.05.2014,1758.70
19.05.2014,1765.96
16.05.2014,1766.11
15.05.2014,1773.35
14.05.2014,1774.79
13.05.2014,1777.40
12.05.2014,1777.43
09.05.2014,1776.09
08.05.2014,1780.45
07.05.2014,1771.28
06.05.2014,1773.49
05.05.2014,1767.13
02.05.2014,1769.00
30.04.2014,1770.74
29.04.2014,1777.43
28.04.2014,1779.36
25.04.2014,1775.37
24.04.2014,1774.64
23.04.2014,1765.80
22.04.2014,1774.15
17.04.2014,1749.88
16.04.2014,1743.87
15.04.2014,1732.02
14.04.2014,1727.08
11.04.2014,1724.23
10.04.2014,1743.07
09.04.2014,1734.04
08.04.2014,1720.43
07.04.2014,1721.07
04.04.2014,1718.87
03.04.2014,1709.95
02.04.2014,1706.29
01.04.2014,1706.22
31.03.2014,1713.13
28.03.2014,1706.15
27.03.2014,1699.48
26.03.2014,1700.68
25.03.2014,1690.06
24.03.2014,1679.74
21.03.2014,1695.99
20.03.2014,1675.36
19.03.2014,1685.26
18.03.2014,1674.69
17.03.2014,1675.24
14.03.2014,1652.32
13.03.2014,1666.63
12.03.2014,1664.20
11.03.2014,1678.82
10.03.2014,1664.27
07.03.2014,1656.01
06.03.2014,1671.04
05.03.2014,1672.89
04.03.2014,1676.66
03.03.2014,1663.29
28.02.2014,1682.51
27.02.2014,1673.43
26.02.2014,1688.45
25.02.2014,1681.20
24.02.2014,1677.36
21.02.2014,1682.07
20.02.2014,1681.39
19.02.2014,1675.15
18.02.2014,1677.79
17.02.2014,1675.54
14.02.2014,1668.60
13.02.2014,1662.81
12.02.2014,1654.07
11.02.2014,1652.33
10.02.2014,1637.32
07.02.2014,1653.58
06.02.2014,1635.08
05.02.2014,1623.54
04.02.2014,1625.47
03.02.2014,1625.58
31.01.2014,1630.50
30.01.2014,1630.74
29.01.2014,1631.30
28.01.2014,1630.84
27.01.2014,1624.09
24.01.2014,1607.29
23.01.2014,1627.46
22.01.2014,1631.28
21.01.2014,1628.40
20.01.2014,1618.06
17.01.2014,1609.47
16.01.2014,1596.38
15.01.2014,1596.52
14.01.2014,1603.92
13.01.2014,1611.91
10.01.2014,1607.30
09.01.2014,1599.86
08.01.2014,1590.88
07.01.2014,1590.06
06.01.2014,1589.73
03.01.2014,1594.34
30.12.2013,1593.28
27.12.2013,1585.92
23.12.2013,1598.09
20.12.2013,1585.11
19.12.2013,1584.18
18.12.2013,1565.53
17.12.2013,1562.87
16.12.2013,1567.72
13.12.2013,1556.50
12.12.2013,1562.41
11.12.2013,1573.59
10.12.2013,1595.26
09.12.2013,1591.44
06.12.2013,1596.17
05.12.2013,1594.79
04.12.2013,1597.16
03.12.2013,1596.37
02.12.2013,1603.95
29.11.2013,1620.31
28.11.2013,1605.10
27.11.2013,1599.11
26.11.2013,1607.75
25.11.2013,1606.29
22.11.2013,1603.00
21.11.2013,1601.80
20.11.2013,1607.96
19.11.2013,1627.95
18.11.2013,1635.61
15.11.2013,1631.19
14.11.2013,1611.79
13.11.2013,1598.92
12.11.2013,1620.01
11.11.2013,1613.41
08.11.2013,1600.62
07.11.2013,1600.68
06.11.2013,1604.68
05.11.2013,1610.44
04.11.2013,1611.22
01.11.2013,1602.34
31.10.2013,1610.81
30.10.2013,1613.68
29.10.2013,1628.80
28.10.2013,1635.74
25.10.2013,1629.02
24.10.2013,1630.29
23.10.2013,1628.10
22.10.2013,1631.70
21.10.2013,1634.90
18.10.2013,1630.22
17.10.2013,1621.02
16.10.2013,1614.22
15.10.2013,1614.96
14.10.2013,1615.18
11.10.2013,1622.98
10.10.2013,1618.33
09.10.2013,1608.47
08.10.2013,1599.87
07.10.2013,1606.80
04.10.2013,1611.90
03.10.2013,1618.14
02.10.2013,1633.73
01.10.2013,1640.43
30.09.2013,1624.07
27.09.2013,1623.34
26.09.2013,1636.26
25.09.2013,1636.29
24.09.2013,1636.40
23.09.2013,1626.66
20.09.2013,1629.65
19.09.2013,1632.53
18.09.2013,1614.07
17.09.2013,1619.33
16.09.2013,1624.34
13.09.2013,1622.33
12.09.2013,1631.11
11.09.2013,1606.22
10.09.2013,1607.36
09.09.2013,1593.95
06.09.2013,1610.24
05.09.2013,1614.10
04.09.2013,1605.40
03.09.2013,1606.32
02.09.2013,1635.36
30.08.2013,1624.46
29.08.2013,1608.21
28.08.2013,1611.78
27.08.2013,1619.74
26.08.2013,1630.43
23.08.2013,1630.17
22.08.2013,1631.04
21.08.2013,1635.16
20.08.2013,1645.95
19.08.2013,1653.40
16.08.2013,1653.15
15.08.2013,1664.59
14.08.2013,1666.57
13.08.2013,1666.20
12.08.2013,1658.85
09.08.2013,1660.66
08.08.2013,1657.73
07.08.2013,1656.34
06.08.2013,1661.02
05.08.2013,1665.49
02.08.2013,1658.13
31.07.2013,1631.63
30.07.2013,1637.42
29.07.2013,1618.63
26.07.2013,1623.18
25.07.2013,1621.05
24.07.2013,1623.86
23.07.2013,1644.92
22.07.2013,1635.86
19.07.2013,1650.22
18.07.2013,1650.68
17.07.2013,1648.33
16.07.2013,1651.23
15.07.2013,1650.72
12.07.2013,1653.87
11.07.2013,1656.65
10.07.2013,1650.94
09.07.2013,1658.99
08.07.2013,1648.23
05.07.2013,1651.02
04.07.2013,1656.48
03.07.2013,1634.89
02.07.2013,1651.02
01.07.2013,1640.57
28.06.2013,1650.34
27.06.2013,1647.11
26.06.2013,1635.67
25.06.2013,1630.96
24.06.2013,1617.08
21.06.2013,1649.50
20.06.2013,1667.45
19.06.2013,1691.26
18.06.2013,1697.83
17.06.2013,1695.32
14.06.2013,1698.61
13.06.2013,1679.63
12.06.2013,1687.93
11.06.2013,1686.41
10.06.2013,1721.00
07.06.2013,1714.43
06.06.2013,1707.61
05.06.2013,1725.63
04.06.2013,1722.67
03.06.2013,1714.74
31.05.2013,1723.66
30.05.2013,1724.66
29.05.2013,1738.20
28.05.2013,1754.41
27.05.2013,1757.73
24.05.2013,1752.42
23.05.2013,1750.06
22.05.2013,1780.71
21.05.2013,1786.34
17.05.2013,1789.27
16.05.2013,1801.82
15.05.2013,1813.32
14.05.2013,1804.72
13.05.2013,1802.05
10.05.2013,1805.07
08.05.2013,1792.36
07.05.2013,1779.77
06.05.2013,1772.94
03.05.2013,1774.79
02.05.2013,1764.21
30.04.2013,1763.89
29.04.2013,1757.71
26.04.2013,1745.26
25.04.2013,1748.48
24.04.2013,1734.99
23.04.2013,1718.48
22.04.2013,1712.69
19.04.2013,1721.14
18.04.2013,1714.32
17.04.2013,1700.89
16.04.2013,1712.25
15.04.2013,1705.98
12.04.2013,1715.08
11.04.2013,1697.45
10.04.2013,1722.03
09.04.2013,1697.21
08.04.2013,1687.02
05.04.2013,1685.95
04.04.2013,1695.14
03.04.2013,1695.98
02.04.2013,1704.22
28.03.2013,1704.63
27.03.2013,1689.05
26.03.2013,1675.84
25.03.2013,1675.59
22.03.2013,1675.24
21.03.2013,1680.53
20.03.2013,1674.07
19.03.2013,1682.90
18.03.2013,1687.77
15.03.2013,1682.66
14.03.2013,1697.01
13.03.2013,1681.46
12.03.2013,1679.67
11.03.2013,1688.99
08.03.2013,1688.01
07.03.2013,1690.55
06.03.2013,1684.39
05.03.2013,1703.47
04.03.2013,1680.72
01.03.2013,1686.80
28.02.2013,1683.38
27.02.2013,1668.09
26.02.2013,1658.66
25.02.2013,1675.92
22.02.2013,1676.88
21.02.2013,1665.78
20.02.2013,1674.71
19.02.2013,1671.48
18.02.2013,1669.01
15.02.2013,1674.41
14.02.2013,1675.45
13.02.2013,1689.04
12.02.2013,1686.92
11.02.2013,1669.14
08.02.2013,1675.41
07.02.2013,1680.64
06.02.2013,1698.58
05.02.2013,1702.36
04.02.2013,1699.57
01.02.2013,1713.88
31.01.2013,1712.65
30.01.2013,1724.09
29.01.2013,1720.81
28.01.2013,1730.92
25.01.2013,1721.58
24.01.2013,1714.53
23.01.2013,1701.99
22.01.2013,1697.91
21.01.2013,1702.08
18.01.2013,1712.08
17.01.2013,1718.17
16.01.2013,1708.39
15.01.2013,1708.32
14.01.2013,1696.52
11.01.2013,1708.80
10.01.2013,1713.74
09.01.2013,1722.28
08.01.2013,1714.64
07.01.2013,1718.19
04.01.2013,1724.80
03.01.2013,1723.48
28.12.2012,1710.98
27.12.2012,1711.33
21.12.2012,1704.98
20.12.2012,1714.76
19.12.2012,1711.85
18.12.2012,1713.17
17.12.2012,1701.89
14.12.2012,1702.01
13.12.2012,1697.37
12.12.2012,1693.09
11.12.2012,1690.85
10.12.2012,1689.12
07.12.2012,1691.23
06.12.2012,1688.18
05.12.2012,1690.62
04.12.2012,1684.00
03.12.2012,1699.68
30.11.2012,1694.03
29.11.2012,1659.27
28.11.2012,1654.27
27.11.2012,1651.33
26.11.2012,1651.09
23.11.2012,1661.73
22.11.2012,1657.17
21.11.2012,1657.49
20.11.2012,1657.82
19.11.2012,1662.68
16.11.2012,1639.46
15.11.2012,1652.94
14.11.2012,1645.73
13.11.2012,1648.70
12.11.2012,1659.55
09.11.2012,1674.74
08.11.2012,1688.83
07.11.2012,1695.82
06.11.2012,1697.50
05.11.2012,1698.67
02.11.2012,1718.98
01.11.2012,1711.30
31.10.2012,1707.76
30.10.2012,1696.42
29.10.2012,1695.14
26.10.2012,1696.55
25.10.2012,1694.16
24.10.2012,1701.38
23.10.2012,1696.10
22.10.2012,1706.08
19.10.2012,1701.86
18.10.2012,1706.14
17.10.2012,1711.77
16.10.2012,1704.42
15.10.2012,1694.14
12.10.2012,1685.37
11.10.2012,1688.63
10.10.2012,1691.19
09.10.2012,1697.83
08.10.2012,1701.40
05.10.2012,1704.14
04.10.2012,1692.14
03.10.2012,1697.19
02.10.2012,1703.22
01.10.2012,1693.78
28.09.2012,1706.71
27.09.2012,1702.49
26.09.2012,1702.13
25.09.2012,1692.65
24.09.2012,1690.78
21.09.2012,1698.24
20.09.2012,1698.17
19.09.2012,1706.05
18.09.2012,1683.89
17.09.2012,1693.84
14.09.2012,1701.63
13.09.2012,1707.77
12.09.2012,1692.31
11.09.2012,1685.24
10.09.2012,1700.66
07.09.2012,1709.92
06.09.2012,1717.48
05.09.2012,1706.65
04.09.2012,1720.20
03.09.2012,1727.47
31.08.2012,1738.16
30.08.2012,1734.34
29.08.2012,1739.74
28.08.2012,1739.69
27.08.2012,1737.48
24.08.2012,1743.15
23.08.2012,1744.85
22.08.2012,1747.62
21.08.2012,1751.36
20.08.2012,1760.34
17.08.2012,1756.90
16.08.2012,1767.64
15.08.2012,1770.37
14.08.2012,1775.87
13.08.2012,1770.09
10.08.2012,1776.56
09.08.2012,1778.56
08.08.2012,1782.66
07.08.2012,1786.08
06.08.2012,1790.31
03.08.2012,1786.32
02.08.2012,1767.50
31.07.2012,1770.45
30.07.2012,1763.19
27.07.2012,1762.16
26.07.2012,1759.42
25.07.2012,1749.02
24.07.2012,1741.94
23.07.2012,1743.54
20.07.2012,1754.77
19.07.2012,1763.17
18.07.2012,1752.21
17.07.2012,1739.39
16.07.2012,1738.19
13.07.2012,1735.05
12.07.2012,1734.72
11.07.2012,1733.68
10.07.2012,1730.99
09.07.2012,1733.27
06.07.2012,1734.37
05.07.2012,1730.04
04.07.2012,1727.05
03.07.2012,1726.04
02.07.2012,1724.30
29.06.2012,1713.77
28.06.2012,1692.08
27.06.2012,1698.42
26.06.2012,1684.34
25.06.2012,1698.29
22.06.2012,1707.03
21.06.2012,1705.34
20.06.2012,1706.52
19.06.2012,1710.16
18.06.2012,1701.37
15.06.2012,1705.64
14.06.2012,1703.15
13.06.2012,1701.89
12.06.2012,1686.92
11.06.2012,1694.24
08.06.2012,1703.60
07.06.2012,1701.67
06.06.2012,1694.20
05.06.2012,1669.72
04.06.2012,1668.05
01.06.2012,1681.88
31.05.2012,1685.92
30.05.2012,1679.10
29.05.2012,1682.87
25.05.2012,1677.77
24.05.2012,1681.97
23.05.2012,1678.89
22.05.2012,1679.70
21.05.2012,1674.66
18.05.2012,1676.82
16.05.2012,1675.44
15.05.2012,1641.97
14.05.2012,1650.86
11.05.2012,1662.99
10.05.2012,1655.21
09.05.2012,1647.34
08.05.2012,1677.78
07.05.2012,1692.40
04.05.2012,1683.04
03.05.2012,1691.18
02.05.2012,1688.44
30.04.2012,1677.73
27.04.2012,1666.13
26.04.2012,1666.31
25.04.2012,1660.61
24.04.2012,1650.21
23.04.2012,1656.62
20.04.2012,1650.57
19.04.2012,1638.72
18.04.2012,1641.12
17.04.2012,1644.35
16.04.2012,1638.10
13.04.2012,1635.31
12.04.2012,1633.08
11.04.2012,1628.50
10.04.2012,1633.04
05.04.2012,1630.00
04.04.2012,1629.64
03.04.2012,1633.19
02.04.2012,1621.15
30.03.2012,1598.66
29.03.2012,1592.32
28.03.2012,1608.67
27.03.2012,1613.27
26.03.2012,1597.17
23.03.2012,1592.87
22.03.2012,1596.29
21.03.2012,1607.79
20.03.2012,1603.88
19.03.2012,1597.97
16.03.2012,1599.78
15.03.2012,1581.77
14.03.2012,1587.04
13.03.2012,1581.73
12.03.2012,1571.85
09.03.2012,1562.28
08.03.2012,1553.85
07.03.2012,1536.48
06.03.2012,1532.74
05.03.2012,1558.88
02.03.2012,1561.19
01.03.2012,1555.35
29.02.2012,1543.63
28.02.2012,1535.10
27.02.2012,1531.31
24.02.2012,1534.29
23.02.2012,1517.54
22.02.2012,1521.90
21.02.2012,1533.61
20.02.2012,1539.72
17.02.2012,1541.59
16.02.2012,1536.59
15.02.2012,1536.63
14.02.2012,1533.05
13.02.2012,1537.40
10.02.2012,1544.22
09.02.2012,1542.41
08.02.2012,1543.94
07.02.2012,1541.18
06.02.2012,1533.83
03.02.2012,1528.11
02.02.2012,1529.86
01.02.2012,1527.03
31.01.2012,1516.49
30.01.2012,1516.33
27.01.2012,1521.79
26.01.2012,1521.02
25.01.2012,1509.51
24.01.2012,1519.22
23.01.2012,1527.54
20.01.2012,1520.94
19.01.2012,1505.59
18.01.2012,1503.19
17.01.2012,1502.79
16.01.2012,1506.09
13.01.2012,1506.14
12.01.2012,1507.73
11.01.2012,1502.01
10.01.2012,1508.70
09.01.2012,1502.11
06.01.2012,1506.87
05.01.2012,1520.14
04.01.2012,1532.05
03.01.2012,1539.15
30.12.2011,1523.48
29.12.2011,1523.19
28.12.2011,1515.78
27.12.2011,1520.60
23.12.2011,1523.90
22.12.2011,1513.75
21.12.2011,1503.02
20.12.2011,1507.65
19.12.2011,1489.28
16.12.2011,1487.93
15.12.2011,1481.19
14.12.2011,1472.03
13.12.2011,1486.06
12.12.2011,1487.01
09.12.2011,1500.57
08.12.2011,1504.30
07.12.2011,1519.89
06.12.2011,1514.74
05.12.2011,1513.11
02.12.2011,1511.94
01.12.2011,1519.61
30.11.2011,1524.42
29.11.2011,1486.39
28.11.2011,1483.38
25.11.2011,1457.12
24.11.2011,1465.83
23.11.2011,1487.38
22.11.2011,1481.33
21.11.2011,1476.80
18.11.2011,1478.75
17.11.2011,1462.96
16.11.2011,1490.23
15.11.2011,1523.73
14.11.2011,1534.39
11.11.2011,1550.84
10.11.2011,1547.29
09.11.2011,1555.34
08.11.2011,1549.29
07.11.2011,1544.52
04.11.2011,1551.65
03.11.2011,1547.95
02.11.2011,1543.42
01.11.2011,1540.21
31.10.2011,1563.72
28.10.2011,1571.80
27.10.2011,1573.81
26.10.2011,1574.14
25.10.2011,1579.50
24.10.2011,1592.04
21.10.2011,1592.15
20.10.2011,1573.80
19.10.2011,1577.91
18.10.2011,1583.39
17.10.2011,1587.16
14.10.2011,1598.87
13.10.2011,1589.23
12.10.2011,1591.94
11.10.2011,1585.17
10.10.2011,1594.33
07.10.2011,1596.17
06.10.2011,1585.54
05.10.2011,1575.53
04.10.2011,1558.73
03.10.2011,1580.49
30.09.2011,1580.99
29.09.2011,1584.39
28.09.2011,1583.05
27.09.2011,1588.80
26.09.2011,1570.95
23.09.2011,1569.31
22.09.2011,1581.16
21.09.2011,1594.62
20.09.2011,1592.43
19.09.2011,1588.08
16.09.2011,1595.82
15.09.2011,1582.14
14.09.2011,1574.65
13.09.2011,1569.23
12.09.2011,1559.06
09.09.2011,1576.99
08.09.2011,1576.88
07.09.2011,1563.77
06.09.2011,1540.59
05.09.2011,1527.54
02.09.2011,1546.09
01.09.2011,1546.17
31.08.2011,1557.29
30.08.2011,1543.95
29.08.2011,1538.51
26.08.2011,1519.79
25.08.2011,1513.96
24.08.2011,1509.38
23.08.2011,1496.23
22.08.2011,1495.02
19.08.2011,1473.54
18.08.2011,1460.31
17.08.2011,1477.30
16.08.2011,1468.29
15.08.2011,1482.11
12.08.2011,1467.97
11.08.2011,1448.12
10.08.2011,1428.38
09.08.2011,1421.86
08.08.2011,1420.17
05.08.2011,1456.90
04.08.2011,1513.52
03.08.2011,1519.80
02.08.2011,1542.09
29.07.2011,1562.89
28.07.2011,1563.37
27.07.2011,1558.99
26.07.2011,1559.83
25.07.2011,1552.37
22.07.2011,1552.08
21.07.2011,1547.54
20.07.2011,1545.03
19.07.2011,1548.22
18.07.2011,1544.53
15.07.2011,1553.98
14.07.2011,1555.13
13.07.2011,1557.56
12.07.2011,1553.56
11.07.2011,1552.68
08.07.2011,1565.09
07.07.2011,1564.31
06.07.2011,1565.58
05.07.2011,1572.19
04.07.2011,1573.51
01.07.2011,1569.10
30.06.2011,1563.39
29.06.2011,1550.12
28.06.2011,1546.31
27.06.2011,1545.20
24.06.2011,1539.76
23.06.2011,1549.22
22.06.2011,1557.33
21.06.2011,1554.45
20.06.2011,1546.85
17.06.2011,1559.18
16.06.2011,1557.97
15.06.2011,1570.01
14.06.2011,1568.89
10.06.2011,1565.17
09.06.2011,1562.51
08.06.2011,1562.74
07.06.2011,1567.01
06.06.2011,1574.67
03.06.2011,1572.94
01.06.2011,1575.25
31.05.2011,1565.53
30.05.2011,1558.72
27.05.2011,1557.13
26.05.2011,1554.87
25.05.2011,1559.55
24.05.2011,1558.69
23.05.2011,1560.41
20.05.2011,1567.79
19.05.2011,1572.58
18.05.2011,1571.02
17.05.2011,1560.60
16.05.2011,1560.90
13.05.2011,1561.84
12.05.2011,1561.10
11.05.2011,1558.93
10.05.2011,1556.10
09.05.2011,1548.81
06.05.2011,1543.67
05.05.2011,1537.99
04.05.2011,1535.06
03.05.2011,1538.09
02.05.2011,1538.07
29.04.2011,1538.55
28.04.2011,1537.82
27.04.2011,1525.18
26.04.2011,1524.77
21.04.2011,1521.66
20.04.2011,1502.86
19.04.2011,1492.69
18.04.2011,1489.02
15.04.2011,1488.44
14.04.2011,1482.54
13.04.2011,1481.21
12.04.2011,1475.56
11.04.2011,1482.96
08.04.2011,1482.56
07.04.2011,1480.59
06.04.2011,1474.92
05.04.2011,1481.29
04.04.2011,1488.73
01.04.2011,1495.30
31.03.2011,1486.94
30.03.2011,1486.46
29.03.2011,1488.35
28.03.2011,1487.55
25.03.2011,1485.04
24.03.2011,1476.32
23.03.2011,1467.70
22.03.2011,1459.21
21.03.2011,1452.96
18.03.2011,1434.64
17.03.2011,1420.44
16.03.2011,1411.70
15.03.2011,1408.43
14.03.2011,1425.91
11.03.2011,1427.53
10.03.2011,1439.83
09.03.2011,1444.60
08.03.2011,1441.49
07.03.2011,1438.90
04.03.2011,1434.28
03.03.2011,1432.93
02.03.2011,1428.03
01.03.2011,1425.83
28.02.2011,1435.09
25.02.2011,1411.36
24.02.2011,1390.12
23.02.2011,1396.74
22.02.2011,1395.29
21.02.2011,1400.85
18.02.2011,1395.76
17.02.2011,1391.56
16.02.2011,1395.84
15.02.2011,1392.20
14.02.2011,1389.82
11.02.2011,1387.76
10.02.2011,1385.23
09.02.2011,1387.70
08.02.2011,1389.25
07.02.2011,1392.45
04.02.2011,1408.61
03.02.2011,1411.31
02.02.2011,1418.73
01.02.2011,1425.47
31.01.2011,1423.84
28.01.2011,1432.18
27.01.2011,1433.03
26.01.2011,1431.29
25.01.2011,1433.49
24.01.2011,1421.96
21.01.2011,1421.41
20.01.2011,1426.22
19.01.2011,1428.21
18.01.2011,1428.67
17.01.2011,1426.41
14.01.2011,1431.35
13.01.2011,1426.60
12.01.2011,1428.66
11.01.2011,1421.46
10.01.2011,1421.62
07.01.2011,1427.43
06.01.2011,1440.06
05.01.2011,1449.11
04.01.2011,1441.54
03.01.2011,1435.94
30.12.2010,1435.58
29.12.2010,1434.11
28.12.2010,1434.98
27.12.2010,1430.55
23.12.2010,1438.11
22.12.2010,1429.92
21.12.2010,1428.56
20.12.2010,1418.07
17.12.2010,1410.82
16.12.2010,1417.00
15.12.2010,1423.55
14.12.2010,1420.10
13.12.2010,1421.87
10.12.2010,1420.39
09.12.2010,1420.16
08.12.2010,1415.98
07.12.2010,1420.95
06.12.2010,1417.35
03.12.2010,1418.45
02.12.2010,1408.73
01.12.2010,1381.80
30.11.2010,1363.48
29.11.2010,1371.83
26.11.2010,1373.81
25.11.2010,1375.98
24.11.2010,1365.07
23.11.2010,1356.47
22.11.2010,1371.03
19.11.2010,1364.22
18.11.2010,1375.95
17.11.2010,1370.32
16.11.2010,1376.18
15.11.2010,1380.74
12.11.2010,1380.59
11.11.2010,1391.68
10.11.2010,1397.83
09.11.2010,1422.58
08.11.2010,1433.23
05.11.2010,1435.00
04.11.2010,1433.17
03.11.2010,1430.35
02.11.2010,1436.91
01.11.2010,1439.09
29.10.2010,1434.24
28.10.2010,1434.60
27.10.2010,1436.41
26.10.2010,1429.09
25.10.2010,1433.88
22.10.2010,1431.47
21.10.2010,1434.55
20.10.2010,1430.87
19.10.2010,1434.17
18.10.2010,1437.10
15.10.2010,1441.23
14.10.2010,1443.29
13.10.2010,1445.43
12.10.2010,1444.93
11.10.2010,1444.90
08.10.2010,1450.33
07.10.2010,1458.45
06.10.2010,1431.17
05.10.2010,1432.85
04.10.2010,1424.40
01.10.2010,1420.09
30.09.2010,1401.99
29.09.2010,1396.86
28.09.2010,1403.52
27.09.2010,1387.60
24.09.2010,1384.43
23.09.2010,1382.36
22.09.2010,1382.50
21.09.2010,1393.77
20.09.2010,1390.67
17.09.2010,1379.28
16.09.2010,1381.12
15.09.2010,1382.45
14.09.2010,1367.61
13.09.2010,1358.95
10.09.2010,1355.70
09.09.2010,1355.52
08.09.2010,1352.65
07.09.2010,1348.45
06.09.2010,1347.24
03.09.2010,1343.20
02.09.2010,1339.53
01.09.2010,1340.70
31.08.2010,1338.10
30.08.2010,1332.63
27.08.2010,1336.26
26.08.2010,1331.98
25.08.2010,1326.74
24.08.2010,1327.35
23.08.2010,1336.60
20.08.2010,1328.46
19.08.2010,1332.43
18.08.2010,1337.44
17.08.2010,1331.00
16.08.2010,1321.41
13.08.2010,1321.65
12.08.2010,1320.17
11.08.2010,1329.01
10.08.2010,1339.49
09.08.2010,1348.49
06.08.2010,1337.10
05.08.2010,1338.32
04.08.2010,1338.22
03.08.2010,1336.05
02.08.2010,1335.14
30.07.2010,1331.38
29.07.2010,1333.96
28.07.2010,1330.98
27.07.2010,1334.11
26.07.2010,1333.94
23.07.2010,1323.46
22.07.2010,1316.23
21.07.2010,1305.88
20.07.2010,1305.62
19.07.2010,1301.11
16.07.2010,1291.14
15.07.2010,1294.80
14.07.2010,1302.04
13.07.2010,1300.52
12.07.2010,1288.31
09.07.2010,1286.42
08.07.2010,1285.04
07.07.2010,1273.71
06.07.2010,1269.81
05.07.2010,1264.05
02.07.2010,1256.29
01.07.2010,1252.81
30.06.2010,1273.73
29.06.2010,1274.09
28.06.2010,1285.98
25.06.2010,1277.24
24.06.2010,1274.05
23.06.2010,1291.29
22.06.2010,1294.53
21.06.2010,1285.49
18.06.2010,1274.94
17.06.2010,1270.71
16.06.2010,1271.44
15.06.2010,1262.53
14.06.2010,1259.70
11.06.2010,1256.29
10.06.2010,1252.74
09.06.2010,1246.35
08.06.2010,1241.25
07.06.2010,1245.61
04.06.2010,1243.89
03.06.2010,1257.56
02.06.2010,1240.99
01.06.2010,1239.52
31.05.2010,1239.78
28.05.2010,1225.46
27.05.2010,1215.44
26.05.2010,1211.35
25.05.2010,1201.53
21.05.2010,1212.37
20.05.2010,1213.85
19.05.2010,1214.93
18.05.2010,1220.18
17.05.2010,1208.55
14.05.2010,1199.82
12.05.2010,1220.57
11.05.2010,1196.64
10.05.2010,1192.47
07.05.2010,1170.33
06.05.2010,1199.14
05.05.2010,1203.25
04.05.2010,1218.48
03.05.2010,1242.57
30.04.2010,1246.62
29.04.2010,1237.50
28.04.2010,1214.19
27.04.2010,1245.06
26.04.2010,1251.33
23.04.2010,1256.14
22.04.2010,1256.63
21.04.2010,1259.29
20.04.2010,1254.40
19.04.2010,1259.56
16.04.2010,1277.21
15.04.2010,1279.63
14.04.2010,1281.44
13.04.2010,1283.42
12.04.2010,1287.26
09.04.2010,1287.54
08.04.2010,1296.69
07.04.2010,1297.99
06.04.2010,1297.49
01.04.2010,1296.16
31.03.2010,1294.29
30.03.2010,1288.09
29.03.2010,1278.54
26.03.2010,1265.81
25.03.2010,1270.09
24.03.2010,1267.12
23.03.2010,1266.12
22.03.2010,1263.25
19.03.2010,1257.26
18.03.2010,1262.53
17.03.2010,1267.67
16.03.2010,1264.32
15.03.2010,1255.65
12.03.2010,1258.29
11.03.2010,1258.09
10.03.2010,1254.99
09.03.2010,1258.94
08.03.2010,1260.44
05.03.2010,1246.65
04.03.2010,1243.30
03.03.2010,1239.26
02.03.2010,1229.84
01.03.2010,1219.66
26.02.2010,1220.44
25.02.2010,1207.56
24.02.2010,1216.69
23.02.2010,1212.00
22.02.2010,1223.33
19.02.2010,1215.05
18.02.2010,1218.78
17.02.2010,1216.01
16.02.2010,1205.64
15.02.2010,1206.85
12.02.2010,1204.87
11.02.2010,1201.25
10.02.2010,1203.21
09.02.2010,1192.59
08.02.2010,1188.12
05.02.2010,1181.29
04.02.2010,1184.07
03.02.2010,1186.49
02.02.2010,1193.05
01.02.2010,1189.26
29.01.2010,1185.02
28.01.2010,1186.75
27.01.2010,1178.84
26.01.2010,1184.41
25.01.2010,1181.32
22.01.2010,1183.16
21.01.2010,1184.29
20.01.2010,1185.85
19.01.2010,1192.14
18.01.2010,1192.46
15.01.2010,1194.96
14.01.2010,1184.89
13.01.2010,1181.11
12.01.2010,1170.83
11.01.2010,1175.45
08.01.2010,1183.10
07.01.2010,1179.45
06.01.2010,1182.50
05.01.2010,1185.15
04.01.2010,1173.08
30.12.2009,1151.04
29.12.2009,1151.21
28.12.2009,1153.83
23.12.2009,1149.12
22.12.2009,1143.43
21.12.2009,1142.39
18.12.2009,1140.92
17.12.2009,1142.57
16.12.2009,1149.33
15.12.2009,1141.80
14.12.2009,1145.45
11.12.2009,1145.83
10.12.2009,1148.57
09.12.2009,1148.13
08.12.2009,1150.67
07.12.2009,1153.17
04.12.2009,1146.25
03.12.2009,1145.75
02.12.2009,1139.08
01.12.2009,1134.13
30.11.2009,1131.49
27.11.2009,1135.81
26.11.2009,1136.33
25.11.2009,1144.28
24.11.2009,1146.76
23.11.2009,1140.93
20.11.2009,1139.80
19.11.2009,1147.05
18.11.2009,1156.37
17.11.2009,1143.96
16.11.2009,1146.46
13.11.2009,1140.52
12.11.2009,1140.98
11.11.2009,1143.90
10.11.2009,1138.75
09.11.2009,1135.63
06.11.2009,1122.59
05.11.2009,1111.93
04.11.2009,1115.42
03.11.2009,1103.74
02.11.2009,1119.38
30.10.2009,1130.33
29.10.2009,1119.03
28.10.2009,1141.17
27.10.2009,1150.35
26.10.2009,1144.10
23.10.2009,1143.41
22.10.2009,1153.07
21.10.2009,1158.35
20.10.2009,1160.47
19.10.2009,1149.56
16.10.2009,1150.69
15.10.2009,1178.15
14.10.2009,1161.03
13.10.2009,1150.69
12.10.2009,1152.43
09.10.2009,1153.03
08.10.2009,1148.64
07.10.2009,1148.51
06.10.2009,1158.79
05.10.2009,1147.15
02.10.2009,1142.02
01.10.2009,1147.00
30.09.2009,1161.07
29.09.2009,1158.04
28.09.2009,1160.98
25.09.2009,1151.85
24.09.2009,1147.96
23.09.2009,1151.19
22.09.2009,1153.06
21.09.2009,1150.79
18.09.2009,1150.08
17.09.2009,1155.14
16.09.2009,1151.45
15.09.2009,1149.64
14.09.2009,1150.83
11.09.2009,1154.58
10.09.2009,1152.85
09.09.2009,1146.68
08.09.2009,1141.24
07.09.2009,1136.37
04.09.2009,1130.37
03.09.2009,1121.67
02.09.2009,1122.59
01.09.2009,1128.70
31.08.2009,1121.77
28.08.2009,1126.46
27.08.2009,1125.32
26.08.2009,1120.85
25.08.2009,1127.58
24.08.2009,1133.38
21.08.2009,1127.83
20.08.2009,1124.01
19.08.2009,1123.90
18.08.2009,1133.42
17.08.2009,1123.40
14.08.2009,1129.84
13.08.2009,1120.02
12.08.2009,1116.19
11.08.2009,1112.56
10.08.2009,1121.83
07.08.2009,1131.42
06.08.2009,1141.23
05.08.2009,1139.43
04.08.2009,1124.75
03.08.2009,1110.35
31.07.2009,1101.32
30.07.2009,1086.01
29.07.2009,1080.14
28.07.2009,1078.38
27.07.2009,1083.92
24.07.2009,1087.80
23.07.2009,1086.04
22.07.2009,1079.33
21.07.2009,1082.55
20.07.2009,1083.94
17.07.2009,1081.15
16.07.2009,1065.66
15.07.2009,1065.55
14.07.2009,1052.42
13.07.2009,1054.31
10.07.2009,1048.72
09.07.2009,1050.05
08.07.2009,1052.00
07.07.2009,1053.67
06.07.2009,1054.67
03.07.2009,1056.31
02.07.2009,1059.19
01.07.2009,1057.61
30.06.2009,1053.31
29.06.2009,1057.63
26.06.2009,1065.47
25.06.2009,1061.51
24.06.2009,1046.60
23.06.2009,1049.40
22.06.2009,1052.48
19.06.2009,1051.51
18.06.2009,1055.89
17.06.2009,1043.16
16.06.2009,1044.63
15.06.2009,1037.03
12.06.2009,1038.97
11.06.2009,1032.59
10.06.2009,1038.05
09.06.2009,1026.05
08.06.2009,1021.59
05.06.2009,1025.19
04.06.2009,1020.85
03.06.2009,1029.74
02.06.2009,1043.17
29.05.2009,1057.08
28.05.2009,1047.57
27.05.2009,1053.63
26.05.2009,1052.66
25.05.2009,1055.34
22.05.2009,1055.69
20.05.2009,1057.99
19.05.2009,1054.61
18.05.2009,1039.47
15.05.2009,1033.70
14.05.2009,1037.85
13.05.2009,1021.12
12.05.2009,1052.61
11.05.2009,1053.99
08.05.2009,1065.28
07.05.2009,1052.08
06.05.2009,1051.97
05.05.2009,1042.85
04.05.2009,1036.01
30.04.2009,1035.63
29.04.2009,1035.46
28.04.2009,1045.42
27.04.2009,1046.93
24.04.2009,1042.21
23.04.2009,1045.18
22.04.2009,1030.87
21.04.2009,1008.13
20.04.2009,1023.45
17.04.2009,1035.97
16.04.2009,1030.31
15.04.2009,1020.27
14.04.2009,1039.67
09.04.2009,1006.90
08.04.2009,1004.79
07.04.2009,998.38
06.04.2009,994.35
03.04.2009,990.09
02.04.2009,1000.16
01.04.2009,953.83
31.03.2009,956.89
30.03.2009,942.88
27.03.2009,953.18
26.03.2009,945.87
25.03.2009,942.21
24.03.2009,916.10
23.03.2009,915.93
20.03.2009,911.59
19.03.2009,905.65
18.03.2009,884.88
17.03.2009,870.16
16.03.2009,867.67
13.03.2009,854.39
12.03.2009,849.91
11.03.2009,843.69
10.03.2009,839.60
09.03.2009,838.27
06.03.2009,848.50
05.03.2009,860.13
04.03.2009,868.93
03.03.2009,866.17
02.03.2009,880.28
27.02.2009,886.79
26.02.2009,860.65
25.02.2009,853.88
24.02.2009,854.15
23.02.2009,857.02
20.02.2009,865.66
19.02.2009,875.82
18.02.2009,880.73
17.02.2009,881.18
16.02.2009,900.08
13.02.2009,908.93
12.02.2009,909.63
11.02.2009,917.54
10.02.2009,922.26
09.02.2009,926.29
06.02.2009,924.36
05.02.2009,922.17
04.02.2009,927.42
03.02.2009,923.05
02.02.2009,923.00
30.01.2009,946.55
29.01.2009,944.58
28.01.2009,957.81
27.01.2009,932.94
26.01.2009,927.50
23.01.2009,922.33
22.01.2009,950.62
21.01.2009,946.88
20.01.2009,958.17
19.01.2009,963.14
16.01.2009,971.69
15.01.2009,965.04
14.01.2009,976.68
13.01.2009,1001.40
12.01.2009,1017.47
09.01.2009,1028.71
08.01.2009,1018.02
07.01.2009,1025.08
06.01.2009,1022.15
05.01.2009,1016.01
30.12.2008,984.34
29.12.2008,992.65
23.12.2008,981.01
22.12.2008,985.65
19.12.2008,984.12
18.12.2008,990.21
17.12.2008,963.03
16.12.2008,971.50
15.12.2008,975.56
12.12.2008,982.22
11.12.2008,1003.21
10.12.2008,996.93
09.12.2008,1006.10
08.12.2008,1027.18
05.12.2008,995.36
04.12.2008,1002.15
03.12.2008,992.55
02.12.2008,972.66
01.12.2008,959.36
28.11.2008,971.40
27.11.2008,961.56
26.11.2008,944.80
25.11.2008,934.06
24.11.2008,934.89
21.11.2008,922.48
20.11.2008,922.10
19.11.2008,951.14
18.11.2008,966.35
17.11.2008,967.62
14.11.2008,974.70
13.11.2008,965.80
12.11.2008,966.50
11.11.2008,968.44
10.11.2008,994.61
07.11.2008,997.96
06.11.2008,1012.36
05.11.2008,1028.04
04.11.2008,1014.38
03.11.2008,995.23
31.10.2008,994.05
30.10.2008,987.05
29.10.2008,980.86
28.10.2008,964.90
27.10.2008,959.20
24.10.2008,964.10
23.10.2008,1006.63
22.10.2008,1031.22
21.10.2008,1047.10
20.10.2008,1093.73
17.10.2008,1104.92
16.10.2008,1096.35
15.10.2008,1099.59
14.10.2008,1145.57
13.10.2008,1127.86
10.10.2008,1104.85
09.10.2008,1146.35
08.10.2008,1174.72
07.10.2008,1203.95
06.10.2008,1207.07
03.10.2008,1219.71
02.10.2008,1211.38
01.10.2008,1209.94
30.09.2008,1211.91
29.09.2008,1215.77
26.09.2008,1235.51
25.09.2008,1225.98
24.09.2008,1223.89
23.09.2008,1226.21
22.09.2008,1231.79
19.09.2008,1248.22
18.09.2008,1235.71
17.09.2008,1254.36
16.09.2008,1271.99
15.09.2008,1241.69
12.09.2008,1244.11
11.09.2008,1239.85
10.09.2008,1240.83
09.09.2008,1239.27
08.09.2008,1241.28
05.09.2008,1222.99
04.09.2008,1224.73
03.09.2008,1237.21
02.09.2008,1241.31
01.09.2008,1233.69
29.08.2008,1237.74
28.08.2008,1226.24
27.08.2008,1235.30
26.08.2008,1228.04
25.08.2008,1225.23
22.08.2008,1221.28
21.08.2008,1210.88
20.08.2008,1205.05
19.08.2008,1207.85
18.08.2008,1225.92
15.08.2008,1231.88
14.08.2008,1232.97
13.08.2008,1238.24
12.08.2008,1240.85
11.08.2008,1240.52
08.08.2008,1234.68
07.08.2008,1241.66
06.08.2008,1245.86
05.08.2008,1238.34
04.08.2008,1234.42
31.07.2008,1228.15
30.07.2008,1228.36
29.07.2008,1211.48
28.07.2008,1212.18
25.07.2008,1218.40
24.07.2008,1217.79
23.07.2008,1212.10
22.07.2008,1220.45
21.07.2008,1221.12
18.07.2008,1196.08
17.07.2008,1173.99
16.07.2008,1164.26
15.07.2008,1176.59
14.07.2008,1188.01
11.07.2008,1184.04
10.07.2008,1201.06
09.07.2008,1193.69
08.07.2008,1180.96
07.07.2008,1187.98
04.07.2008,1181.44
03.07.2008,1190.52
02.07.2008,1177.52
01.07.2008,1178.47
30.06.2008,1173.31
27.06.2008,1175.04
26.06.2008,1178.57
25.06.2008,1190.42
24.06.2008,1187.97
23.06.2008,1202.01
20.06.2008,1199.49
19.06.2008,1185.30
18.06.2008,1191.31
17.06.2008,1211.46
16.06.2008,1221.03
13.06.2008,1208.80
12.06.2008,1200.79
11.06.2008,1189.65
10.06.2008,1202.26
09.06.2008,1200.54
06.06.2008,1213.21
05.06.2008,1221.31
04.06.2008,1219.46
03.06.2008,1227.58
02.06.2008,1231.02
30.05.2008,1211.06
29.05.2008,1213.40
28.05.2008,1223.98
27.05.2008,1226.03
26.05.2008,1233.73
23.05.2008,1236.05
22.05.2008,1237.53
21.05.2008,1232.39
20.05.2008,1236.29
19.05.2008,1239.79
16.05.2008,1234.37
15.05.2008,1237.19
14.05.2008,1234.84
13.05.2008,1230.46
09.05.2008,1222.61
08.05.2008,1221.75
07.05.2008,1224.50
06.05.2008,1224.90
05.05.2008,1222.85
02.05.2008,1221.93
30.04.2008,1203.41
29.04.2008,1206.72
28.04.2008,1210.14
25.04.2008,1194.34
24.04.2008,1193.21
23.04.2008,1200.87
22.04.2008,1211.44
21.04.2008,1216.56
18.04.2008,1213.05
17.04.2008,1204.46
16.04.2008,1219.50
15.04.2008,1208.86
14.04.2008,1192.82
11.04.2008,1197.26
10.04.2008,1220.81
09.04.2008,1219.51
08.04.2008,1226.10
07.04.2008,1223.69
04.04.2008,1227.68
03.04.2008,1226.39
02.04.2008,1239.02
01.04.2008,1230.89
31.03.2008,1239.00
28.03.2008,1231.10
27.03.2008,1226.55
26.03.2008,1224.11
25.03.2008,1218.32
20.03.2008,1193.13
19.03.2008,1206.80
18.03.2008,1211.57
17.03.2008,1207.82
14.03.2008,1212.52
13.03.2008,1210.11
12.03.2008,1204.20
11.03.2008,1197.88
10.03.2008,1184.99
07.03.2008,1181.78
06.03.2008,1199.02
05.03.2008,1184.86
04.03.2008,1193.93
03.03.2008,1194.58
29.02.2008,1187.83
28.02.2008,1189.12
27.02.2008,1193.81
26.02.2008,1196.23
25.02.2008,1178.12
22.02.2008,1171.76
21.02.2008,1169.54
20.02.2008,1174.06
19.02.2008,1168.59
18.02.2008,1175.32
15.02.2008,1161.40
14.02.2008,1174.87
13.02.2008,1187.61
12.02.2008,1172.69
11.02.2008,1145.94
08.02.2008,1151.49
07.02.2008,1155.27
06.02.2008,1166.14
05.02.2008,1170.45
04.02.2008,1178.69
01.02.2008,1170.29
31.01.2008,1143.92
30.01.2008,1139.23
29.01.2008,1130.28
28.01.2008,1111.79
25.01.2008,1117.76
24.01.2008,1107.07
23.01.2008,1100.63
22.01.2008,1100.97
21.01.2008,1077.44
18.01.2008,1087.50
17.01.2008,1102.05
16.01.2008,1096.26
15.01.2008,1093.10
14.01.2008,1102.05
11.01.2008,1087.17
10.01.2008,1089.18
09.01.2008,1092.62
08.01.2008,1106.39
07.01.2008,1101.59
04.01.2008,1106.00
03.01.2008,1110.63
28.12.2007,1108.75
27.12.2007,1111.36
21.12.2007,1117.20
20.12.2007,1104.66
19.12.2007,1100.85
18.12.2007,1103.24
17.12.2007,1112.37
14.12.2007,1126.57
13.12.2007,1124.94
12.12.2007,1142.26
11.12.2007,1145.69
10.12.2007,1150.86
07.12.2007,1151.93
06.12.2007,1144.73
05.12.2007,1134.01
04.12.2007,1122.28
03.12.2007,1126.95
30.11.2007,1121.10
29.11.2007,1109.10
28.11.2007,1102.03
27.11.2007,1094.79
26.11.2007,1090.68
23.11.2007,1098.42
22.11.2007,1099.01
21.11.2007,1091.06
20.11.2007,1103.17
19.11.2007,1098.83
16.11.2007,1121.95
15.11.2007,1124.17
14.11.2007,1130.83
13.11.2007,1138.88
12.11.2007,1117.24
09.11.2007,1120.93
08.11.2007,1120.46
07.11.2007,1134.64
06.11.2007,1147.10
05.11.2007,1146.49
02.11.2007,1161.17
01.11.2007,1170.36
31.10.2007,1186.56
30.10.2007,1166.01
29.10.2007,1173.66
26.10.2007,1176.57
25.10.2007,1162.35
24.10.2007,1155.25
23.10.2007,1168.87
22.10.2007,1157.01
19.10.2007,1159.62
18.10.2007,1179.00
17.10.2007,1196.43
16.10.2007,1178.83
15.10.2007,1196.77
12.10.2007,1191.78
11.10.2007,1192.91
10.10.2007,1203.17
09.10.2007,1204.66
08.10.2007,1185.68
05.10.2007,1198.72
04.10.2007,1197.19
03.10.2007,1198.11
02.10.2007,1199.25
01.10.2007,1199.76
28.09.2007,1183.95
27.09.2007,1197.76
26.09.2007,1191.87
25.09.2007,1182.05
24.09.2007,1180.95
21.09.2007,1181.36
20.09.2007,1191.47
19.09.2007,1212.12
18.09.2007,1173.94
17.09.2007,1162.69
14.09.2007,1183.50
13.09.2007,1194.32
12.09.2007,1192.29
11.09.2007,1184.92
10.09.2007,1163.82
07.09.2007,1180.84
06.09.2007,1199.90
05.09.2007,1201.87
04.09.2007,1214.17
03.09.2007,1208.18
31.08.2007,1214.55
30.08.2007,1207.88
29.08.2007,1215.52
28.08.2007,1206.26
27.08.2007,1223.00
24.08.2007,1217.79
23.08.2007,1197.32
22.08.2007,1201.74
21.08.2007,1185.51
20.08.2007,1182.06
17.08.2007,1177.91
16.08.2007,1177.29
15.08.2007,1191.94
14.08.2007,1197.63
13.08.2007,1206.97
10.08.2007,1219.34
09.08.2007,1234.65
08.08.2007,1230.98
07.08.2007,1194.32
06.08.2007,1180.49
03.08.2007,1186.03
02.08.2007,1195.64
31.07.2007,1196.80
30.07.2007,1175.44
27.07.2007,1177.40
26.07.2007,1184.24
25.07.2007,1205.56
24.07.2007,1207.33
23.07.2007,1218.98
20.07.2007,1217.73
19.07.2007,1221.94
18.07.2007,1216.91
17.07.2007,1222.91
16.07.2007,1234.54
13.07.2007,1240.53
12.07.2007,1239.02
11.07.2007,1243.34
10.07.2007,1243.97
09.07.2007,1251.30
06.07.2007,1251.59
05.07.2007,1254.42
04.07.2007,1259.19
03.07.2007,1256.44
02.07.2007,1249.63
29.06.2007,1257.51
28.06.2007,1255.67
27.06.2007,1251.29
26.06.2007,1255.08
25.06.2007,1254.59
22.06.2007,1262.90
21.06.2007,1261.40
20.06.2007,1266.67
19.06.2007,1276.76
18.06.2007,1274.51
15.06.2007,1268.92
14.06.2007,1274.02
13.06.2007,1278.34
12.06.2007,1274.66
11.06.2007,1269.50
08.06.2007,1263.71
07.06.2007,1269.06
06.06.2007,1287.05
05.06.2007,1290.64
04.06.2007,1301.30
01.06.2007,1306.45
31.05.2007,1303.27
30.05.2007,1285.34
29.05.2007,1288.69
25.05.2007,1288.99
24.05.2007,1294.13
23.05.2007,1294.65
22.05.2007,1293.84
21.05.2007,1292.33
18.05.2007,1284.62
16.05.2007,1276.57
15.05.2007,1276.23
14.05.2007,1283.77
11.05.2007,1290.74
10.05.2007,1295.18
09.05.2007,1297.10
08.05.2007,1307.35
07.05.2007,1311.21
04.05.2007,1308.87
03.05.2007,1305.60
02.05.2007,1306.42
30.04.2007,1301.84
27.04.2007,1304.15
26.04.2007,1292.43
25.04.2007,1293.27
24.04.2007,1312.85
23.04.2007,1319.22
20.04.2007,1330.80
19.04.2007,1315.42
18.04.2007,1326.15
17.04.2007,1325.71
16.04.2007,1318.25
13.04.2007,1319.32
12.04.2007,1317.34
11.04.2007,1322.50
10.04.2007,1333.27
05.04.2007,1322.33
04.04.2007,1316.64
03.04.2007,1319.50
02.04.2007,1314.87
30.03.2007,1312.66
29.03.2007,1309.14
28.03.2007,1300.61
27.03.2007,1305.00
26.03.2007,1302.28
23.03.2007,1295.07
22.03.2007,1295.99
21.03.2007,1294.98
20.03.2007,1287.67
19.03.2007,1276.85
16.03.2007,1263.39
15.03.2007,1257.98
14.03.2007,1248.44
13.03.2007,1272.14
12.03.2007,1273.43
09.03.2007,1269.95
08.03.2007,1274.08
07.03.2007,1266.16
06.03.2007,1247.77
05.03.2007,1244.42
02.03.2007,1259.75
01.03.2007,1251.23
28.02.2007,1251.26
27.02.2007,1261.20
26.02.2007,1282.21
23.02.2007,1285.00
22.02.2007,1289.22
21.02.2007,1291.25
20.02.2007,1298.84
19.02.2007,1305.03
16.02.2007,1313.10
15.02.2007,1308.10
14.02.2007,1299.49
13.02.2007,1299.71
12.02.2007,1301.35
09.02.2007,1300.82
08.02.2007,1304.22
07.02.2007,1311.62
06.02.2007,1313.40
05.02.2007,1296.98
02.02.2007,1299.11
01.02.2007,1282.73
31.01.2007,1295.79
30.01.2007,1286.36
29.01.2007,1275.90
26.01.2007,1274.86
25.01.2007,1280.27
24.01.2007,1275.95
23.01.2007,1277.84
22.01.2007,1278.04
19.01.2007,1272.18
18.01.2007,1270.86
17.01.2007,1270.18
16.01.2007,1272.84
15.01.2007,1263.05
12.01.2007,1259.11
11.01.2007,1255.69
10.01.2007,1254.24
09.01.2007,1256.41
08.01.2007,1257.66
05.01.2007,1264.17
04.01.2007,1251.42
03.01.2007,1253.52
29.12.2006,1244.01
28.12.2006,1239.80
27.12.2006,1237.39
22.12.2006,1224.76
21.12.2006,1224.07
20.12.2006,1207.46
19.12.2006,1210.18
18.12.2006,1213.63
15.12.2006,1208.71
14.12.2006,1203.82
13.12.2006,1199.96
12.12.2006,1183.10
11.12.2006,1183.17
08.12.2006,1175.02
07.12.2006,1179.29
06.12.2006,1180.09
05.12.2006,1169.25
04.12.2006,1177.15
01.12.2006,1168.94
30.11.2006,1167.72
29.11.2006,1164.34
28.11.2006,1164.20
27.11.2006,1169.30
24.11.2006,1165.49
23.11.2006,1165.96
22.11.2006,1165.53
21.11.2006,1161.76
20.11.2006,1160.35
17.11.2006,1160.11
16.11.2006,1159.28
15.11.2006,1160.97
14.11.2006,1154.98
13.11.2006,1151.97
10.11.2006,1157.93
09.11.2006,1157.70
08.11.2006,1152.63
07.11.2006,1159.26
06.11.2006,1155.72
03.11.2006,1156.38
02.11.2006,1156.61
01.11.2006,1149.98
31.10.2006,1149.70
30.10.2006,1156.54
27.10.2006,1158.01
26.10.2006,1156.62
25.10.2006,1156.37
24.10.2006,1152.91
23.10.2006,1151.18
20.10.2006,1153.80
19.10.2006,1150.86
18.10.2006,1158.00
17.10.2006,1160.14
16.10.2006,1162.02
13.10.2006,1165.22
12.10.2006,1160.88
11.10.2006,1157.39
10.10.2006,1153.17
09.10.2006,1148.31
06.10.2006,1148.69
05.10.2006,1146.73
04.10.2006,1144.68
03.10.2006,1141.22
02.10.2006,1138.61
29.09.2006,1138.91
28.09.2006,1137.69
27.09.2006,1139.37
26.09.2006,1137.49
25.09.2006,1136.30
22.09.2006,1135.45
21.09.2006,1140.53
20.09.2006,1139.28
19.09.2006,1139.69
18.09.2006,1137.58
15.09.2006,1140.13
14.09.2006,1135.85
13.09.2006,1131.01
12.09.2006,1128.83
11.09.2006,1129.07
08.09.2006,1129.44
07.09.2006,1132.38
06.09.2006,1132.20
05.09.2006,1129.43
04.09.2006,1125.60
01.09.2006,1127.48
31.08.2006,1127.34
30.08.2006,1122.85
29.08.2006,1124.68
28.08.2006,1125.82
25.08.2006,1127.62
24.08.2006,1124.68
23.08.2006,1124.14
22.08.2006,1121.88
21.08.2006,1123.25
18.08.2006,1124.95
17.08.2006,1125.62
16.08.2006,1127.23
15.08.2006,1129.11
14.08.2006,1125.06
11.08.2006,1126.66
10.08.2006,1123.31
09.08.2006,1127.52
08.08.2006,1128.58
07.08.2006,1120.01
04.08.2006,1125.48
03.08.2006,1130.38
02.08.2006,1125.82
31.07.2006,1129.95
28.07.2006,1130.13
27.07.2006,1129.12
26.07.2006,1130.29
25.07.2006,1124.39
24.07.2006,1123.75
21.07.2006,1123.12
20.07.2006,1124.42
19.07.2006,1120.40
18.07.2006,1111.28
17.07.2006,1115.23
14.07.2006,1115.41
13.07.2006,1114.56
12.07.2006,1118.59
11.07.2006,1118.48
10.07.2006,1118.01
07.07.2006,1119.84
06.07.2006,1123.70
05.07.2006,1124.86
04.07.2006,1124.43
03.07.2006,1122.90
30.06.2006,1112.99
29.06.2006,1110.60
28.06.2006,1106.22
27.06.2006,1104.62
26.06.2006,1100.73
23.06.2006,1100.66
22.06.2006,1099.46
21.06.2006,1093.12
20.06.2006,1087.59
19.06.2006,1088.91
16.06.2006,1079.59
15.06.2006,1092.74
14.06.2006,1075.16
13.06.2006,1065.95
12.06.2006,1078.18
09.06.2006,1073.28
08.06.2006,1070.35
07.06.2006,1072.12
06.06.2006,1077.86
02.06.2006,1079.51
01.06.2006,1079.30
31.05.2006,1073.51
30.05.2006,1072.34
29.05.2006,1068.61
26.05.2006,1077.31
24.05.2006,1057.49
23.05.2006,1067.27
22.05.2006,1075.64
19.05.2006,1086.16
18.05.2006,1083.90
17.05.2006,1105.61
16.05.2006,1111.54
15.05.2006,1121.92
12.05.2006,1126.54
11.05.2006,1130.55
10.05.2006,1129.86
09.05.2006,1127.08
08.05.2006,1131.21
05.05.2006,1133.00
04.05.2006,1126.92
03.05.2006,1122.57
02.05.2006,1126.40
28.04.2006,1125.40
27.04.2006,1116.74
26.04.2006,1123.71
25.04.2006,1120.67
24.04.2006,1135.09
21.04.2006,1130.65
20.04.2006,1127.53
19.04.2006,1121.11
18.04.2006,1123.09
13.04.2006,1116.49
12.04.2006,1121.69
11.04.2006,1122.86
10.04.2006,1126.36
07.04.2006,1129.96
06.04.2006,1124.95
05.04.2006,1126.15
04.04.2006,1125.24
03.04.2006,1121.38
31.03.2006,1123.81
30.03.2006,1121.87
29.03.2006,1117.69
28.03.2006,1116.38
27.03.2006,1115.05
24.03.2006,1105.49
23.03.2006,1111.50
22.03.2006,1100.44
21.03.2006,1091.12
20.03.2006,1086.31
17.03.2006,1083.02
16.03.2006,1085.83
15.03.2006,1080.31
14.03.2006,1076.21
13.03.2006,1071.23
10.03.2006,1073.34
09.03.2006,1070.81
08.03.2006,1074.24
07.03.2006,1074.90
06.03.2006,1078.37
03.03.2006,1070.00
02.03.2006,1070.88
01.03.2006,1073.32
28.02.2006,1076.37
27.02.2006,1072.56
24.02.2006,1067.97
23.02.2006,1065.21
22.02.2006,1056.32
21.02.2006,1049.46
20.02.2006,1042.12
17.02.2006,1034.51
16.02.2006,1032.96
15.02.2006,1029.64
14.02.2006,1027.24
13.02.2006,1022.13
10.02.2006,1024.89
09.02.2006,1025.28
08.02.2006,1020.19
07.02.2006,1018.99
06.02.2006,1020.46
03.02.2006,1013.36
02.02.2006,1020.71
01.02.2006,1020.14
31.01.2006,1019.76
30.01.2006,1015.76
27.01.2006,1016.84
26.01.2006,1018.78
25.01.2006,1015.54
24.01.2006,1009.70
23.01.2006,1015.22
20.01.2006,1021.59
19.01.2006,1020.11
18.01.2006,1012.20
17.01.2006,1011.38
16.01.2006,1012.71
13.01.2006,1005.73
12.01.2006,1010.13
11.01.2006,1013.09
10.01.2006,1013.46
09.01.2006,1014.63
06.01.2006,1020.91
05.01.2006,1020.74
04.01.2006,1022.26
03.01.2006,1012.91
30.12.2005,1000.00
29.12.2005,1003.16
28.12.2005,997.95
27.12.2005,994.67
23.12.2005,995.07
22.12.2005,994.36
21.12.2005,989.32
20.12.2005,986.81
19.12.2005,987.07
16.12.2005,982.88
15.12.2005,980.06
14.12.2005,980.14
13.12.2005,981.29
12.12.2005,975.23
09.12.2005,977.16
08.12.2005,978.61
07.12.2005,976.36
06.12.2005,977.83
05.12.2005,980.22
02.12.2005,979.45
01.12.2005,975.68
30.11.2005,977.70
29.11.2005,975.59
28.11.2005,973.78
25.11.2005,976.72
24.11.2005,974.52
23.11.2005,975.47
22.11.2005,974.29
21.11.2005,974.82
18.11.2005,974.29
17.11.2005,973.92
16.11.2005,973.29
15.11.2005,974.68
14.11.2005,975.68
11.11.2005,973.68
10.11.2005,969.88
09.11.2005,968.32
08.11.2005,964.81
07.11.2005,964.15
04.11.2005,968.45
03.11.2005,966.08
02.11.2005,965.48
01.11.2005,971.27
31.10.2005,969.81
28.10.2005,972.13
27.10.2005,976.70
26.10.2005,980.36
25.10.2005,982.73
24.10.2005,982.99
21.10.2005,984.23
20.10.2005,986.80
19.10.2005,987.40
18.10.2005,995.58
17.10.2005,994.37
14.10.2005,996.22
13.10.2005,995.09
12.10.2005,1000.94
11.10.2005,995.93
10.10.2005,993.16
07.10.2005,994.16
06.10.2005,994.02
05.10.2005,1002.78
04.10.2005,1003.59
03.10.2005,1011.83
30.09.2005,1049.09
29.09.2005,1001.36
28.09.2005,999.21
27.09.2005,1001.62
26.09.2005,1004.56
23.09.2005,1004.59
22.09.2005,1002.30
21.09.2005,1009.47
20.09.2005,1003.96
19.09.2005,1004.01
16.09.2005,1000.66
15.09.2005,1003.35
14.09.2005,1000.12
13.09.2005,1001.25
12.09.2005,1005.09
09.09.2005,1004.77
08.09.2005,1008.28
07.09.2005,1007.11
06.09.2005,1006.17
05.09.2005,1007.28
02.09.2005,1003.77
01.09.2005,1006.28
31.08.2005,998.78
30.08.2005,1001.76
29.08.2005,1006.26
26.08.2005,1003.29
25.08.2005,1002.39
24.08.2005,1009.23
23.08.2005,1010.27
22.08.2005,1011.13
19.08.2005,1009.12
18.08.2005,1008.79
17.08.2005,1007.98
16.08.2005,1013.11
15.08.2005,1012.10
12.08.2005,1008.69
11.08.2005,1009.61
10.08.2005,1007.56
09.08.2005,1013.82
08.08.2005,1010.41
05.08.2005,1009.63
04.08.2005,1006.27
03.08.2005,1008.32
02.08.2005,1011.91
01.08.2005,1017.92
29.07.2005,996.28
28.07.2005,997.35
27.07.2005,997.72
26.07.2005,996.37
25.07.2005,994.99
22.07.2005,995.24
21.07.2005,991.31
20.07.2005,989.51
19.07.2005,988.36
18.07.2005,988.07
15.07.2005,984.60
14.07.2005,980.88
13.07.2005,980.24
12.07.2005,972.63
11.07.2005,972.08
08.07.2005,968.06
07.07.2005,964.25
06.07.2005,966.58
05.07.2005,964.97
04.07.2005,963.56
01.07.2005,962.28
30.06.2005,961.66
29.06.2005,959.06
28.06.2005,958.09
27.06.2005,955.45
24.06.2005,958.98
23.06.2005,958.05
22.06.2005,955.51
21.06.2005,953.60
20.06.2005,953.87
17.06.2005,960.62
16.06.2005,946.81
15.06.2005,946.30
14.06.2005,945.85
13.06.2005,950.49
10.06.2005,945.66
09.06.2005,947.03
08.06.2005,948.73
07.06.2005,948.57
06.06.2005,946.19
03.06.2005,942.60
02.06.2005,938.59
01.06.2005,936.43
31.05.2005,937.38
30.05.2005,937.36
27.05.2005,936.93
26.05.2005,937.99
25.05.2005,937.22
24.05.2005,933.28
23.05.2005,928.03
20.05.2005,922.88
19.05.2005,924.39
18.05.2005,925.75
17.05.2005,927.16
13.05.2005,924.04
12.05.2005,916.42
11.05.2005,915.24
10.05.2005,912.04
09.05.2005,910.34
06.05.2005,911.14
04.05.2005,910.32
03.05.2005,902.18
02.05.2005,906.88
29.04.2005,904.29
28.04.2005,903.06
27.04.2005,898.64
26.04.2005,904.23
25.04.2005,900.06
22.04.2005,894.70
21.04.2005,898.71
20.04.2005,899.52
19.04.2005,898.65
18.04.2005,897.69
15.04.2005,901.10
14.04.2005,903.06
13.04.2005,899.45
12.04.2005,898.23
11.04.2005,890.97
08.04.2005,888.23
07.04.2005,889.89
06.04.2005,887.42
05.04.2005,886.01
04.04.2005,885.86
01.04.2005,881.23
31.03.2005,880.33
30.03.2005,878.07
29.03.2005,876.99
24.03.2005,877.58
23.03.2005,877.36
22.03.2005,879.00
21.03.2005,878.63
18.03.2005,879.48
17.03.2005,880.27
16.03.2005,881.39
15.03.2005,884.43
14.03.2005,881.56
11.03.2005,884.75
10.03.2005,885.96
09.03.2005,886.82
08.03.2005,882.25
07.03.2005,881.06
04.03.2005,874.49
03.03.2005,881.15
02.03.2005,878.22
01.03.2005,882.40
28.02.2005,881.29
25.02.2005,889.73
24.02.2005,885.10
23.02.2005,883.99
22.02.2005,877.69
21.02.2005,893.58
18.02.2005,900.51
17.02.2005,895.90
16.02.2005,896.03
15.02.2005,893.68
14.02.2005,894.60
11.02.2005,893.66
10.02.2005,889.61
09.02.2005,888.46
08.02.2005,886.83
07.02.2005,882.44
04.02.2005,882.10
03.02.2005,881.34
02.02.2005,874.35
01.02.2005,876.85
31.01.2005,872.37
28.01.2005,872.25
27.01.2005,872.53
26.01.2005,871.71
25.01.2005,868.07
24.01.2005,869.06
21.01.2005,867.29
20.01.2005,868.28
19.01.2005,868.33
18.01.2005,866.67
17.01.2005,866.62
14.01.2005,864.87
13.01.2005,862.33
12.01.2005,860.31
11.01.2005,859.47
10.01.2005,857.78
07.01.2005,855.58
06.01.2005,855.46
05.01.2005,854.98
04.01.2005,854.32
03.01.2005,854.62
30.12.2004,853.30
29.12.2004,852.40
28.12.2004,847.43
27.12.2004,851.37
23.12.2004,847.55
22.12.2004,848.74
21.12.2004,845.32
20.12.2004,842.42
17.12.2004,839.89
16.12.2004,835.01
15.12.2004,839.20
14.12.2004,838.36
13.12.2004,837.52
10.12.2004,834.95
09.12.2004,833.59
08.12.2004,831.76
07.12.2004,826.46
06.12.2004,827.81
03.12.2004,829.02
02.12.2004,826.32
01.12.2004,828.22
30.11.2004,831.83
29.11.2004,831.85
26.11.2004,833.59
25.11.2004,835.45
24.11.2004,835.15
23.11.2004,832.26
22.11.2004,831.44
19.11.2004,831.49
18.11.2004,829.56
17.11.2004,826.70
16.11.2004,821.85
15.11.2004,824.70
12.11.2004,829.75
11.11.2004,830.74
10.11.2004,829.94
09.11.2004,834.24
08.11.2004,835.61
05.11.2004,836.59
04.11.2004,836.57
03.11.2004,833.44
02.11.2004,830.00
01.11.2004,827.49
29.10.2004,824.97
28.10.2004,826.00
27.10.2004,822.85
26.10.2004,823.95
25.10.2004,822.01
22.10.2004,818.14
21.10.2004,816.87
20.10.2004,813.18
19.10.2004,815.88
18.10.2004,807.44
15.10.2004,806.44
14.10.2004,807.60
13.10.2004,805.35
12.10.2004,807.53
11.10.2004,802.89
08.10.2004,803.93
07.10.2004,805.60
06.10.2004,808.00
05.10.2004,806.02
04.10.2004,808.06
01.10.2004,806.85
30.09.2004,808.35
29.09.2004,804.38
28.09.2004,800.05
27.09.2004,801.33
24.09.2004,801.58
23.09.2004,799.56
22.09.2004,798.66
21.09.2004,796.90
20.09.2004,794.30
17.09.2004,796.20
16.09.2004,795.78
15.09.2004,793.87
14.09.2004,794.08
13.09.2004,791.50
10.09.2004,792.80
09.09.2004,790.66
08.09.2004,790.34
07.09.2004,790.81
06.09.2004,791.11
03.09.2004,791.32
02.09.2004,789.65
01.09.2004,788.44
31.08.2004,788.94
30.08.2004,793.28
27.08.2004,791.08
26.08.2004,792.85
25.08.2004,790.50
24.08.2004,791.06
23.08.2004,788.65
20.08.2004,782.56
19.08.2004,783.75
18.08.2004,782.75
17.08.2004,780.01
16.08.2004,778.84
13.08.2004,779.15
12.08.2004,780.40
11.08.2004,781.34
10.08.2004,781.85
09.08.2004,781.52
06.08.2004,784.67
05.08.2004,785.30
04.08.2004,779.47
03.08.2004,777.89
02.08.2004,778.11
30.07.2004,774.83
29.07.2004,774.01
28.07.2004,774.41
27.07.2004,770.34
26.07.2004,773.49
23.07.2004,775.18
22.07.2004,775.05
21.07.2004,771.58
20.07.2004,776.18
19.07.2004,774.61
16.07.2004,775.44
15.07.2004,775.99
14.07.2004,775.75
13.07.2004,776.92
12.07.2004,775.82
09.07.2004,776.06
08.07.2004,777.96
07.07.2004,776.91
06.07.2004,774.80
05.07.2004,775.18
02.07.2004,775.49
01.07.2004,775.39
30.06.2004,772.22
29.06.2004,770.29
28.06.2004,770.73
25.06.2004,773.92
24.06.2004,770.79
23.06.2004,767.71
22.06.2004,766.05
21.06.2004,765.45
18.06.2004,764.78
17.06.2004,765.46
16.06.2004,765.83
15.06.2004,764.75
14.06.2004,762.45
11.06.2004,761.86
10.06.2004,758.87
09.06.2004,757.81
08.06.2004,759.06
07.06.2004,759.12
04.06.2004,758.89
03.06.2004,758.97
02.06.2004,759.93
01.06.2004,759.61
28.05.2004,761.03
27.05.2004,759.12
26.05.2004,757.86
25.05.2004,758.47
24.05.2004,750.15
21.05.2004,746.36
19.05.2004,746.31
18.05.2004,746.71
17.05.2004,748.38
14.05.2004,754.35
13.05.2004,750.63
12.05.2004,743.57
11.05.2004,745.50
10.05.2004,745.67
07.05.2004,751.01
06.05.2004,751.06
05.05.2004,750.04
04.05.2004,750.45
03.05.2004,751.65
30.04.2004,751.53
29.04.2004,753.98
28.04.2004,751.48
27.04.2004,750.86
26.04.2004,755.41
23.04.2004,759.33
22.04.2004,757.31
21.04.2004,757.21
20.04.2004,760.98
19.04.2004,761.90
16.04.2004,761.01
15.04.2004,760.58
14.04.2004,759.09
13.04.2004,759.87
08.04.2004,757.61
07.04.2004,757.70
06.04.2004,756.06
05.04.2004,752.47
02.04.2004,749.35
01.04.2004,748.79
31.03.2004,744.81
30.03.2004,742.63
29.03.2004,741.90
26.03.2004,746.48
25.03.2004,746.41
24.03.2004,737.14
23.03.2004,735.09
22.03.2004,731.59
19.03.2004,731.69
18.03.2004,728.30
17.03.2004,725.66
16.03.2004,721.99
15.03.2004,725.70
12.03.2004,724.46
11.03.2004,725.23
10.03.2004,727.75
09.03.2004,723.80
08.03.2004,722.70
05.03.2004,723.45
04.03.2004,719.34
03.03.2004,715.88
02.03.2004,715.96
01.03.2004,714.27
27.02.2004,714.40
26.02.2004,713.08
25.02.2004,711.07
24.02.2004,710.27
23.02.2004,710.53
20.02.2004,709.69
19.02.2004,709.35
18.02.2004,709.08
17.02.2004,707.81
16.02.2004,707.52
13.02.2004,707.12
12.02.2004,706.40
11.02.2004,705.74
10.02.2004,705.94
09.02.2004,706.35
06.02.2004,703.12
05.02.2004,704.53
04.02.2004,704.85
03.02.2004,704.16
02.02.2004,701.97
30.01.2004,704.67
29.01.2004,707.04
28.01.2004,706.17
27.01.2004,705.31
26.01.2004,706.95
23.01.2004,704.25
22.01.2004,703.97
21.01.2004,703.98
20.01.2004,702.86
19.01.2004,700.41
16.01.2004,702.39
15.01.2004,700.92
14.01.2004,696.85
13.01.2004,695.58
12.01.2004,691.95
09.01.2004,690.25
08.01.2004,690.11
07.01.2004,688.24
06.01.2004,688.70
05.01.2004,689.19
30.12.2003,683.58
29.12.2003,683.73
23.12.2003,680.97
22.12.2003,681.89
19.12.2003,683.22
18.12.2003,685.69
17.12.2003,688.32
16.12.2003,686.29
15.12.2003,693.06
12.12.2003,690.15
11.12.2003,691.68
10.12.2003,690.97
09.12.2003,691.28
08.12.2003,688.61
05.12.2003,688.97
04.12.2003,685.05
03.12.2003,688.65
02.12.2003,693.11
01.12.2003,689.91
28.11.2003,683.36
27.11.2003,681.46
26.11.2003,683.50
25.11.2003,680.91
24.11.2003,678.29
21.11.2003,677.14
20.11.2003,672.27
19.11.2003,671.81
18.11.2003,672.56
17.11.2003,672.80
14.11.2003,674.87
13.11.2003,671.49
12.11.2003,667.51
11.11.2003,667.54
10.11.2003,667.65
07.11.2003,669.37
06.11.2003,663.19
05.11.2003,659.81
04.11.2003,662.64
03.11.2003,660.10
31.10.2003,659.62
30.10.2003,660.02
29.10.2003,663.90
28.10.2003,662.84
27.10.2003,664.37
24.10.2003,666.28
23.10.2003,663.39
22.10.2003,665.12
21.10.2003,664.89
20.10.2003,665.41
17.10.2003,664.69
16.10.2003,665.29
15.10.2003,664.40
14.10.2003,664.62
13.10.2003,665.05
10.10.2003,667.14
09.10.2003,666.32
08.10.2003,664.41
07.10.2003,663.52
06.10.2003,664.93
03.10.2003,661.20
02.10.2003,661.33
01.10.2003,660.52
30.09.2003,658.68
29.09.2003,659.48
26.09.2003,659.50
25.09.2003,661.31
24.09.2003,664.06
23.09.2003,662.71
22.09.2003,662.98
19.09.2003,660.64
18.09.2003,661.34
17.09.2003,660.63
16.09.2003,660.05
15.09.2003,659.89
12.09.2003,658.86
11.09.2003,660.20
10.09.2003,658.35
09.09.2003,658.72
08.09.2003,657.67
05.09.2003,656.88
04.09.2003,654.31
03.09.2003,656.34
02.09.2003,654.37
01.09.2003,653.20
29.08.2003,653.14
28.08.2003,650.62
27.08.2003,645.68
26.08.2003,645.80
25.08.2003,647.96
22.08.2003,648.03
21.08.2003,646.20
20.08.2003,645.81
19.08.2003,643.07
18.08.2003,644.27
15.08.2003,645.25
14.08.2003,643.58
13.08.2003,644.53
12.08.2003,644.28
11.08.2003,643.69
08.08.2003,646.76
07.08.2003,643.15
06.08.2003,644.71
05.08.2003,646.13
04.08.2003,644.68
01.08.2003,644.23
31.07.2003,639.08
30.07.2003,645.24
29.07.2003,645.33
28.07.2003,648.39
25.07.2003,645.06
24.07.2003,644.71
23.07.2003,640.73
22.07.2003,642.00
21.07.2003,646.03
18.07.2003,645.00
17.07.2003,651.78
16.07.2003,645.78
15.07.2003,644.74
14.07.2003,642.08
11.07.2003,644.21
10.07.2003,642.79
09.07.2003,643.77
08.07.2003,642.78
07.07.2003,641.42
04.07.2003,640.76
03.07.2003,641.81
02.07.2003,642.41
01.07.2003,641.44
30.06.2003,642.08
27.06.2003,641.21
26.06.2003,638.64
25.06.2003,640.49
24.06.2003,639.01
23.06.2003,639.97
20.06.2003,638.92
19.06.2003,639.40
18.06.2003,643.61
17.06.2003,644.07
16.06.2003,644.00
13.06.2003,641.01
12.06.2003,639.06
11.06.2003,638.16
10.06.2003,636.45
06.06.2003,634.99
05.06.2003,638.31
04.06.2003,635.88
03.06.2003,636.43
02.06.2003,631.73
30.05.2003,631.19
28.05.2003,635.21
27.05.2003,634.80
26.05.2003,631.98
23.05.2003,633.30
22.05.2003,631.39
21.05.2003,632.16
20.05.2003,629.96
19.05.2003,634.11
16.05.2003,630.24
15.05.2003,630.67
14.05.2003,629.66
13.05.2003,627.92
12.05.2003,627.03
09.05.2003,628.96
08.05.2003,623.88
07.05.2003,629.23
06.05.2003,621.75
05.05.2003,624.29
02.05.2003,623.58
30.04.2003,628.42
29.04.2003,626.45
28.04.2003,617.99
25.04.2003,625.03
24.04.2003,622.97
23.04.2003,623.33
22.04.2003,621.97
17.04.2003,620.68
16.04.2003,617.52
15.04.2003,617.65
14.04.2003,618.82
11.04.2003,617.96
10.04.2003,613.66
09.04.2003,616.92
08.04.2003,614.19
07.04.2003,615.47
04.04.2003,619.70
03.04.2003,614.44
02.04.2003,617.32
01.04.2003,613.08
31.03.2003,610.90
28.03.2003,601.59
27.03.2003,600.16
26.03.2003,599.24
25.03.2003,597.74
24.03.2003,596.37
21.03.2003,599.25
20.03.2003,597.98
19.03.2003,593.37
18.03.2003,596.16
17.03.2003,593.33
14.03.2003,591.22
13.03.2003,589.38
12.03.2003,588.34
11.03.2003,590.09
10.03.2003,590.58
07.03.2003,595.50
06.03.2003,596.06
05.03.2003,595.81
04.03.2003,595.95
03.03.2003,593.99
28.02.2003,594.32
27.02.2003,589.95
26.02.2003,592.35
25.02.2003,595.61
24.02.2003,601.45
21.02.2003,599.57
20.02.2003,598.61
19.02.2003,598.42
18.02.2003,599.65
17.02.2003,604.21
14.02.2003,603.05
13.02.2003,604.19
12.02.2003,606.68
11.02.2003,609.28
10.02.2003,608.32
07.02.2003,608.54
06.02.2003,608.33
05.02.2003,610.16
04.02.2003,610.81
03.02.2003,607.31
31.01.2003,603.19
30.01.2003,610.93
29.01.2003,609.02
28.01.2003,611.38
27.01.2003,611.41
24.01.2003,612.76
23.01.2003,612.80
22.01.2003,615.13
21.01.2003,613.85
20.01.2003,614.40
17.01.2003,613.83
16.01.2003,614.98
15.01.2003,615.58
14.01.2003,613.71
13.01.2003,614.02
10.01.2003,615.60
09.01.2003,612.73
08.01.2003,615.11
07.01.2003,612.77
06.01.2003,613.80
03.01.2003,613.79
30.12.2002,618.94
27.12.2002,614.63
23.12.2002,610.93
20.12.2002,611.71
19.12.2002,611.42
18.12.2002,608.19
17.12.2002,608.96
16.12.2002,610.90
13.12.2002,608.59
12.12.2002,610.17
11.12.2002,608.05
10.12.2002,605.58
09.12.2002,603.35
06.12.2002,605.02
05.12.2002,605.60
04.12.2002,605.91
03.12.2002,605.58
02.12.2002,609.32
29.11.2002,617.27
28.11.2002,611.53
27.11.2002,609.57
26.11.2002,607.33
25.11.2002,604.30
22.11.2002,607.33
21.11.2002,609.01
20.11.2002,610.66
19.11.2002,611.06
18.11.2002,611.40
15.11.2002,610.26
14.11.2002,608.00
13.11.2002,607.77
12.11.2002,609.13
11.11.2002,607.95
08.11.2002,608.13
07.11.2002,610.27
06.11.2002,611.40
05.11.2002,609.43
04.11.2002,609.93
01.11.2002,609.86
31.10.2002,613.07
30.10.2002,613.67
29.10.2002,612.22
28.10.2002,611.27
25.10.2002,610.08
24.10.2002,608.66
23.10.2002,609.19
22.10.2002,605.95
21.10.2002,609.48
18.10.2002,612.46
17.10.2002,610.08
16.10.2002,607.82
15.10.2002,610.88
14.10.2002,607.07
11.10.2002,606.87
10.10.2002,606.80
09.10.2002,607.36
08.10.2002,610.94
07.10.2002,610.66
04.10.2002,613.54
03.10.2002,613.96
02.10.2002,618.89
01.10.2002,620.63
30.09.2002,622.09
27.09.2002,621.99
26.09.2002,625.31
25.09.2002,624.37
24.09.2002,623.29
23.09.2002,624.88
20.09.2002,633.75
19.09.2002,632.65
18.09.2002,630.91
17.09.2002,637.62
16.09.2002,640.91
13.09.2002,644.11
12.09.2002,645.32
11.09.2002,645.66
10.09.2002,647.43
09.09.2002,648.85
06.09.2002,654.03
05.09.2002,656.02
04.09.2002,655.05
03.09.2002,655.10
02.09.2002,660.58
30.08.2002,666.68
29.08.2002,664.02
28.08.2002,664.47
27.08.2002,668.76
26.08.2002,671.10
23.08.2002,665.18
22.08.2002,663.16
21.08.2002,662.29
20.08.2002,660.71
19.08.2002,662.60
16.08.2002,664.18
15.08.2002,663.19
14.08.2002,661.39
13.08.2002,659.44
12.08.2002,659.13
09.08.2002,663.48
08.08.2002,662.22
07.08.2002,658.87
06.08.2002,657.84
05.08.2002,661.47
02.08.2002,662.39
01.08.2002,663.46
31.07.2002,665.39
30.07.2002,666.68
29.07.2002,666.84
26.07.2002,662.84
25.07.2002,667.72
24.07.2002,661.20
23.07.2002,662.72
22.07.2002,665.63
19.07.2002,669.87
18.07.2002,672.22
17.07.2002,671.24
16.07.2002,674.12
15.07.2002,675.07
12.07.2002,679.55
11.07.2002,675.29
10.07.2002,676.34
09.07.2002,676.85
08.07.2002,678.55
05.07.2002,677.10
04.07.2002,676.71
03.07.2002,676.40
02.07.2002,675.49
01.07.2002,676.49
28.06.2002,679.47
27.06.2002,677.93
26.06.2002,677.01
25.06.2002,685.32
24.06.2002,681.93
21.06.2002,683.80
20.06.2002,684.30
19.06.2002,688.57
18.06.2002,683.41
17.06.2002,687.11
14.06.2002,683.34
13.06.2002,683.67
12.06.2002,684.08
11.06.2002,685.35
10.06.2002,681.81
07.06.2002,682.41
06.06.2002,682.50
05.06.2002,681.30
04.06.2002,680.10
03.06.2002,679.68
31.05.2002,685.72
30.05.2002,679.92
29.05.2002,679.67
28.05.2002,678.50
27.05.2002,679.84
24.05.2002,674.35
23.05.2002,673.96
22.05.2002,672.25
21.05.2002,670.90
20.05.2002,667.29
17.05.2002,668.09
16.05.2002,669.24
15.05.2002,667.93
14.05.2002,667.71
13.05.2002,668.85
10.05.2002,667.17
09.05.2002,667.32
08.05.2002,670.17
07.05.2002,671.83
06.05.2002,673.26
03.05.2002,669.96
02.05.2002,672.63
30.04.2002,674.81
29.04.2002,671.92
26.04.2002,671.75
25.04.2002,671.00
24.04.2002,671.27
23.04.2002,671.27
22.04.2002,671.97
19.04.2002,671.68
18.04.2002,672.77
17.04.2002,674.66
16.04.2002,673.27
15.04.2002,674.93
12.04.2002,673.85
11.04.2002,675.52
10.04.2002,675.68
09.04.2002,677.34
08.04.2002,674.97
05.04.2002,674.28
04.04.2002,673.74
03.04.2002,673.06
02.04.2002,673.47
28.03.2002,673.84
27.03.2002,672.80
26.03.2002,671.62
25.03.2002,667.16
22.03.2002,664.52
21.03.2002,659.48
20.03.2002,656.68
19.03.2002,653.59
18.03.2002,648.39
15.03.2002,648.39
14.03.2002,648.93
13.03.2002,651.16
12.03.2002,650.06
11.03.2002,649.26
08.03.2002,649.75
07.03.2002,650.13
06.03.2002,650.38
05.03.2002,649.63
04.03.2002,648.98
01.03.2002,651.68
28.02.2002,647.29
27.02.2002,647.20
26.02.2002,648.21
25.02.2002,646.01
22.02.2002,646.74
21.02.2002,647.58
20.02.2002,645.59
19.02.2002,647.77
18.02.2002,648.63
15.02.2002,649.21
14.02.2002,647.92
13.02.2002,648.24
12.02.2002,647.54
11.02.2002,648.64
08.02.2002,651.08
07.02.2002,654.17
06.02.2002,653.30
05.02.2002,650.93
04.02.2002,652.61
01.02.2002,650.35
31.01.2002,652.88
30.01.2002,651.30
29.01.2002,654.06
28.01.2002,656.14
25.01.2002,656.22
24.01.2002,654.60
23.01.2002,652.76
22.01.2002,653.28
21.01.2002,654.37
18.01.2002,653.43
17.01.2002,654.87
16.01.2002,655.54
15.01.2002,656.31
14.01.2002,659.02
11.01.2002,660.02
10.01.2002,659.07
09.01.2002,656.53
08.01.2002,661.87
07.01.2002,655.57
04.01.2002,655.09
03.01.2002,661.15
02.01.2002,642.66
28.12.2001,657.04
27.12.2001,649.49
21.12.2001,648.18
20.12.2001,644.42
19.12.2001,643.77
18.12.2001,648.18
17.12.2001,648.38
14.12.2001,652.02
13.12.2001,652.26
12.12.2001,655.54
11.12.2001,655.35
10.12.2001,653.42
07.12.2001,650.57
06.12.2001,648.90
05.12.2001,647.08
04.12.2001,652.13
03.12.2001,650.49
30.11.2001,655.18
29.11.2001,655.83
28.11.2001,658.88
27.11.2001,663.72
26.11.2001,662.28
23.11.2001,666.36
22.11.2001,667.32
21.11.2001,664.50
20.11.2001,661.75
19.11.2001,661.28
16.11.2001,662.12
15.11.2001,659.21
14.11.2001,653.20
13.11.2001,657.50
12.11.2001,656.36
09.11.2001,658.49
08.11.2001,656.62
07.11.2001,659.01
06.11.2001,659.42
05.11.2001,664.17
02.11.2001,662.82
01.11.2001,663.93
31.10.2001,665.33
30.10.2001,661.60
29.10.2001,660.03
26.10.2001,665.58
25.10.2001,663.69
24.10.2001,669.10
23.10.2001,669.27
22.10.2001,671.25
19.10.2001,651.83
18.10.2001,654.90
17.10.2001,653.50
16.10.2001,655.87
15.10.2001,654.00
12.10.2001,654.19
11.10.2001,655.71
10.10.2001,654.66
09.10.2001,653.61
08.10.2001,654.68
05.10.2001,654.12
04.10.2001,661.61
03.10.2001,651.82
02.10.2001,660.08
01.10.2001,660.86
28.09.2001,678.36
27.09.2001,664.84
26.09.2001,665.44
25.09.2001,653.45
24.09.2001,652.58
21.09.2001,659.31
20.09.2001,660.15
19.09.2001,675.03
18.09.2001,678.23
17.09.2001,683.97
14.09.2001,680.01
13.09.2001,688.14
12.09.2001,696.95
11.09.2001,700.98
10.09.2001,693.80
07.09.2001,699.57
06.09.2001,702.37
05.09.2001,704.64
04.09.2001,704.36
03.09.2001,700.86
31.08.2001,699.61
30.08.2001,708.75
29.08.2001,705.54
28.08.2001,704.21
27.08.2001,707.15
24.08.2001,708.82
23.08.2001,708.66
22.08.2001,707.07
21.08.2001,702.63
20.08.2001,704.12
17.08.2001,702.17
16.08.2001,703.32
15.08.2001,701.46
14.08.2001,700.62
13.08.2001,701.32
10.08.2001,702.26
09.08.2001,703.79
08.08.2001,700.71
07.08.2001,706.16
06.08.2001,701.49
03.08.2001,703.53
02.08.2001,698.45
01.08.2001,699.93
31.07.2001,696.60
30.07.2001,692.82
27.07.2001,695.70
26.07.2001,699.82
25.07.2001,696.97
24.07.2001,701.59
23.07.2001,702.68
20.07.2001,700.38
19.07.2001,702.00
18.07.2001,701.35
17.07.2001,701.52
16.07.2001,698.03
13.07.2001,698.45
12.07.2001,700.30
11.07.2001,697.59
10.07.2001,698.43
09.07.2001,694.96
06.07.2001,693.97
05.07.2001,698.22
04.07.2001,696.50
03.07.2001,698.15
02.07.2001,698.81
29.06.2001,702.95
28.06.2001,698.45
27.06.2001,690.74
26.06.2001,695.41
25.06.2001,698.37
22.06.2001,704.55
21.06.2001,706.96
20.06.2001,707.32
19.06.2001,710.32
18.06.2001,713.49
15.06.2001,711.94
14.06.2001,714.38
13.06.2001,715.37
12.06.2001,716.82
11.06.2001,714.64
08.06.2001,715.10
07.06.2001,718.75
06.06.2001,717.12
05.06.2001,713.40
01.06.2001,713.10
31.05.2001,712.42
30.05.2001,714.26
29.05.2001,703.85
28.05.2001,705.05
25.05.2001,714.98
23.05.2001,714.86
22.05.2001,710.59
21.05.2001,710.80
18.05.2001,706.00
17.05.2001,708.90
16.05.2001,706.08
15.05.2001,712.37
14.05.2001,707.64
11.05.2001,712.28
10.05.2001,708.70
09.05.2001,713.02
08.05.2001,714.32
07.05.2001,704.59
04.05.2001,707.82
03.05.2001,707.50
02.05.2001,710.51
30.04.2001,713.60
27.04.2001,713.65
26.04.2001,709.21
25.04.2001,713.84
24.04.2001,716.07
23.04.2001,718.06
20.04.2001,715.58
19.04.2001,714.45
18.04.2001,715.35
17.04.2001,716.50
12.04.2001,708.48
11.04.2001,711.66
10.04.2001,712.63
09.04.2001,714.68
06.04.2001,713.79
05.04.2001,710.40
04.04.2001,707.57
03.04.2001,702.08
02.04.2001,701.83
30.03.2001,705.44
29.03.2001,704.29
28.03.2001,710.73
27.03.2001,710.24
26.03.2001,707.47
23.03.2001,706.02
22.03.2001,705.81
21.03.2001,711.64
20.03.2001,712.06
19.03.2001,717.37
16.03.2001,714.89
15.03.2001,711.44
14.03.2001,709.83
13.03.2001,717.14
12.03.2001,715.93
09.03.2001,717.73
08.03.2001,717.07
07.03.2001,717.03
06.03.2001,716.98
05.03.2001,715.29
02.03.2001,714.86
01.03.2001,716.72
28.02.2001,716.69
27.02.2001,715.14
26.02.2001,717.33
23.02.2001,716.94
22.02.2001,718.91
21.02.2001,717.89
20.02.2001,714.85
19.02.2001,710.00
16.02.2001,712.49
15.02.2001,716.17
14.02.2001,713.22
13.02.2001,714.56
12.02.2001,713.76
09.02.2001,714.63
08.02.2001,715.64
07.02.2001,715.99
06.02.2001,717.16
05.02.2001,718.96
02.02.2001,719.12
01.02.2001,719.16
31.01.2001,716.53
30.01.2001,714.16
29.01.2001,715.35
26.01.2001,716.42
25.01.2001,718.74
24.01.2001,719.86
23.01.2001,718.43
22.01.2001,719.04
19.01.2001,722.93
18.01.2001,719.02
17.01.2001,718.54
16.01.2001,713.68
15.01.2001,716.01
12.01.2001,714.40
11.01.2001,715.18
10.01.2001,709.89
09.01.2001,712.15
08.01.2001,717.41
05.01.2001,708.80
04.01.2001,716.28
03.01.2001,719.83
29.12.2000,726.06
28.12.2000,717.83
27.12.2000,713.28
22.12.2000,717.66
21.12.2000,712.76
20.12.2000,720.23
19.12.2000,718.32
18.12.2000,722.65
15.12.2000,726.51
14.12.2000,724.12
13.12.2000,725.09
12.12.2000,727.60
11.12.2000,730.78
08.12.2000,727.67
07.12.2000,728.58
06.12.2000,729.65
05.12.2000,729.89
04.12.2000,729.33
01.12.2000,731.19
30.11.2000,729.25
29.11.2000,727.99
28.11.2000,727.56
27.11.2000,740.94
24.11.2000,741.47
23.11.2000,730.99
22.11.2000,731.10
21.11.2000,736.05
20.11.2000,736.29
17.11.2000,737.36
16.11.2000,739.27
15.11.2000,741.10
14.11.2000,747.65
13.11.2000,746.68
10.11.2000,751.69
09.11.2000,751.71
08.11.2000,749.96
07.11.2000,749.64
06.11.2000,751.30
03.11.2000,762.78
02.11.2000,772.33
01.11.2000,774.76
31.10.2000,772.20
30.10.2000,765.80
27.10.2000,764.56
26.10.2000,767.14
25.10.2000,769.85
24.10.2000,760.97
23.10.2000,757.99
20.10.2000,756.51
19.10.2000,760.00
18.10.2000,754.91
17.10.2000,757.72
16.10.2000,755.38
13.10.2000,756.65
12.10.2000,760.11
11.10.2000,762.45
10.10.2000,759.52
09.10.2000,758.55
06.10.2000,764.44
05.10.2000,764.45
04.10.2000,763.52
03.10.2000,767.96
02.10.2000,773.92
29.09.2000,767.12
28.09.2000,754.92
27.09.2000,758.55
26.09.2000,761.15
25.09.2000,760.14
22.09.2000,763.31
21.09.2000,765.05
20.09.2000,767.62
19.09.2000,773.63
18.09.2000,774.08
15.09.2000,770.64
14.09.2000,763.91
13.09.2000,765.16
12.09.2000,766.30
11.09.2000,768.89
08.09.2000,772.25
07.09.2000,772.24
06.09.2000,766.90
05.09.2000,765.94
04.09.2000,766.03
01.09.2000,773.65
31.08.2000,770.99
30.08.2000,772.62
29.08.2000,766.93
28.08.2000,769.40
25.08.2000,765.44
24.08.2000,772.67
23.08.2000,768.95
22.08.2000,773.78
21.08.2000,774.08
18.08.2000,770.34
17.08.2000,767.93
16.08.2000,766.89
15.08.2000,768.27
14.08.2000,769.35
11.08.2000,769.84
10.08.2000,768.58
09.08.2000,769.37
08.08.2000,768.26
07.08.2000,767.50
04.08.2000,769.56
03.08.2000,771.84
02.08.2000,771.81
31.07.2000,769.46
28.07.2000,773.14
27.07.2000,765.84
26.07.2000,769.45
25.07.2000,771.47
24.07.2000,770.20
21.07.2000,769.33
20.07.2000,771.05
19.07.2000,772.42
18.07.2000,770.02
17.07.2000,774.38
14.07.2000,778.72
13.07.2000,777.38
12.07.2000,779.48
11.07.2000,775.68
10.07.2000,771.26
07.07.2000,773.25
06.07.2000,775.77
05.07.2000,774.83
04.07.2000,775.17
03.07.2000,774.25
30.06.2000,779.55
29.06.2000,776.73
28.06.2000,773.86
27.06.2000,774.73
26.06.2000,775.60
23.06.2000,772.27
22.06.2000,771.27
21.06.2000,771.49
20.06.2000,772.25
19.06.2000,772.52
16.06.2000,777.38
15.06.2000,773.59
14.06.2000,768.57
13.06.2000,768.66
09.06.2000,768.97
08.06.2000,773.64
07.06.2000,774.91
06.06.2000,774.29
05.06.2000,778.91
02.06.2000,777.06
31.05.2000,777.52
30.05.2000,777.23
29.05.2000,781.11
26.05.2000,778.02
25.05.2000,774.86
24.05.2000,778.99
23.05.2000,781.77
22.05.2000,783.10
19.05.2000,784.76
18.05.2000,794.22
17.05.2000,790.31
16.05.2000,788.28
15.05.2000,789.84
12.05.2000,791.06
11.05.2000,791.34
10.05.2000,785.11
09.05.2000,785.69
08.05.2000,788.81
05.05.2000,787.38
04.05.2000,790.73
03.05.2000,788.68
02.05.2000,792.34
28.04.2000,796.57
27.04.2000,785.28
26.04.2000,789.12
25.04.2000,788.59
20.04.2000,789.92
19.04.2000,789.47
18.04.2000,791.44
17.04.2000,786.97
14.04.2000,795.38
13.04.2000,793.52
12.04.2000,798.11
11.04.2000,794.30
10.04.2000,795.02
07.04.2000,796.68
06.04.2000,794.22
05.04.2000,795.73
04.04.2000,802.77
03.04.2000,803.62
31.03.2000,808.08
30.03.2000,810.02
29.03.2000,808.77
28.03.2000,821.01
27.03.2000,820.68
24.03.2000,819.28
23.03.2000,816.32
22.03.2000,815.34
21.03.2000,811.34
20.03.2000,816.37
17.03.2000,817.10
16.03.2000,824.70
15.03.2000,821.59
14.03.2000,827.30
13.03.2000,813.99
10.03.2000,811.74
09.03.2000,805.34
08.03.2000,801.70
07.03.2000,804.30
06.03.2000,804.27
03.03.2000,803.65
02.03.2000,798.35
01.03.2000,783.85
29.02.2000,772.41
28.02.2000,766.19
25.02.2000,767.51
24.02.2000,763.40
23.02.2000,769.91
22.02.2000,773.16
21.02.2000,787.13
18.02.2000,793.59
17.02.2000,788.24
16.02.2000,786.32
15.02.2000,784.20
14.02.2000,793.39
11.02.2000,801.33
10.02.2000,787.18
09.02.2000,791.29
08.02.2000,789.52
07.02.2000,792.48
04.02.2000,789.00
03.02.2000,764.61
02.02.2000,751.83
01.02.2000,744.85
31.01.2000,745.00
28.01.2000,753.13
27.01.2000,745.90
26.01.2000,754.61
25.01.2000,749.99
24.01.2000,760.29
21.01.2000,758.53
20.01.2000,748.19
19.01.2000,753.91
18.01.2000,753.04
17.01.2000,760.60
14.01.2000,728.57
13.01.2000,711.71
12.01.2000,706.25
11.01.2000,707.03
10.01.2000,710.09
07.01.2000,707.97
06.01.2000,706.11
05.01.2000,707.03
04.01.2000,710.53
30.12.1999,728.67
29.12.1999,
28.12.1999,
27.12.1999,
23.12.1999,
22.12.1999,
21.12.1999,
20.12.1999,
17.12.1999,
16.12.1999,
15.12.1999,
14.12.1999,
13.12.1999,
10.12.1999,
09.12.1999,
08.12.1999,
07.12.1999,
06.12.1999,
03.12.1999,
02.12.1999,
01.12.1999,
30.11.1999,
29.11.1999,
26.11.1999,
25.11.1999,
24.11.1999,
23.11.1999,
22.11.1999,
19.11.1999,
18.11.1999,
17.11.1999,
16.11.1999,
15.11.1999,
11.11.1999,
10.11.1999,
09.11.1999,
08.11.1999,
05.11.1999,
04.11.1999,
03.11.1999,
02.11.1999,
01.11.1999,
29.10.1999,
28.10.1999,
27.10.1999,
26.10.1999,
25.10.1999,
22.10.1999,
21.10.1999,
20.10.1999,
19.10.1999,
18.10.1999,
15.10.1999,
14.10.1999,
13.10.1999,
12.10.1999,
11.10.1999,
08.10.1999,
07.10.1999,
06.10.1999,
05.10.1999,
04.10.1999,
01.10.1999,
30.09.1999,
29.09.1999,
28.09.1999,
27.09.1999,
24.09.1999,
23.09.1999,
22.09.1999,
21.09.1999,
20.09.1999,
17.09.1999,
16.09.1999,
15.09.1999,
14.09.1999,
13.09.1999,
10.09.1999,
09.09.1999,
08.09.1999,
07.09.1999,
06.09.1999,
03.09.1999,
02.09.1999,
01.09.1999,
31.08.1999,
30.08.1999,
27.08.1999,
26.08.1999,
25.08.1999,
24.08.1999,
23.08.1999,
20.08.1999,
19.08.1999,
18.08.1999,
17.08.1999,
16.08.1999,
13.08.1999,
12.08.1999,
11.08.1999,
10.08.1999,
09.08.1999,
06.08.1999,
05.08.1999,
04.08.1999,
03.08.1999,
02.08.1999,
30.07.1999,
29.07.1999,
28.07.1999,
27.07.1999,
26.07.1999,
23.07.1999,
22.07.1999,
21.07.1999,
20.07.1999,
19.07.1999,
16.07.1999,
15.07.1999,
14.07.1999,
13.07.1999,
12.07.1999,
09.07.1999,
08.07.1999,
07.07.1999,
06.07.1999,
05.07.1999,
02.07.1999,
01.07.1999,
30.06.1999,
29.06.1999,
28.06.1999,
25.06.1999,
24.06.1999,
23.06.1999,
22.06.1999,
21.06.1999,
18.06.1999,
17.06.1999,
16.06.1999,
15.06.1999,
14.06.1999,
11.06.1999,
10.06.1999,
09.06.1999,
08.06.1999,
07.06.1999,
04.06.1999,
03.06.1999,
02.06.1999,
01.06.1999,
31.05.1999,
28.05.1999,
27.05.1999,
26.05.1999,
25.05.1999,
21.05.1999,
20.05.1999,
19.05.1999,
18.05.1999,
17.05.1999,
14.05.1999,
12.05.1999,
11.05.1999,
10.05.1999,
07.05.1999,
06.05.1999,
05.05.1999,
04.05.1999,
03.05.1999,
30.04.1999,
29.04.1999,
28.04.1999,
27.04.1999,
26.04.1999,
23.04.1999,
22.04.1999,
21.04.1999,
20.04.1999,
19.04.1999,
16.04.1999,
15.04.1999,
14.04.1999,
13.04.1999,
12.04.1999,
09.04.1999,
08.04.1999,
07.04.1999,
06.04.1999,
01.04.1999,
31.03.1999,
30.03.1999,
29.03.1999,
26.03.1999,
25.03.1999,
24.03.1999,
23.03.1999,
22.03.1999,
19.03.1999,
18.03.1999,
17.03.1999,
16.03.1999,
15.03.1999,
12.03.1999,
11.03.1999,
10.03.1999,
09.03.1999,
08.03.1999,
05.03.1999,
04.03.1999,
03.03.1999,
02.03.1999,
01.03.1999,
26.02.1999,
25.02.1999,
24.02.1999,
23.02.1999,
22.02.1999,
19.02.1999,
18.02.1999,
17.02.1999,
16.02.1999,
15.02.1999,
12.02.1999,
11.02.1999,
10.02.1999,
09.02.1999,
08.02.1999,
05.02.1999,
04.02.1999,
03.02.1999,
02.02.1999,
01.02.1999,
29.01.1999,
28.01.1999,
27.01.1999,
26.01.1999,
25.01.1999,
22.01.1999,
21.01.1999,
20.01.1999,
19.01.1999,
18.01.1999,
15.01.1999,
14.01.1999,
13.01.1999,
12.01.1999,
11.01.1999,
08.01.1999,
07.01.1999,
06.01.1999,
05.01.1999,
04.01.1999,
30.12.1998,
29.12.1998,
28.12.1998,
23.12.1998,
22.12.1998,
21.12.1998,
18.12.1998,
17.12.1998,
16.12.1998,
15.12.1998,
14.12.1998,
11.12.1998,
10.12.1998,
09.12.1998,
08.12.1998,
07.12.1998,
04.12.1998,
03.12.1998,
02.12.1998,
01.12.1998,
30.11.1998,
27.11.1998,
26.11.1998,
25.11.1998,
24.11.1998,
23.11.1998,
20.11.1998,
19.11.1998,
18.11.1998,
17.11.1998,
16.11.1998,
13.11.1998,
12.11.1998,
11.11.1998,
10.11.1998,
09.11.1998,
06.11.1998,
05.11.1998,
04.11.1998,
03.11.1998,
02.11.1998,
30.10.1998,
29.10.1998,
28.10.1998,
27.10.1998,
26.10.1998,
23.10.1998,
22.10.1998,
21.10.1998,
20.10.1998,
19.10.1998,
16.10.1998,
15.10.1998,
14.10.1998,
13.10.1998,
12.10.1998,
09.10.1998,
08.10.1998,
07.10.1998,
06.10.1998,
05.10.1998,
02.10.1998,
01.10.1998,
30.09.1998,
29.09.1998,
28.09.1998,
25.09.1998,
24.09.1998,
23.09.1998,
22.09.1998,
21.09.1998,
18.09.1998,
17.09.1998,
16.09.1998,
15.09.1998,
14.09.1998,
11.09.1998,
10.09.1998,
09.09.1998,
08.09.1998,
07.09.1998,
04.09.1998,
03.09.1998,
02.09.1998,
01.09.1998,
31.08.1998,
28.08.1998,
27.08.1998,
26.08.1998,
25.08.1998,
24.08.1998,
21.08.1998,
20.08.1998,
19.08.1998,
18.08.1998,
17.08.1998,
14.08.1998,
13.08.1998,
12.08.1998,
11.08.1998,
10.08.1998,
07.08.1998,
06.08.1998,
05.08.1998,
04.08.1998,
03.08.1998,
31.07.1998,
30.07.1998,
29.07.1998,
28.07.1998,
27.07.1998,
24.07.1998,
23.07.1998,
22.07.1998,
21.07.1998,
20.07.1998,
17.07.1998,
16.07.1998,
15.07.1998,
14.07.1998,
13.07.1998,
10.07.1998,
09.07.1998,
08.07.1998,
07.07.1998,
06.07.1998,
03.07.1998,
02.07.1998,
01.07.1998,
30.06.1998,
29.06.1998,
26.06.1998,
25.06.1998,
24.06.1998,
23.06.1998,
22.06.1998,
19.06.1998,
18.06.1998,
17.06.1998,
16.06.1998,
15.06.1998,
12.06.1998,
11.06.1998,
10.06.1998,
09.06.1998,
08.06.1998,
05.06.1998,
04.06.1998,
03.06.1998,
02.06.1998,
29.05.1998,
28.05.1998,
27.05.1998,
26.05.1998,
25.05.1998,
22.05.1998,
20.05.1998,
19.05.1998,
18.05.1998,
15.05.1998,
14.05.1998,
13.05.1998,
12.05.1998,
11.05.1998,
08.05.1998,
07.05.1998,
06.05.1998,
05.05.1998,
04.05.1998,
30.04.1998,
29.04.1998,
28.04.1998,
27.04.1998,
24.04.1998,
23.04.1998,
22.04.1998,
21.04.1998,
20.04.1998,
17.04.1998,
16.04.1998,
15.04.1998,
14.04.1998,
09.04.1998,
08.04.1998,
07.04.1998,
06.04.1998,
03.04.1998,
02.04.1998,
01.04.1998,
31.03.1998,
30.03.1998,
27.03.1998,
26.03.1998,
25.03.1998,
24.03.1998,
23.03.1998,
20.03.1998,
19.03.1998,
18.03.1998,
17.03.1998,
16.03.1998,
13.03.1998,
12.03.1998,
11.03.1998,
10.03.1998,
09.03.1998,
06.03.1998,
05.03.1998,
04.03.1998,
03.03.1998,
02.03.1998,
27.02.1998,
26.02.1998,
25.02.1998,
24.02.1998,
23.02.1998,
20.02.1998,
19.02.1998,
18.02.1998,
17.02.1998,
16.02.1998,
13.02.1998,
12.02.1998,
11.02.1998,
10.02.1998,
09.02.1998,
06.02.1998,
05.02.1998,
04.02.1998,
03.02.1998,
02.02.1998,
30.01.1998,
29.01.1998,
28.01.1998,
27.01.1998,
26.01.1998,
23.01.1998,
22.01.1998,
21.01.1998,
20.01.1998,
19.01.1998,
16.01.1998,
15.01.1998,
14.01.1998,
13.01.1998,
12.01.1998,
09.01.1998,
08.01.1998,
07.01.1998,
06.01.1998,
05.01.1998,
31.12.1997,
30.12.1997,
29.12.1997,
24.12.1997,
23.12.1997,
22.12.1997,
19.12.1997,
18.12.1997,
17.12.1997,
16.12.1997,
15.12.1997,
12.12.1997,
11.12.1997,
10.12.1997,
09.12.1997,
08.12.1997,
05.12.1997,
04.12.1997,
03.12.1997,
02.12.1997,
01.12.1997,
28.11.1997,
27.11.1997,
26.11.1997,
25.11.1997,
24.11.1997,
21.11.1997,
20.11.1997,
19.11.1997,
18.11.1997,
17.11.1997,
14.11.1997,
13.11.1997,
12.11.1997,
11.11.1997,
10.11.1997,
07.11.1997,
06.11.1997,
05.11.1997,
04.11.1997,
03.11.1997,
31.10.1997,
30.10.1997,
29.10.1997,
28.10.1997,
27.10.1997,
24.10.1997,
23.10.1997,
22.10.1997,
21.10.1997,
20.10.1997,
17.10.1997,
16.10.1997,
15.10.1997,
14.10.1997,
13.10.1997,
10.10.1997,
09.10.1997,
08.10.1997,
07.10.1997,
06.10.1997,
03.10.1997,
02.10.1997,
01.10.1997,
30.09.1997,
29.09.1997,
26.09.1997,
25.09.1997,
24.09.1997,
23.09.1997,
22.09.1997,
19.09.1997,
18.09.1997,
17.09.1997,
16.09.1997,
15.09.1997,
12.09.1997,
11.09.1997,
10.09.1997,
09.09.1997,
08.09.1997,
05.09.1997,
04.09.1997,
03.09.1997,
02.09.1997,
01.09.1997,
29.08.1997,
28.08.1997,
27.08.1997,
26.08.1997,
25.08.1997,
22.08.1997,
21.08.1997,
20.08.1997,
19.08.1997,
18.08.1997,
15.08.1997,
14.08.1997,
13.08.1997,
12.08.1997,
11.08.1997,
08.08.1997,
07.08.1997,
06.08.1997,
05.08.1997,
04.08.1997,
31.07.1997,
30.07.1997,
29.07.1997,
28.07.1997,
25.07.1997,
24.07.1997,
23.07.1997,
22.07.1997,
21.07.1997,
18.07.1997,
17.07.1997,
16.07.1997,
15.07.1997,
14.07.1997,
11.07.1997,
10.07.1997,
09.07.1997,
08.07.1997,
07.07.1997,
04.07.1997,
03.07.1997,
02.07.1997,
01.07.1997,
30.06.1997,
27.06.1997,
26.06.1997,
25.06.1997,
24.06.1997,
23.06.1997,
20.06.1997,
19.06.1997,
18.06.1997,
17.06.1997,
16.06.1997,
13.06.1997,
12.06.1997,
11.06.1997,
10.06.1997,
09.06.1997,
06.06.1997,
05.06.1997,
04.06.1997,
03.06.1997,
02.06.1997,
30.05.1997,
29.05.1997,
28.05.1997,
27.05.1997,
26.05.1997,
23.05.1997,
22.05.1997,
21.05.1997,
20.05.1997,
16.05.1997,
15.05.1997,
14.05.1997,
13.05.1997,
12.05.1997,
09.05.1997,
07.05.1997,
06.05.1997,
05.05.1997,
02.05.1997,
30.04.1997,
29.04.1997,
28.04.1997,
25.04.1997,
24.04.1997,
23.04.1997,
22.04.1997,
21.04.1997,
18.04.1997,
17.04.1997,
16.04.1997,
15.04.1997,
14.04.1997,
11.04.1997,
10.04.1997,
09.04.1997,
08.04.1997,
07.04.1997,
04.04.1997,
03.04.1997,
02.04.1997,
01.04.1997,
27.03.1997,
26.03.1997,
25.03.1997,
24.03.1997,
21.03.1997,
20.03.1997,
19.03.1997,
18.03.1997,
17.03.1997,
14.03.1997,
13.03.1997,
12.03.1997,
11.03.1997,
10.03.1997,
07.03.1997,
06.03.1997,
05.03.1997,
04.03.1997,
03.03.1997,
28.02.1997,
27.02.1997,
26.02.1997,
25.02.1997,
24.02.1997,
21.02.1997,
20.02.1997,
19.02.1997,
18.02.1997,
17.02.1997,
14.02.1997,
13.02.1997,
12.02.1997,
11.02.1997,
10.02.1997,
07.02.1997,
06.02.1997,
05.02.1997,
04.02.1997,
03.02.1997,
31.01.1997,
30.01.1997,
29.01.1997,
28.01.1997,
27.01.1997,
24.01.1997,
23.01.1997,
22.01.1997,
20.01.1997,
17.01.1997,
16.01.1997,
15.01.1997,
14.01.1997,
13.01.1997,
10.01.1997,
09.01.1997,
08.01.1997,
07.01.1997,
06.01.1997,
03.01.1997,
31.12.1996,
30.12.1996,
27.12.1996,
24.12.1996,
23.12.1996,
20.12.1996,
19.12.1996,
18.12.1996,
17.12.1996,
16.12.1996,
13.12.1996,
12.12.1996,
11.12.1996,
10.12.1996,
09.12.1996,
06.12.1996,
05.12.1996,
04.12.1996,
03.12.1996,
02.12.1996,
29.11.1996,
28.11.1996,
27.11.1996,
26.11.1996,
25.11.1996,
22.11.1996,
21.11.1996,
20.11.1996,
19.11.1996,
18.11.1996,
15.11.1996,
14.11.1996,
13.11.1996,
12.11.1996,
11.11.1996,
08.11.1996,
07.11.1996,
06.11.1996,
05.11.1996,
04.11.1996,
01.11.1996,
31.10.1996,
30.10.1996,
29.10.1996,
28.10.1996,
25.10.1996,
24.10.1996,
23.10.1996,
22.10.1996,
21.10.1996,
18.10.1996,
16.10.1996,
15.10.1996,
14.10.1996,
11.10.1996,
10.10.1996,
09.10.1996,
08.10.1996,
07.10.1996,
04.10.1996,
03.10.1996,
02.10.1996,
01.10.1996,
30.09.1996,
27.09.1996,
26.09.1996,
25.09.1996,
24.09.1996,
23.09.1996,
20.09.1996,
19.09.1996,
18.09.1996,
17.09.1996,
16.09.1996,
13.09.1996,
12.09.1996,
11.09.1996,
10.09.1996,
09.09.1996,
06.09.1996,
05.09.1996,
04.09.1996,
03.09.1996,
02.09.1996,
30.08.1996,
29.08.1996,
28.08.1996,
27.08.1996,
26.08.1996,
23.08.1996,
22.08.1996,
21.08.1996,
20.08.1996,
19.08.1996,
16.08.1996,
15.08.1996,
14.08.1996,
13.08.1996,
12.08.1996,
09.08.1996,
08.08.1996,
07.08.1996,
06.08.1996,
05.08.1996,
02.08.1996,
31.07.1996,
30.07.1996,
29.07.1996,
26.07.1996,
25.07.1996,
24.07.1996,
23.07.1996,
22.07.1996,
19.07.1996,
18.07.1996,
17.07.1996,
16.07.1996,
15.07.1996,
12.07.1996,
11.07.1996,
10.07.1996,
09.07.1996,
08.07.1996,
05.07.1996,
04.07.1996,
03.07.1996,
02.07.1996,
01.07.1996,
28.06.1996,
27.06.1996,
26.06.1996,
25.06.1996,
24.06.1996,
21.06.1996,
20.06.1996,
19.06.1996,
18.06.1996,
17.06.1996,
14.06.1996,
13.06.1996,
12.06.1996,
11.06.1996,
10.06.1996,
07.06.1996,
06.06.1996,
05.06.1996,
04.06.1996,
03.06.1996,
31.05.1996,
30.05.1996,
29.05.1996,
28.05.1996,
24.05.1996,
23.05.1996,
22.05.1996,
21.05.1996,
20.05.1996,
17.05.1996,
15.05.1996,
14.05.1996,
13.05.1996,
10.05.1996,
09.05.1996,
08.05.1996,
07.05.1996,
06.05.1996,
03.05.1996,
02.05.1996,
30.04.1996,
29.04.1996,
26.04.1996,
25.04.1996,
24.04.1996,
23.04.1996,
22.04.1996,
19.04.1996,
18.04.1996,
17.04.1996,
16.04.1996,
12.04.1996,
11.04.1996,
10.04.1996,
09.04.1996,
08.04.1996,
05.04.1996,
04.04.1996,
03.04.1996,
02.04.1996,
01.04.1996,
29.03.1996,
28.03.1996,
27.03.1996,
26.03.1996,
25.03.1996,
22.03.1996,
21.03.1996,
20.03.1996,
19.03.1996,
18.03.1996,
15.03.1996,
14.03.1996,
13.03.1996,
12.03.1996,
11.03.1996,
08.03.1996,
07.03.1996,
06.03.1996,
05.03.1996,
04.03.1996,
01.03.1996,
29.02.1996,
28.02.1996,
27.02.1996,
26.02.1996,
23.02.1996,
22.02.1996,
21.02.1996,
20.02.1996,
19.02.1996,
16.02.1996,
15.02.1996,
14.02.1996,
13.02.1996,
12.02.1996,
09.02.1996,
08.02.1996,
07.02.1996,
06.02.1996,
05.02.1996,
02.02.1996,
01.02.1996,
31.01.1996,
30.01.1996,
29.01.1996,
26.01.1996,
25.01.1996,
24.01.1996,
23.01.1996,
22.01.1996,
19.01.1996,
18.01.1996,
17.01.1996,
16.01.1996,
15.01.1996,
12.01.1996,
11.01.1996,
10.01.1996,
09.01.1996,
08.01.1996,
05.01.1996,
04.01.1996,
03.01.1996,
28.12.1995,
27.12.1995,
22.12.1995,
21.12.1995,
20.12.1995,
19.12.1995,
18.12.1995,
15.12.1995,
14.12.1995,
13.12.1995,
12.12.1995,
11.12.1995,
08.12.1995,
07.12.1995,
06.12.1995,
05.12.1995,
04.12.1995,
01.12.1995,
30.11.1995,
29.11.1995,
28.11.1995,
27.11.1995,
24.11.1995,
23.11.1995,
22.11.1995,
21.11.1995,
20.11.1995,
17.11.1995,
16.11.1995,
15.11.1995,
14.11.1995,
13.11.1995,
10.11.1995,
09.11.1995,
08.11.1995,
07.11.1995,
06.11.1995,
03.11.1995,
02.11.1995,
01.11.1995,
31.10.1995,
30.10.1995,
27.10.1995,
26.10.1995,
25.10.1995,
24.10.1995,
23.10.1995,
20.10.1995,
19.10.1995,
18.10.1995,
17.10.1995,
16.10.1995,
14.10.1995,
13.10.1995,
12.10.1995,
11.10.1995,
10.10.1995,
09.10.1995,
06.10.1995,
05.10.1995,
04.10.1995,
03.10.1995,
02.10.1995,
29.09.1995,
28.09.1995,
27.09.1995,
26.09.1995,
25.09.1995,
22.09.1995,
21.09.1995,
20.09.1995,
19.09.1995,
18.09.1995,
15.09.1995,
14.09.1995,
13.09.1995,
12.09.1995,
08.09.1995,
07.09.1995,
06.09.1995,
05.09.1995,
04.09.1995,
01.09.1995,
31.08.1995,
30.08.1995,
29.08.1995,
28.08.1995,
25.08.1995,
24.08.1995,
23.08.1995,
22.08.1995,
21.08.1995,
18.08.1995,
17.08.1995,
16.08.1995,
15.08.1995,
14.08.1995,
11.08.1995,
10.08.1995,
09.08.1995,
08.08.1995,
07.08.1995,
04.08.1995,
03.08.1995,
02.08.1995,
31.07.1995,
28.07.1995,
27.07.1995,
26.07.1995,
25.07.1995,
24.07.1995,
21.07.1995,
20.07.1995,
19.07.1995,
18.07.1995,
17.07.1995,
14.07.1995,
13.07.1995,
12.07.1995,
11.07.1995,
10.07.1995,
07.07.1995,
06.07.1995,
05.07.1995,
04.07.1995,
03.07.1995,
30.06.1995,
29.06.1995,
28.06.1995,
27.06.1995,
26.06.1995,
23.06.1995,
22.06.1995,
21.06.1995,
20.06.1995,
19.06.1995,
16.06.1995,
15.06.1995,
14.06.1995,
13.06.1995,
12.06.1995,
09.06.1995,
08.06.1995,
07.06.1995,
06.06.1995,
02.06.1995,
01.06.1995,
31.05.1995,
30.05.1995,
29.05.1995,
26.05.1995,
24.05.1995,
23.05.1995,
22.05.1995,
19.05.1995,
18.05.1995,
17.05.1995,
16.05.1995,
15.05.1995,
12.05.1995,
11.05.1995,
10.05.1995,
09.05.1995,
08.05.1995,
05.05.1995,
04.05.1995,
03.05.1995,
02.05.1995,
28.04.1995,
27.04.1995,
26.04.1995,
25.04.1995,
21.04.1995,
20.04.1995,
19.04.1995,
18.04.1995,
13.04.1995,
12.04.1995,
11.04.1995,
10.04.1995,
07.04.1995,
06.04.1995,
05.04.1995,
04.04.1995,
03.04.1995,
31.03.1995,
30.03.1995,
29.03.1995,
28.03.1995,
27.03.1995,
24.03.1995,
23.03.1995,
22.03.1995,
21.03.1995,
20.03.1995,
17.03.1995,
16.03.1995,
15.03.1995,
14.03.1995,
13.03.1995,
10.03.1995,
09.03.1995,
08.03.1995,
07.03.1995,
06.03.1995,
03.03.1995,
02.03.1995,
01.03.1995,
28.02.1995,
27.02.1995,
24.02.1995,
23.02.1995,
22.02.1995,
21.02.1995,
20.02.1995,
17.02.1995,
16.02.1995,
15.02.1995,
14.02.1995,
13.02.1995,
10.02.1995,
09.02.1995,
08.02.1995,
07.02.1995,
06.02.1995,
03.02.1995,
02.02.1995,
01.02.1995,
31.01.1995,
30.01.1995,
27.01.1995,
26.01.1995,
25.01.1995,
24.01.1995,
23.01.1995,
20.01.1995,
19.01.1995,
18.01.1995,
17.01.1995,
16.01.1995,
13.01.1995,
12.01.1995,
11.01.1995,
10.01.1995,
09.01.1995,
06.01.1995,
05.01.1995,
04.01.1995,
03.01.1995,